buff_id,buff_name,buff_detail,buff_sameadd_max,buff_maxtime,buff_interface_show_flag
10002,Cấm cố,,1,2.5,0
10004,Bị thương,,1,12.0,0
10005,Bất tử,,1,45.0,0
10006,Định Thân,"Bị định thân, không thể di chuyển hoặc sử dụng hầu hết kỹ năng",1,10.0,0
10007,Tăng hồi phục,,1,4.5,0
10008,Nội kình,,1,4.5,0
10009,Cơn giận,,5,6.0,0
10011,Hộ thể,,1,4.5,0
10012,Gây trọng thương,,1,6.0,0
10013,Tăng hồi phục,,1,6.0,0
10014,Giảm tốc,Tốc độ di chuyển giảm 25%,1,4.5,0
10015,Tăng tốc,Tốc độ di chuyển tăng 25%,1,4.5,0
10016,Kiên thủ,Trong thời gian duy trì miễn nhiễm với trọng thương,1,4.5,0
10017,Cảm nhận,,1,7.5,0
10018,Cảm ứng,,1,7.5,0
10019,Định Thân,"Bị định thân, không thể di chuyển hoặc sử dụng hầu hết kỹ năng",1,4.5,0
10020,Huyết Chiến Bất Động,Miễn nhiễm phần lớn trạng thái cứng đờ khi bị đánh,1,6.0,0
10021,Giảm tốc,Tốc độ di chuyển giảm 50%,1,4.5,0
10022,Cấm cố,Không thể di chuyển,1,4.5,0
10024,Hết khí,"Chân khí trống rỗng, sát thương nhận vào tăng lên",1,7.0,0
10026,Suy nhược,"Suy nhược, sát thương Khí Huyết và Chân Khí gây ra giảm 30%",1,5.0,0
10027,Giảm tốc,Tốc độ di chuyển giảm 15%,1,-1.0,0
10028,Giảm tốc,Tốc độ di chuyển giảm 25%,1,-1.0,0
10029,Giảm tốc,Tốc độ di chuyển giảm 50%,1,-1.0,0
10030,Tăng sát thương,Tăng sát thương 10%,1,8.0,0
10031,Tăng sát thương,Sát thương tăng 15%,1,8.0,0
10032,Né tránh,,1,0.3,0
10033,Đóng Băng,"Bị đóng băng, không thể di chuyển hoặc sử dụng hầu hết kỹ năng",1,3.0,0
10034,Đánh ngã,,1,-1.0,0
10035,Phong huyệt,"Bị phong huyệt, không thể phòng ngự, không thể sử dụng kỹ năng phá phòng, kỹ năng phản đòn.",1,5.0,0
10036,Phong Huyệt,,1,5.0,0
10501,Vô địch,,1,-1.0,0
10502,Không thể chọn,,1,-1.0,0
10503,Thoát khóa,,1,-1.0,0
10504,Thoát khóa,,1,-1.0,0
10505,Thoát Khóa,,1,-1.0,0
10506,Thoát khóa,,1,-1.0,0
10511,Bá thể cấp 1,,1,-1.0,0
10512,2 cấp bá thể,,1,-1.0,0
10513,Bá thể cấp 3,,1,-1.0,0
10521,Khóa Khí Huyết,,1,-1.0,0
10522,Miễn tử,,1,-1.0,0
10523,Giảm sát thương 10%,,1,-1.0,0
10524,Giảm thương 30%,,1,-1.0,0
10525,Giảm 50% sát thương,,1,-1.0,0
10526,Giảm thương 70%,,1,-1.0,0
10527,Giảm thương 90%,,1,-1.0,0
10531,Khóa Chân Khí,,1,-1.0,0
10532,Miễn khí kiệt,,1,-1.0,0
10533,Giảm 10% Chân Khí,,1,-1.0,0
10534,Giảm 30% Chân Khí,,1,-1.0,0
10535,Giảm 50% Chân Khí,,1,-1.0,0
10536,Giảm thương 70% Chân Khí,,1,-1.0,0
10537,Giảm thương 90% Chân Khí,,1,-1.0,0
10601,Trì không phòng rơi rớt_Mạnh,,1,-1.0,0
10602,Trì không phòng rơi rớt_Yếu,,1,-1.0,0
10621,Tiền điệu đỏ_Mạnh,,1,-1.0,0
10622,Tiền đề ánh sáng đỏ_yếu,,1,-1.0,0
10624,Chỉ một lần kỹ năng_kèm theo giảm thương,,1,-1.0,0
10625,Chỉ một kỹ năng,,1,-1.0,0
10626,Kim quang tiền diêu_Mạnh,,1,-1.0,0
10627,Kim quang tiền diêu_yếu,,1,-1.0,0
10628,Tiền điệu đỏ_mạnh,,1,-1.0,0
10629,Tiền điệu đỏ_yếu,,1,-1.0,0
20000,Giọt nước không dính,Sạch sẽ,1,10.0,0
20001,Phân trần bám đầy,Hơi bẩn,30,60.0,0
20002,Ô uế phân thân,Rất bẩn,30,600.0,0
20003,Mùi Phân Thối Bay Xa,Rất bẩn!,999,1800.0,0
20004,Cấm cố,Không được nhúc nhích!,1,300.0,0
20005,Thoát chiến,,1,3.0,0
20006,Chấn thương chân,Chân đau!,1,1200.0,0
20007,Thủy Lao,"Hình hình khổ sở, cần được cứu giúp ngay!",1,240.0,0
20008,Ẩn thân,,1,1.0,0
20009,Lực Bạt Sơn,Cảm đáo thể nội khí thể sung doanh！,1,300.0,0
20010,Khí Cái Thế,Khí thể trong cơ thể tràn đầy!,1,0.4,0
20011,Vào chiến,,1,-1.0,0
20012,Liệp Sát,Ngươi đã bị nhắm vào!,1,3.0,0
20013,Săn giết,,1,6.0,0
20014,Săn giết,Ngươi bị nhắm tới rồi!,1,-1.0,0
20015,Vô Địch,,1,-1.0,0
20016,Bình tĩnh,Nội tâm bình tĩnh lại,1,-1.0,0
20017,Khóa 1% Khí Huyết,,1,5.0,0
20018,Mất máu,Khí Huyết dần dần mất đi.,1,8.0,0
20019,Trừ quan ải thủ,,1,8.0,0
20020,Vô địch,,1,-1.0,0
20021,Hot,,5,10000.0,0
20022,Hot,,1,5.0,0
20023,Giả chết,,1,5.0,0
20024,Suối nước nóng tuyết sơn,Rất thoải mái!,1,10000.0,0
20025,Suối nước nóng tuyết sơn,Vô cùng thoải mái!,1,10000.0,0
20026,Độ bền tăng lên,"Sau khi ngâm suối nước nóng, giới hạn thể lực tăng 20 điểm, tiêu hao thể lực giảm 50%, leo núi càng có sức.",1,600.0,0
20027,Ném vào trong bình không chết,,1,5.0,0
20028,Giảm tốc,,1,10.0,0
20029,Tàng hình,,1,-1.0,0
20030,Thoát chiến,,1,-1.0,0
20031,Xung kích,Tốc độ di chuyển tăng lên.,1,4.0,0
20032,Miễn dịch,,1,-1.0,0
20033,Hồi phục,,10,1.0,0
20034,Kéo xe,,1,-1.0,0
20035,Liều mình xả thân,,1,-1.0,0
20036,Trượt chân,,1,3.0,0
20037,Toàn sang dược,Thử xem rồi sẽ chết.,1,3.0,0
30001,Định Thân 1,,1,10.0,0
30002,Định Thân 2,,1,10.0,0
30003,Định Thân 1,,1,4.0,0
30004,Định Thân 2,,1,4.0,0
30005,Miễn khống chế,,1,10.0,0
30006,Miễn tử,,1,-1.0,0
30007,Không thể chọn,,1,-1.0,0
30008,Cấm Cố,,1,5.0,0
30009,Bá thể,Miễn nhiễm hiệu ứng suy yếu khi bị tấn công,1,5.0,0
30010,Hỗn loạn,Điều khiển cần analog bị đảo ngược,1,5.0,0
30011,Miễn Tử,,1,-1.0,0
30012,Bất Khả Động (Bất Hoại Thân),Miễn nhiễm khi bị tấn công bởi đòn yếu,1,5.0,0
30013,Choáng,,1,4.0,0
30014,Trầm mặc 0,Trầm mặc 0,1,5.0,0
30015,Trầm mặc1,Trầm mặc 1,1,5.0,0
30016,Trầm mặc 2,Trầm mặc 2,1,5.0,0
30017,Không thể chọn,,1,5.0,0
30018,Bất Khả Động,Miễn nhiễm khi bị tấn công bởi đòn yếu,1,-1.0,0
30019,Suy nhược,Tăng sát thương gây ra bởi người tung chưởng Chân Khí Đoàn,1,8.0,0
30020,Cảm ứng,,1,7.5,0
30021,Cảm nhận,,1,7.5,0
30022,Cảm Giác,,1,7.5,0
30023,Cảm ứng,,1,7.5,0
30024,Cảm ứng,,1,7.5,0
30025,Cảm ứng,,1,7.5,0
30026,Cảm ứng,,1,7.5,0
30027,Lỗ hổng,"Trạng thái Lộ Tẩy, tăng sát thương Chân Khí nhận phải",1,10.0,0
30028,Khán Phá,"Phòng ngự thành công sẽ tiến vào trạng thái Khán Phá, sát thương gây ra tăng lên.",1,10.0,0
30029,Bất Khả Động (Bất tử/Bất hoại),,1,15.0,0
30101,Định Thân,,1,3.0,0
30102,Cảm Giác,,1,7.5,0
30103,Vô Địch,,1,1.5,0
30201,Liên kích,,1,6.0,0
30202,Liên kích,,1,6.0,0
30203,Giải Võ,,1,300.0,0
30204,Liên Kích,,1,3.0,0
30205,Liên kích,,1,3.0,0
30206,Bị thương,,3,9.5,0
30207,Tăng hiệu lực,,1,15.0,0
30208,Lãnh địa · Bản thân,,1,-1.0,0
30209,Lãnh Địa · Thân Thiện,,1,-1.0,0
30210,Lĩnh vực · Kẻ địch,,1,-1.0,0
30301,Không thể chọn,,1,7.5,0
30302,Tăng sát thương,Tăng sát thương gây ra,1,8.0,0
30303,Khiên chắn,"Tăng cường lá chắn, chống đỡ sát thương",1,15.0,0
30304,Giảm sát thương,Giảm sát thương nhận vào,1,10.0,0
30305,Suy nhược,Giảm sát thương gây ra,1,8.0,0
30306,Khiêu khích,Chịu hiệu ứng khiêu khích,1,15.0,0
30307,Bạo Tẩu,,1,6.0,0
30308,Hoang Hỏa,Chuyển dịch sát thương nhận được,1,6.0,0
30309,Trầm mặc,Cấm sử dụng kỹ năng chủ động,1,3.0,0
30310,Thiết Bố Sam,"Có trạng thái Bá Thể và miễn nhiễm hoàn toàn sát thương của một đòn tấn công, miễn nhiễm với các trạng thái bất lợi tự gây ra",3,15.0,0
30311,Kim Cương Phá,Kim Cương Phá,1,15.0,0
30312,Choáng Váng,"Choáng váng, không thể di chuyển hoặc sử dụng hầu hết kỹ năng",1,3.0,0
30313,Yếu ớt,Tăng 15% sát thương phải chịu,1,10.0,0
30314,Say xỉn,"Tăng 25% lực Tấn công bản thân, hút máu bằng 20% sát thương kỹ năng nhận được",1,8.0,0
30315,Không thể chọn,,1,30.0,0
30316,Cấm nhảy,,1,6.0,0
30317,Bất Diệt Thân,,1,6.0,0
30318,Thoát chiến,,1,30.0,0
30319,Hủy bỏ va chạm,,1,10.0,0
30320,Định Thân,"Bị định thân, không thể di chuyển hoặc sử dụng phần lớn kỹ năng",1,5.0,0
30321,Thi Nghiệp,"70% sát thương gây ra lên mục tiêu sẽ được hoàn trả lại cho bản thân trong một khoảng thời gian tiếp theo, thi triển liên tục nhiều kỹ năng sẽ cộng dồn sát thương.",1,10.0,0
30322,Khiêu khích,Phần trăm sát thương gây ra trong thời gian tiếp theo sẽ được chuyển sang bên tạo hiệu ứng,1,15.0,0
30323,Giảm sát thương,Giảm sát thương nhận vào,1,5.0,0
30324,Định Thân,"Bị định thân, không thể di chuyển hoặc sử dụng hầu hết kỹ năng",1,3.0,0
30325,Bất Khả Đánh Ngắt,,1,-1.0,0
30326,Đánh dấu,,1,2.0,0
30327,Trúng độc,"Do nước độc Huỳnh Uyên xâm nhập cơ thể, khí huyết dần hao tổn đến mức trọng thương, rời khỏi phạm vi nước độc sẽ hồi phục.",1,-1.0,0
30328,Trào phúng,,1,3.0,0
30329,Trầm mặc,Cấm sử dụng kỹ năng chủ động,1,3.0,0
30330,Bị thương do lạnh,"Do bị bỏng lạnh gây ra, khí huyết sẽ dần hao tổn cho đến khi trọng thương, rời khỏi phạm vi lạnh giá hoặc tìm đống lửa để sưởi ấm và hồi phục.",1,-1.0,0
30331,Hấp thụ,,1,5.2,0
30332,Giảm tốc,Giảm 70% tốc độ di chuyển,1,3.0,0
30333,Giảm sát thương,Giảm 30% sát thương nhận vào,1,6.0,0
30334,Giảm sát thương,Giảm 50% sát thương nhận vào,1,6.0,0
30335,Đom đóm,,1,30.0,0
30336,Định Thân,"Bị định thân, không thể di chuyển hoặc sử dụng hầu hết kỹ năng",1,5.0,0
30337,Định Thân,"Bị định thân, không thể di chuyển hoặc sử dụng hầu hết kỹ năng",1,5.0,0
30338,Định Thân,"Bị định thân, không thể di chuyển hoặc sử dụng phần lớn kỹ năng",1,5.0,0
30339,Định Thân,"Bị định thân, không thể di chuyển hoặc sử dụng hầu hết kỹ năng",1,5.0,0
30340,Định Thân,"Bị định thân, không thể di chuyển hoặc sử dụng hầu hết kỹ năng",1,5.0,0
30341,Định Thân,"Bị định thân, không thể di chuyển hoặc sử dụng hầu hết kỹ năng",1,5.0,0
30342,Nín Thở,,1,8.0,0
30343,Quan sát vật lý,,1,3.0,0
30344,Hấp thụ,,1,2.6,0
30346,Đại Diễn Độn Nhất,"Khi sắp bị tấn công từ xa, có xác suất tiến vào trạng thái Đại Diễn Độn Nhất, hóa giải đòn tấn công",1,30.0,0
30347,Sư Hống,,1,10.0,0
30348,Túy Quyền,,1,6.0,0
30349,Định Thân,,1,3.0,0
30350,Trúng độc,"Do độc tố từ phấn hoa của Huyễn Ca Bách Mục Liên xâm nhập cơ thể, khí huyết sẽ dần hao hụt cho đến khi trọng thương, rời khỏi phạm vi khí độc của Bách Mục Liên sẽ hồi phục.",1,-1.0,0
30351,Nọc Ong,"Nọc độc Kim Châm Mật ngữ thấm vào cơ thể, gây sát thương liên tục trong thời gian ngắn",1,10.0,0
30352,Bất Khả Động,Miễn nhiễm nhận sát thương từ đòn tấn công yếu,1,5.0,0
30353,Nọc ong,"Độc dịch của Kim Châm Ong Thì Thầm thấm vào cơ thể, gây sát thương liên tục trong thời gian ngắn",1,10.0,0
30354,Tiểu Thập Thất,,1,20.0,0
30355,Khí chém lưỡi đao,"Khí sắc bén tích lũy qua năm tháng rèn giũ binh giáp của Tiểu Thập Thất, đầy đủ sẽ bạo thể mà chết.",1,1.0,0
30356,Cấm hành quyết,,1,10.0,0
30357,Bất Khả Đánh Ngắt,,1,30.0,0
30358,Vô Địch,,1,-1.0,0
30359,Miễn khống chế,Miễn nhiễm hiệu ứng khống chế,1,0.9,0
30361,Cấm Nhảy,,1,3.0,0
30362,Quan vật lý,,1,-1.0,0
30363,Hồi phục chân khí,,1,2.0,0
30364,Bất Khả Hủy,,1,1.0,0
30365,Định Thân,"Bị định thân, không thể di chuyển hoặc sử dụng hầu hết kỹ năng",1,1.0,0
30366,Khiên chắn,"Hoàn toàn miễn nhiễm ba đòn sát thương đầu tiên nhận phải, và miễn nhiễm sát thương Chân Khí trong suốt thời gian lá chắn duy trì.",1,3.0,0
30367,Định Thân,"Bị định thân, không thể di chuyển hoặc sử dụng hầu hết kỹ năng",1,0.5,0
30368,Hết sức,Tốc độ hồi phục thể lực giảm 50%,1,10.0,0
30369,Bị thương,Liên tục chịu sát thương,1,5.0,0
30370,Tài nguyên phím tắt,,1,4.0,0
30371,Tài nguyên phím tắt,,1,4.0,0
30372,Vô Song,"Bá thể cường đại đồng thời miễn nhiễm sát thương Chân Khí, giảm 90% sát thương Khí Huyết phải chịu.",1,5.0,0
30373,Chế nhạo,Nhận hiệu ứng khiêu khích.,1,10.0,0
30374,Châm biếm,"Nhận hiệu ứng Khiêu khích, một tỷ lệ phần trăm sát thương gây ra trong thời gian tới sẽ chuyển sang cho nguồn gây ra hiệu ứng",1,10.0,0
30375,Châm biếm,,1,15.0,0
30376,Giảm sát thương,Giảm 40% sát thương nhận vào,1,20.0,0
30377,Khiêu khích,Nhận hiệu ứng khiêu khích.,1,20.0,0
30378,Khiêu khích,"Nhận hiệu ứng khiêu khích, phần trăm sát thương gây ra trong thời gian tiếp theo sẽ chuyển sang bên gây ra hiệu ứng",1,20.0,0
30379,Giảm sát thương,Giảm 30% sát thương nhận vào,1,10.0,0
30380,Quan vật lý,,1,5.0,0
30381,Miễn tử,,1,-1.0,0
30382,Đạn đạo AL,,1,2.0,0
30383,Trị liệu,,1,4.0,0
30384,Biến thân,,1,-1.0,0
30385,Biến thân,,1,-1.0,0
30386,Biến thân,,1,-1.0,0
30387,Biến thân,,1,-1.0,0
30388,Biến thân,,1,-1.0,0
30389,Biến thân,,1,-1.0,0
30390,Biến thân,,1,-1.0,0
30391,Biến thân,,1,-1.0,0
30392,Biến thân,,1,-1.0,0
30393,Biến thân,,1,-1.0,0
30394,Biến thân,,1,-1.0,0
30395,Biến thân,,1,-1.0,0
30396,Biến thân,,1,-1.0,0
30397,Biến thân,,1,-1.0,0
30398,Biến thân,,1,-1.0,0
30399,Bất động,"Bị Định Thân, không thể di chuyển hoặc sử dụng hầu hết kỹ năng",1,5.0,0
30400,Giảm tốc độ,Giảm 70% tốc độ di chuyển,1,8.0,0
30401,Hỗn Loạn,Điều khiển cần gạt bị đảo ngược,1,7.0,0
30402,Choáng váng,"Bị choáng, không thể di chuyển hoặc sử dụng hầu hết kỹ năng",1,5.0,0
30403,Ảnh Quỷ,Thao tác nhập hướng bị đảo ngược,1,7.0,0
30404,Cuồng Phong,Khi bị tấn công sẽ hóa thân thành Y Đao phản kích mục tiêu,1,15.0,0
30405,Châm chọc,Phần trăm sát thương gây ra trong thời gian tiếp theo sẽ được chuyển sang nguồn hiệu ứng,1,10.0,0
30406,Giảm sát thương,Giảm 60% sát thương nhận vào,1,10.0,0
30407,Hộ Vệ,"Không thể bị khóa, giảm sát thương nhận vào",1,1.0,0
30408,Bom hẹn giờ,Sau 10 giây đếm ngược sẽ nhận sát thương bằng 30% máu tối đa,1,8.1,0
30409,Trầm mặc,Cấm sử dụng kỹ năng chủ động,1,2.0,0
30410,Triều Vũ Khinh Trần,"Chịu sát thương, kéo dài 6 giây.",1,5.11,0
30411,Mất mục tiêu,,1,6.0,0
30412,Định Thân,"Bị định thân, không thể di chuyển hoặc sử dụng hầu hết kỹ năng",1,1.0,0
30413,Tầm nhìn,,1,30.0,0
30414,Độc Hoa,,1,1.0,0
30415,Trúng độc,"Dính phải khí độc, nhận sát thương liên tục",1,15.0,0
30416,Không cho phép khóa,,1,-1.0,0
30417,Khiên bảo vệ,"Tạo ra một lá chắn có thể hấp thụ sát thương Chân Khí. Trong thời gian lá chắn duy trì, miễn nhiễm với sát thương Chân Khí.",1,8.0,0
30418,Hạn chế di chuyển,"Không thể chạy nhanh, nhảy hai ba bước, lên ngựa",1,2.0,0
30419,Bất Khả Đánh,Miễn nhiễm hiệu ứng cứng đờ và khống chế,1,6.0,0
30420,Ẩn thân,,1,-1.0,0
30421,Đạn đạo AL,,1,3.0,0
30422,Đạn đạo AL,,1,3.0,0
30423,Đạn đạo AL,,1,3.0,0
30424,Tâm ma tăng buff,,1,-1.0,0
30425,Pháp trận,,1,5.0,0
30426,Bạo Liệt,,1,11.0,0
30427,Bạo tạc,,1,11.0,0
30428,Bạo Liệt,,1,11.0,0
30429,Mặt đấtAL,,1,-1.0,0
30430,Nỏ máy,,1,-1.0,0
30431,Cảm Tri,,1,5.0,0
30432,Bá thể,,1,-1.0,0
30433,Hoàn mỹ né tránh,,1,8.0,0
30434,Bá Thể,,1,-1.0,0
30435,Đánh dấu,,1,3.0,0
30436,Động hiệu,,1,1.0,0
30437,Không thể chọn,,1,-1.0,0
30438,Bá Thể,,1,15.0,0
30439,Vô địch,,1,-1.0,0
30440,Định thân,"Bị định thân, không thể di chuyển hoặc tung ra hầu hết các kỹ năng",1,1.0,0
30441,Tuyết Đỉnh,,1,0.5,0
30450,Thiếu niên,,1,-1.0,0
30451,Thiếu nữ,,1,-1.0,0
30454,Giảm thương,Giảm 40% sát thương phải chịu,1,16.0,0
30460,Bá Thể,Miễn dịch hiệu quả khống chế và cứng người,1,2.0,0
30461,Im lặng,Không thể thi triển kỹ năng võ học và kỳ thuật.,1,3.0,0
30478,Cảm tri,,1,5.0,0
30479,Cảm tri,,1,5.0,0
30480,Hương hiệu phản hồn,"Nhận được kỹ năng, có thể hồi sinh mục tiêu trọng thương của người nước này",1,7.0,0
30482,Tâm đào,"Tâm hình như đào, chỉ vì yêu ngươi trong kiếp nạn khó trốn.",1,8.0,0
30484,Khuyết điểm,Khuyết điểm là khuyết điểm bạn.,1,8.0,0
30485,Phiêu Phiêu,Như vậy sẽ nâng ngươi trong lòng bàn tay.,1,8.0,0
30491,Cảm Tri,,1,5.0,0
30500,Định thân,"Bị định thân, không thể di chuyển hoặc thi triển phần lớn kỹ năng",1,6.0,0
30503,Gân tý,Không thể sử dụng Windrider,1,1.0,0
30504,Tĩnh chỉ,Vào trạng thái tĩnh,1,1.0,0
30505,Hư ảo,Miễn dịch với tất cả các hiệu ứng sát thương,1,3.0,0
30506,Hư ảo,Miễn dịch với tất cả hiệu ứng sát thương và hiệu ứng khống chế,1,3.0,0
30508,Im lặng,Không thể thi triển Võ học và Kỹ năng Kỳ thuật.,1,3.0,0
40001,Khí Kiệt,"Bị định thân, không thể di chuyển hoặc sử dụng hầu hết kỹ năng",1,2.0,0
40002,Định Thân,"Bị định thân, không thể di chuyển hoặc sử dụng phần lớn kỹ năng",1,4.5,0
40003,Không thể chọn,,1,-1.0,0
50000,Miêu Nghiện · Nhất Trọng,"Khi có mèo ở gần, tốc độ di chuyển giảm 20%",1,-1.0,0
50001,Nghiện mèo · Nhị Trọng,"Khi có mèo gần đó, tốc độ di chuyển giảm 30%",1,-1.0,0
50002,Miêu nghiện · Trọng,"Khi có mèo ở gần, tốc độ di chuyển giảm 50%",1,-1.0,0
50003,Nghiện mèo · Tứ Trọng,"Khi có mèo gần đó, tốc độ di chuyển giảm 80%",1,-1.0,0
50004,Nghiện mèo · Nhất Trọng,"Khi có mèo gần đó, tốc độ di chuyển giảm 20%",1,-1.0,0
50005,Nghiện Mèo · Nhị Trọng,"Khi có mèo gần đó, tốc độ di chuyển giảm 30%",1,-1.0,0
50006,Miêu Dẫn · Tam Trọng,"Khi có mèo gần đó, tốc độ di chuyển giảm 50%",1,-1.0,0
50007,Nghiện mèo · Tứ tầng,"Khi có mèo ở gần, tốc độ di chuyển giảm 80%",1,-1.0,0
50008,Nghiện mèo · Nhất Trọng,,1,-1.0,0
50009,Nghiện mèo · Nhị Trọng,,1,-1.0,0
50010,Mèo nghiện · Trọng tam,,1,-1.0,0
50011,Mèo Nghiện · Tứ Trọng,,1,-1.0,0
50013,Điểm huyệt thành công,,1,20.0,0
50101,Hồi phục Khí Huyết,,1,0.2,0
50102,Khí Huyết giảm,,1,0.2,0
50103,Dễ dàng hóa trang thành người giảng kinh (nam),,1,-1.0,0
50104,Dễ dung thành người giảng kinh nữ,,1,-1.0,0
50105,Không thấy boss dã ngoại Ngô Công thêm buff trang điểm,,1,,0
70001,Đánh bại ngay lập tức,,1,-1.0,0
70002,Đánh dấu bội số,,1,-1.0,0
70003,Nhân ba lần đối với đối tượng nào đó,,1,-1.0,0
70004,Miễn nhiễm điểm quyết toán nào đó,,1,-1.0,0
70005,Bất Tử Bất Diệt,Bất Hoại Thân,1,-1.0,0
70006,Kẻ bị đánh bại sẽ nhận dấu hiệu buff,,1,-1.0,0
70007,Kiểm tra kết nối,,1,-1.0,0
70008,Giảm sát thương,,1,20.0,0
70009,Mong manh,,1,-1.0,0
70010,Dễ bị thương,,1,-1.0,0
70011,Cứng rắn,,1,-1.0,0
70012,Lại gần quả cầu lửa,Trầm mặc,1,15.0,0
70013,Bỏng rát,Hơi sốt,1,15.0,0
70014,Cắt Xẻ,,1,3.0,0
70015,Tăng cường,Linh Đăng,1,20.0,0
70016,Bạo Liệt,,1,13.5,0
70017,Chọc thủng,,1,15.0,0
70018,Liên kết,Mau tránh xa,1,20.0,0
70019,Giảm sát thương,,1,-1.0,0
70020,Tăng cường,,1,-1.0,0
70021,Định Thân,"Bị định thân, không thể di chuyển hoặc sử dụng hầu hết kỹ năng",1,15.0,0
70022,Chết đuối,"Chết đuối, đồng thời giảm hiệu quả hồi phục nhận được",1,15.0,0
70023,Miễn nhiễm,,1,12.0,0
70024,Miễn nhiễm,,1,12.0,0
70025,Miễn nhiễm đạn đao,Miễn nhiễm Đạn Đao,1,-1.0,0
70026,Cường hóa trị liệu,,1,-1.0,0
70027,Giảm sát thương,,1,-1.0,0
70028,Tăng phúc,,1,-1.0,0
70029,Tăng cường,,1,-1.0,0
70030,Dễ bị thương,Tăng sát thương nhận vào,5,40.0,0
70031,Hiệu ứng đặc biệt,,1,-1.0,0
70032,Hiệu ứng đặc biệt,,1,-1.0,0
70033,Hiệu ứng,,1,-1.0,0
70034,Hiệu ứng đặc biệt,,1,-1.0,0
70035,Đẩy bay,,1,-1.0,0
70036,Hiệu ứng,,1,-1.0,0
70037,Hiệu ứng,,1,-1.0,0
70038,Hiệu ứng,,1,-1.0,0
70039,Hiệu ứng đặc biệt,,1,-1.0,0
70040,Hiệu ứng,,1,5.0,0
70041,Định Thân,,1,2.5,0
70042,Cửu Huyền Dịch Pháp,,1,-1.0,0
70043,Cửu Huyền Dịch Pháp,,1,-1.0,0
70044,Hỗn loạn,"Không phân hướng đi, xin hãy bình tĩnh!",1,30.0,0
70045,Cường hóa,"Vô Tướng Hoàng nổi giận, trở nên khó đối phó hơn",3,300.0,0
70046,Lực đẩy,,1,1.0,0
70047,Hàn Độc,"Chịu sát thương độc liên tục, tầng càng cao sát thương càng lớn, đồng thời sẽ khóa một số võ học không thể sử dụng, tầng bốn sẽ gây ra một đợt sát thương bùng nổ",4,15.0,0
70048,Hàn độc bộc phát,"Hàn độc bùng phát, gây hiệu ứng hôn mê và một lần sát thương bộc phát nhưng sẽ kích hoạt một lần Hàn độc\"" được thanh tẩy\""",1,2.0,0
70049,Ký ức tiền duyên,,1,-1.0,0
70050,Kiếp đời này,,1,-1.0,0
70051,Lai Sinh Oán,,1,-1.0,0
70052,Tam Sinh Giải,,1,-1.0,0
70053,Tam Sinh Độc,,1,2.0,0
70054,Tam Sinh Độc,,1,2.0,0
70055,Sinh trưởng,,1,185.0,0
70056,Thúc chín,,1,2.0,0
70057,Trưởng thành,,1,5.0,0
70058,Hàn độc bộc phát,"Độc Tam Sinh Mộng Khế bộc phát, gây hiệu ứng hôn mê và một lần sát thương bùng nổ",1,3.5,0
70059,Tam Sinh Giải,,1,2.0,0
70060,Mộng Triền,,1,2.0,0
70061,Tăng tốc,,1,3.0,0
70062,Hủy bỏ va chạm,,1,2.0,0
70063,Vô Địch,,1,-1.0,0
70064,Nóng rực,"Nóng bức khó chịu, nhận sát thương thiêu đốt liên tục",1,-1.0,0
70065,Hồi phục,,1,2.0,0
70066,Bị bỏng,,1,-1.0,0
70067,Dùng để kiểm tra,,1,-1.0,0
70068,Giảm sát thương,,1,-1.0,0
70069,Tăng Phúc,,1,-1.0,0
70070,Tăng phúc,,1,-1.0,0
70071,Định Thân,,1,5.0,0
70072,Bạo phát,,1,5.0,0
70073,Tam Sinh Giải,,1,5.0,0
70074,Hàn độc,,1,15.0,0
70075,Hàn độc,,1,15.0,0
70076,Hàn Độc,,1,15.0,0
70077,Hàn độc,,1,15.0,0
70078,Hàn Độc,,1,15.0,0
70079,Tam Sinh Mộng Khế,,1,-1.0,0
70080,Bộc phát,,1,2.0,0
70081,Trưởng thành,,1,5.0,0
70082,Tam Sinh Mộng Khế,,1,16.0,0
70083,Chỉnh Sửa Sinh Tồn Dừng Chiến,,1,-1.0,0
70084,Gai nhọn,,1,-1.0,0
70085,Hôn mê,,1,60.0,0
70086,Hôn mê,,1,60.0,0
70087,Hôn mê,,1,60.0,0
70088,Hôn mê,,1,60.0,0
70089,Hiệu ứng đặc biệt,,1,5.0,0
70090,Cô Hồng Ảnh,,1,5.2,0
70091,Định Thân,,1,4.5,0
70092,Phong Vân Vô Tướng,,1,-1.0,0
70093,Phong Vân Vô Tướng,,1,-1.0,0
70094,Thử nghiệm,Trầm mặc,1,15.0,0
70097,Hiệu ứng đặc biệt,,1,-1.0,0
70098,Hiệu ứng đặc biệt,,1,-1.0,0
70099,Thử nghiệm,,1,3.0,0
70100,Thử nghiệm,,1,3.0,0
70101,Đánh bại ngay lập tức,,1,-1.0,0
70102,Định Thân,,1,60.0,0
70103,Trảm Bạch Nhật,,1,-1.0,0
70104,Giảm chân khí thương,,1,-1.0,0
70105,Trầm mặc,Trầm mặc,1,600.0,0
70108,Trừ bỏ trạng thái Câm Lặng,Trừ bỏ câm lặng,1,3.0,0
70110,Miễn nhiễm câm lặng,Miễn nhiễm Câm Lặng,1,600.0,0
70112,Loại bỏ miễn nhiễm câm lặng,Loại bỏ miễn nhiễm câm lặng,1,3.0,0
70114,Định Thân,Định Thân,1,60.0,0
70115,"Loại bỏ trạng thái Câm Lặng, Định Thân",Loại bỏ Trầm Mặc Định Thân,1,3.0,0
70116,Miễn nhiễm Câm Lặng Định Thân,Miễn nhiễm Câm Lặng Định Thân,1,600.0,0
70117,Trị liệu thành công,Trị liệu thành công,1,3.0,0
70118,Giảm tốc,Tốc độ di chuyển giảm 25%,1,-1.0,0
70119,Giảm tốc,Tốc độ di chuyển giảm 50%,1,-1.0,0
70120,Giảm tốc,Tốc độ di chuyển giảm 75%,1,-1.0,0
70121,Loại bỏ trạng thái câm lặng,Loại bỏ hiệu ứng làm chậm,1,3.0,0
70122,Miễn nhiễm Trầm Mặc,Miễn nhiễm làm chậm,1,600.0,0
70123,Vô Địch,,1,1.5,0
70124,Hiệu ứng đặc biệt,,1,999.0,0
70125,Bất Khả Động,Bất Khả Động,1,-1.0,0
70126,Bất Khả Đánh Ngã,Bất Khả Động Thác,1,-1.0,0
70127,Mong manh,,1,3600.0,0
70128,Đánh dấu,,1,5.0,0
70129,Đánh dấu,,1,5.0,0
70130,Đánh dấu,,1,5.0,0
70132,Sinh,Hãy hồi sinh!,4,600.0,0
70133,Ẩn,,1,60.0,0
70134,Đang chuẩn bị Võ Đài,,1,60.0,0
70135,Phụ thêm mặc định,,1,5.0,0
70136,Số tầng,,1,5.0,0
70137,Thông số đầy đủ,,1,5.0,0
70138,Thêm hai,,1,5.0,0
70139,Tăng phúc,,1,-1.0,0
70140,Tăng cường,,1,-1.0,0
70141,Vô Địch,,1,5.0,0
70142,Động vật,,1,-1.0,0
70143,Trọng Thương,,1,5.0,0
70144,Gấu Lớn,,1,-1.0,0
70145,Gấu lớn,,1,-1.0,0
70146,Kẻ địch,,1,30.0,0
70147,Suy nhược,,1,-1.0,0
70148,Miễn nhiễm lựu đạn khói,,1,-1.0,0
70149,Trọng thương,,1,10.0,0
70150,Sư phụ,,1,-1.0,0
70151,Trọng thương,,1,10.0,0
70152,Trọng thương,,1,10.0,0
70153,Trọng thương,,1,10.0,0
70154,Trọng thương,,1,10.0,0
70155,Trọng thương,,1,10.0,0
70158,Vô Tướng,,1,-1.0,0
70159,Hiện thân,,1,10.0,0
70160,Bất Khả Động,,1,-1.0,0
70161,Hết hơi,"Chân khí trống rỗng, sát thương nhận vào tăng",1,7.0,0
70162,Rời khỏi,,1,6.0,0
70163,Kẻ địch,,1,10.0,0
70164,Hướng dẫn,,1,-1.0,0
70165,Hướng dẫn,,1,2.0,0
70166,Ẩn,,1,-1.0,0
70167,Hiện thân,,1,2.0,0
70168,Động vật,,1,-1.0,0
70169,Khỉ,,1,-1.0,0
70170,Phản khuếch đại,,1,-1.0,0
70171,Lén lút,,1,2.0,0
70172,Lén lút,,1,8.0,0
70173,Giai đoạn hai,,1,-1.0,0
70174,Giai đoạn hai,,1,-1.0,0
70175,Lén lút,,1,10.0,0
70176,Bất Khả Động,,1,1.5,0
70177,Bất tử,,1,20.0,0
70178,Lôi Đình Chi Lực,,1,-1.0,0
70179,Bất bại,,1,5.0,0
70180,Khó,,1,-1.0,0
70181,Khóa Chân Khí,,1,-1.0,0
70182,Bật khiên,"Kịp thời mở Băng Thuẫn, chống đỡ sát thương Hỏa hệ",1,60.0,0
70183,Mở khiên,"Kịp thời mở Khiên Lửa, chống đỡ sát thương băng giá",1,60.0,0
70184,Phòng ngự,Có thể chống lại sát thương toàn màn hình,1,10.0,0
70185,Ác mộng quấy nhiễu,Phân thân sẽ nổ tung sau 30 giây,1,31.0,0
70186,Lực của Lửa,"Tiêu diệt Hỏa Phân Thân, sát thương lên Băng Phân Thân tăng gấp đôi",1,100.0,0
70187,Sức Mạnh Hoa,"Tiêu diệt phân thân băng, sát thương lên phân thân hỏa tăng gấp đôi",1,100.0,0
70188,Cháy bỏng,"Bị lửa thiêu đốt, liên tục gây sát thương lên bản thân và những người xung quanh",1,20.0,0
70189,Đóng băng,"Bị băng sương đóng băng, cần tiêu diệt quái vật băng sương nhỏ để được cứu",1,20.0,0
70190,Sức mạnh của Lửa,,1,-1.0,0
70191,Sức mạnh của Hoa,,1,-1.0,0
70192,Quan sát,Chú ý đến ánh mắt mê hoặc của Thiên Dạ,1,5.0,0
70193,Trường Sinh Cổ Độc,"Trúng độc cổ, liên tục mất máu",5,600.0,0
70194,Trị thương,Trị thương cho mục tiêu trúng độc Cổ,1,60.0,0
70195,Ký hiệu,,1,-1.0,0
70196,Trách nhiệm chịu đòn,,1,-1.0,0
70197,Bất bại,,1,-1.0,0
70198,Thuần biểu hiện,,1,-1.0,0
70199,Biểu diễn thuần túy,,1,-1.0,0
70200,Thử nghiệm,,1,60.0,0
70201,Thử nghiệm,,1,6000.0,0
70203,Hiệu chỉnh giá trị hồi máu Boss Cùng Nhau Du Ngoạn,,1,-1.0,0
70204,Trách nhiệm chịu sát thương,,1,-1.0,0
70205,Kiểm,Khiên chắn thuộc tính sát thương Minh Kim,1,-1.0,0
70206,Kiểm tra Sát thương Liệt Thạch,Khiên Ti · Ngọc lá chắn thuộc tính sát thương,1,-1.0,0
70207,Kiểm tra sát thương Khiên Ti,Khiên Ti thuộc tính sát thương lá chắn,1,-1.0,0
70208,Kiểm tra sát thương Phá Trúc,Lá chắn thuộc tính sát thương Phá Trúc,1,-1.0,0
70209,Giảm thương thuộc tính,Khi buff 1/2/3/4 tầng giảm sát thương 10%/30%/50%/70%. Sau khi chịu sát thương thuộc tính đạt đến một giá trị nhất định sẽ loại bỏ 1 tầng (mỗi loại sát thương thuộc tính chỉ có thể loại bỏ 1 tầng).,4,-1.0,0
70210,Xua tan một tầng giảm thương thuộc tính,,4,1.0,0
70211,Phong hộ,"Mỗi tầng khiến thủ lĩnh giảm sát thương 5%, và hồi phục 2.5% Khí Huyết",10,-1.0,0
70212,Trách nhiệm thừa thương,,1,-1.0,0
70213,Kéo dài thời gian buff,,1,-1.0,0
70214,Vô địch,,1,5.0,0
70215,Giảm thương thuộc tính,Khi buff 1/2/3/4 tầng giảm sát thương 20%/30%/40%/50%. Sau khi chịu sát thương thuộc tính đạt đến một giá trị nhất định sẽ loại bỏ 1 tầng (mỗi loại sát thương thuộc tính chỉ có thể loại bỏ 1 tầng).,4,-1.0,0
70216,Chọn bảo vệ,,1,-1.0,0
70217,Miễn khóa,,1,-1.0,0
77000,Thiêu đốt,,1,-1.0,0
77001,Bùng cháy,"Trên người đang bốc cháy, liên tục mất máu",1,5.0,0
77002,Làm mù,Gây ra hiệu ứng trúng độc làm mù tạm thời,5,10.0,0
77006,Hiệu ứng đặc biệt,,1,20.0,0
77007,Chết đuối,"Chết đuối khi lặn, liên tục mất máu",1,999.0,0
77008,Trúng độc,"Nhiễm kịch độc, liên tục mất sinh lực",1,999.0,0
77009,Hồi máu,Hồi phục Khí Huyết,1,1.0,0
77010,Bất Khả Đảo Ngã,Miễn nhiễm sát thương hiệu ứng yếu khi bị đánh,1,-1.0,0
77011,Bất Khả Động (Bất Tử),Miễn nhiễm sát thương hiệu ứng yếu,1,1.0,0
77012,Bốc cháy,"Trên người đang bốc cháy, liên tục mất máu",1,5.0,0
77013,Suy nhược,,1,-1.0,0
77014,Vô địch,,1,-1.0,0
77015,Bị đánh bằng gỗ,,1,-1.0,0
77016,Dễ tổn thương,,1,3600.0,0
77017,清风诛灭剑阵,,1,3.0,0
77018,Làm mù,"Bị thuật kỳ bí khói đạn làm nhiễu loạn thị giác, không thể nhìn rõ các đơn vị xung quanh",1,4.0,0
77019,Khôi phục Chân Khí,,1,1.0,0
77020,Vô địch,,1,0.2,0
77021,Mở khóa,,1,4.0,0
77022,Giảm sát thương,,1,-1.0,0
77023,Giảm sát thương,,1,-1.0,0
77024,Táng Hàn Hôi,"Sẽ liên tục mất máu trong cảnh này, có thể tấn công hoặc giải trừ thế lực để hồi phục",1,-1.0,0
77025,Bất Hoại,Bất Khả Hủy Diệt (Bá Thể),1,-1.0,0
77026,Bất khả chiến bại,,1,-1.0,0
77027,Tăng sát thương,,1,-1.0,0
77028,Cận chiến vật lý,,1,-1.0,0
77029,Miễn nhiễm bệnh tật,,1,-1.0,0
77030,Bộ lọc Tạm dừng,,1,10.0,0
77031,Bộ lọc Ngưng đọng thời gian,,1,10.0,0
77032,Lực đẩy,,1,5.0,0
77033,Bộ lọc Ngưng đọng Thời gian,,1,10.0,0
77034,Lực hút,,1,6.0,0
77035,Khóa máu,,1,95.0,0
77036,Chuyển đổi,,1,-1.0,0
77037,Chuyển đổi,,1,-1.0,0
77038,Phản trọng lực,,1,-1.0,0
77039,Lực hút,,1,3.0,0
77040,Lực đẩy,,1,3.0,0
77041,Bộ lọc Ngưng Đọng Thời Gian,,1,10.0,0
77042,Bộ Lọc Ngưng Đọng Thời Gian,,1,10.0,0
77043,Hư Huyết,,1,-1.0,0
77044,Thoát khóa,,1,-1.0,0
77045,Tan biến,,1,20.0,0
77046,Bốc cháy,,1,5.0,0
77047,Huyết Viêm,,1,-1.0,0
77048,Huyết Nộ,,1,20.0,0
77049,Chảy máu,,1,0.5,0
77050,Chảy máu,,1,-1.0,0
77051,Khóa máu,,1,-1.0,0
77052,Giữ máu,,1,-1.0,0
77053,Huyết Nộ,,1,-1.0,0
77054,Huyết Nộ,,1,60.0,0
77055,Khóa Máu,,1,-1.0,0
77056,Mở khóa,,1,-1.0,0
77057,Bốc cháy,"Trên người đang bốc cháy, liên tục mất máu",1,5.0,0
77058,Đốt cháy,"Trên người đang bốc cháy, liên tục mất máu",1,5.0,0
77059,Hào hiệp,,1,-1.0,0
77060,Hào Đảm,,1,3.0,0
77061,Hào Đảm,,1,1.0,0
77062,Hào Đảm,,1,1.0,0
77063,Khóa máu,,1,-1.0,0
77064,Hồi huyết,,1,1.0,0
77065,Bất bại,,1,5.0,0
77066,Ưng non cất cánh,,1,1.5,0
77067,Bất khả chiến bại,,1,-1.0,0
77068,Dễ thương tổn,,1,-1.0,0
77069,Xuất huyết,,1,3.0,0
77070,Xuất huyết,,1,-1.0,0
77071,Chuyển sang giai đoạn hai giữ máu,,1,-1.0,0
77072,Chế nhạo,,1,-1.0,0
77073,Tăng sát thương,,1,-1.0,0
77074,Vô địch,,1,6.0,0
77075,Biến trang,,1,-1.0,0
77076,Biến thân,,1,-1.0,0
77077,Biến thân,,1,-1.0,0
77078,Vô Địch,,1,-1.0,0
77079,Xám,,1,-1.0,0
77080,Thoát khóa,,1,-1.0,0
77081,Huyết Nộ,,1,-1.0,0
77082,Cảm Tri,,1,3.1,0
77083,Cảm tri,,1,3.1,0
77084,Đóng băng,Bị đóng băng một thời gian,1,3.0,0
77085,Trí manh,"Rơi vào bóng tối, tầm nhìn giảm mạnh",1,8.0,0
77086,Xử quyết,"Thân trúng hỏa, liên tục mất Khí Huyết",1,5.0,0
77087,Cảm Tri,,1,3.1,0
77088,Cảm tri,,10,-1.0,0
77089,Cảm tri,,1,-1.0,0
77090,Pháp thuật trường,,1,-1.0,0
77091,Pháp thuật tràng,,1,-1.0,0
77092,Pháp thuật trường,,1,-1.0,0
77093,Ẩn,,1,-1.0,0
77094,Tắt va chạm,,1,-1.0,0
77095,Trọng thương,,1,10.0,0
77096,Vô hiệu hóa liên kết,,1,-1.0,0
77097,Hiệu ứng,,1,-1.0,0
77098,Miễn tử,,1,-1.0,0
77099,Ẩn,,1,-1.0,0
77100,Cảm tri,,4,-1.0,0
77101,Cảm tri,,1,-1.0,0
77102,Miễn tử,,1,-1.0,0
77103,Miễn tử,,1,-1.0,0
77104,Miễn Tử,,1,1.0,0
77105,Hồi Huyết,,1,1.0,0
77106,Miễn Tử,,1,-1.0,0
77107,Miễn tử,,1,-1.0,0
77108,Miễn tử,,1,-1.0,0
77109,Miễn tử,,1,-1.0,0
77110,Hiệu ứng đặc biệt,,1,-1.0,0
77111,Hiệu ứng đặc biệt,,1,-1.0,0
77112,Hiệu ứng,,1,-1.0,0
77113,Lực đẩy,,1,5.0,0
77114,Hồi máu,,1,1.0,0
77115,Tia laser hủy diệt · cảm tri,,1,-1.0,0
77116,Tăng cường laser,,1,-1.0,0
77117,Cảm Tri EX,,4,-1.0,0
77118,Miễn tử,,1,-1.0,0
77119,Mưa rào,Thi triển hiệu quả giảm thương 60%.,1,3.5,0
77120,Nội lực vô hạn,,1,-1.0,0
77121,Tử vong,,1,10.0,0
79999,Dung hội quán thông,,1,-1.0,0
80000,Máy ảnh,An Tây quân,1,-1.0,0
80001,Hòa thượng,Hòa thượng,1,-1.0,0
80002,Chất liệu,Chất liệu,1,-1.0,0
80003,Sát Thủ,Sát thủ,1,-1.0,0
80004,Diều,Diều,1,-1.0,0
90000,Mù lòa,"Chìm vào bóng tối, tầm nhìn giảm mạnh",1,8.0,0
90001,Làm mù,"Chìm vào bóng tối, tầm nhìn giảm mạnh",1,8.0,0
96002,Giảm sát thương,,1,2.0,0
96003,Mất thù hận,,1,5.0,0
96004,Hồi phục chân khí,,1,-1.0,0
96005,Bắn nhanh và sâu,,1,-1.0,0
96006,Mũi tên tựa sao băng,,1,-1.0,0
96007,Mũi tên không bao giờ bắn trượt,,1,-1.0,0
96008,Xuyên Dương,,1,-1.0,0
96009,Chuẩn xác,,1,-1.0,0
96010,Liên Châu,,1,-1.0,0
96011,Như Sơn,,1,-1.0,0
96012,Ẩm Vũ,,1,-1.0,0
96020,Đăng Thiên Thái Hí,,1,5.0,0
96021,Giảm sát thương hồi máu,,1,-1.0,0
96022,Hiệu ứng di chuyển của Đạo Chủ,,1,-1.0,0
96023,Đạo Chủ đánh chuột miễn nhiễm buff + Bỏ qua Chân Khí + Khóa Chân Khí,,1,-1.0,0
96024,Bất tử,,1,2.0,0
96025,Khóa Máu,,1,-1.0,0
96026,Khóa máu,,1,-1.0,0
96027,Ẩn,,1,0.1,0
96028,Miễn nhiễm Hồng Trần Chướng Mục,,1,-1.0,0
96029,Miễn nhiễm điểm huyệt,,1,-1.0,0
96030,Hút Bụi Cát,,1,10.0,0
96031,Vô Tướng Kim Thân,"Tạo ra một lá chắn có thể hấp thụ sát thương khí huyết, nhận được khả năng chống đứt quãng và hiệu quả giảm sát thương nhất định.",1,8.0,0
96032,Say rượu,"Trong thời gian duy trì, khi thi triển Thần Long Thổ Hỏa và Thái Bạch Túy Nguyệt, có thể không cần uống rượu lần nữa.",1,30.0,0
96033,Không thể khóa,,1,10.0,0
96034,Giảm một nửa lượng chân khí bị trừ,,1,10.0,0
96035,Mê Tung,"Trong thời gian duy trì, khả năng né tránh được tăng cường, tiêu hao thể lực giảm.",1,15.0,0
96036,Tửu Khí,,1,6.0,0
96037,Nổ hỗn hợp rượu lửa,,1,0.2,0
96038,Xích Diễm,,1,-1.0,0
96039,Độc cóc,"Độc khí Kim Thiềm nhập thể, sau khi thời gian duy trì kết thúc sẽ kích hoạt sát thương độc diện rộng.",1,5.0,0
96040,Nhân vật chính công phá Hám Bà Công 1 dấu mốc,,1,10.0,0
96041,Độc cóc,"Độc khí Kim Thiềm nhập thể, sau khi hết thời gian duy trì sẽ kích hoạt sát thương độc phạm vi, đồng thời lây nhiễm sang các đơn vị khác.",1,5.0,0
96042,Độc cóc,"Khí độc Kim Thiềm nhập thể, sau khi hết thời gian duy trì sẽ kích hoạt sát thương độc phạm vi và lây nhiễm sang các đơn vị khác.",1,5.0,0
96043,Độc cóc,"Độc khí Kim Thiềm nhập thể, sau khi thời gian duy trì kết thúc sẽ kích hoạt sát thương độc khí phạm vi.",1,5.0,0
96044,Nhân vật chính Tự Tại Vô Ngại đột phá mốc 1,,1,10.0,0
96045,Đoạn cân,"Gân đứt xương sai, một thời gian không thể sử dụng khinh công.",1,5.0,0
96046,Kim Ngọc Thủ của nhân vật chính đột phá cấp 1,,1,10.0,0
96047,Kim Ngọc Thủ của nhân vật chính đột phá 2 dấu hiệu,,1,10.0,0
96048,Kim Ngọc Thủ của nhân vật chính đột phá 2 mục tiêu dễ bị thương,,1,10.0,0
96049,Kim Ngọc Thủ của nhân vật chính đột phá cấp 3,,1,10.0,0
96050,Nhân vật chính hấp thụ sao trăng đột phá 1 dấu hiệu,,1,10.0,0
96051,Nhân vật chính Thuật Tinh Trích Nguyệt đột phá mốc 2,,1,10.0,0
96052,Nhân vật chính Hấp Tinh Đoạt Nguyệt đột phá 2 gây thương tổn dễ trúng mục tiêu,,1,10.0,0
96053,"Nhân vật chính hấp thụ tinh tú, nắm lấy mặt trăng đột phá 3 dấu ấn",,1,10.0,0
96054,Đánh dấu đột phá Thái Cực của nhân vật chính đạt 1,,1,10.0,0
96055,Đánh dấu đột phá Thái Cực của nhân vật chính 2,,1,10.0,0
96056,Thái Cực đột phá 2 của nhân vật chính gây thêm hiệu ứng dễ bị thương lên mục tiêu,,1,10.0,0
96057,Đánh dấu đột phá Thái Cực cấp 3 của nhân vật chính,,1,10.0,0
96058,Đánh dấu nhân vật chính Lăng Vân Đạp Phá cấp 1,,1,10.0,0
96059,Nhân vật chính Lăng Vân Đạp đột phá mốc 2,,1,10.0,0
96060,Cấp độ nhân vật Lăng Vân Đạp đột phá 2 mục tiêu gây hiệu ứng dễ bị tổn thương,,1,10.0,0
96061,Nhân vật chính Lăng Vân Đạp đột phá mốc 3,,1,10.0,0
96062,Mê Tung,,1,15.0,0
98630,Nộ Khí,,1,-1.0,0
98631,Giảm sát thương,,1,2.0,0
98632,Nhập hồn,"Định thân, hồi phục trạng thái bình thường sau khi nhận sát thương",1,3.0,0
98633,Liên tục nhập hồn,,1,40.0,0
98634,Ẩn thân,,1,-1.0,0
98635,Ẩn thân,,1,-1.0,0
98636,Làm mù,,1,8.0,0
98637,Khóa chân khí + Khóa máu + Bất động,,1,2.0,0
98638,Thiên Lộc nhị giai đoạn đánh dấu,,1,-1.0,0
98639,Ẩn thân,,1,1.5,0
98640,Vũ khí biến mất,,1,5.0,0
98641,Không thể khóa,,1,2.466,0
98642,Ẩn thân,,1,2.466,0
98643,BUFF đếm ngược đẩy gấu,,1,1.0,0
98644,0,,1,1.0,0
98645,1,,1,1.0,0
98646,2,,1,1.0,0
98647,3,,1,1.0,0
98648,4,,1,1.0,0
98649,5,,1,1.0,0
98650,Vượt quá 5,,1,1.0,0
98651,0,,1,1.0,0
98652,1,,1,1.0,0
98653,2,,1,1.0,0
98654,3,,1,1.0,0
98655,4,,1,1.0,0
98656,5,,1,1.0,0
98657,Vượt quá 5,,1,1.0,0
98658,Tự thân phán đoán,,1,1.0,0
98670,Chống gián đoạn,,1,2.0,0
98671,Giảm sát thương,,1,2.0,0
98672,Giảm sát thương,,1,2.0,0
98673,Lớp chồng tĩnh lặng,,5,1.0,0
98674,Trầm mặc,"Bị câm lặng, không thể sử dụng kỹ năng.",1,3.0,0
98675,Giảm sát thương,,1,2.0,0
98676,Giảm sát thương,,1,2.0,0
98677,Vô Tướng Kim Thân,"Tạo ra lá chắn hấp thụ sát thương khí huyết, nhận được tăng cường khả năng chống đứt quãng và hiệu ứng giảm sát thương nhất định.",1,10.0,0
98678,Không thể chọn,,1,2.0,0
98679,Đánh dấu mục tiêu 1,,1,1.0,0
98680,Đánh dấu mục tiêu 2,,1,1.0,0
98681,Định Thân,"Bị định thân, không thể di chuyển hoặc sử dụng hầu hết kỹ năng.",1,7.0,0
98682,Định Thân,"Bị định thân, không thể di chuyển hoặc sử dụng hầu hết kỹ năng.",1,7.0,0
98683,Định Thân,"Bị Định Thân, không thể di chuyển hoặc sử dụng hầu hết kỹ năng.",1,7.0,0
98684,Định Thân,"Bị định thân, không thể di chuyển hoặc sử dụng hầu hết kỹ năng.",1,7.0,0
98685,Định Thân,"Bị định thân, không thể di chuyển hoặc sử dụng hầu hết kỹ năng.",1,7.0,0
98686,Định Thân,"Bị định thân, không thể di chuyển hoặc sử dụng hầu hết kỹ năng.",1,7.0,0
98687,Định Thân,"Bị định thân, không thể di chuyển hoặc sử dụng hầu hết kỹ năng.",1,7.0,0
98688,Định Thân,"Bị định thân, không thể di chuyển hoặc sử dụng phần lớn kỹ năng.",1,7.0,0
98689,Định Thân,"Bị định thân, không thể di chuyển hoặc sử dụng hầu hết kỹ năng.",1,7.0,0
98690,Định Thân,"Bị định thân, không thể di chuyển hoặc sử dụng hầu hết kỹ năng.",1,7.0,0
98691,Định Thân,"Bị định thân, không thể di chuyển hoặc thi triển hầu hết kỹ năng.",1,7.0,0
98692,Định Thân,"Bị định thân, không thể di chuyển hoặc sử dụng hầu hết kỹ năng.",1,7.0,0
98693,Nhân vật chính Diệp Long đột phá mốc 2,,1,1.0,0
98694,Nhân vật chính Diệp Long đột phá 3 dấu ấn,,1,1.0,0
98695,Phá Phòng,Giảm sức phòng ngự và tốc độ hồi phục thể lực.,1,5.0,0
98696,Mất thù hận,,1,7.0,0
98697,Lăng Hư Nhất Chỉ Cường Hóa,Tăng 20% sát thương Lăng Hư Nhất Chỉ.,1,7.0,0
98698,Kỹ năng kích hoạt trạng thái #Y Ẩn Thân#E khi được Chu Hồng Tuyến hỗ trợ,,1,-1.0,0
98699,Quỷ Công Tử lóe sáng lộ diện,,1,2.0,0
98700,Đồng sinh cộng tử,"Lời chúc từ Y Đao, trong thời gian liên kết linh hồn, bản thân giảm 30% sát thương nhận vào, Y Đao tăng 30% sát thương nhận vào.",1,10.0,0
98701,Đồng sinh cộng tử,"Trong thời gian liên kết linh hồn, bản thân nhận sát thương giảm 30%, Y Đao nhận sát thương tăng 30%.",1,-1.0,0
98702,Nhẹ tựa yến,"Tốc độ di chuyển tăng 50%, sát thương tăng 20%.",1,10.0,0
98703,Viên Kim Cương · Chuyên sâu Chân Khí,,1,-1.0,0
98704,Tiếp tục nhập hồn,,1,1.0,0
98705,Buff miễn thương cho NPC trợ chiến,,1,-1.0,0
98706,Quỷ Công Tử chuyển giai đoạn khóa máu,,1,-1.0,0
98707,Tiểu bá thể,,1,2.0,0
98708,Huyễn ảnh NPC trợ chiến,,1,-1.0,0
98709,Giảm sát thương,,1,3.0,0
98710,Hiệu ứng giảm kích thước của Thuật Co Xương,,1,-1.0,0
98711,Đánh dấu BUFF Bật Đèn Mộ Kim,,1,-1.0,0
98712,Mạc Kim Yên Vụ Đạn dùng một lần,,1,-1.0,0
98713,Mạc Kim Tật Phong Tán dùng một lần,,1,-1.0,0
98714,Mạc Kim Linh Mục Tán dùng một lần,,1,-1.0,0
98715,Phân thân Mạc Kim dùng một lần,,1,-1.0,0
98716,Thuốc Nhìn Xuyên Đêm Mạc Kim dùng một lần,,1,-1.0,0
98717,Mạc Kim Thủ Mạc Kim dùng một lần,,1,-1.0,0
98718,Hiệu ứng hồi sinh Mạc Kim,,1,3.0,0
98719,Ẩn tích Khói Cầu,,1,2.0,0
98720,Thần Hành Tán,Tăng tốc độ di chuyển của bản thân.,1,10.0,0
98721,Nghe Gió Tán,Có thể nhìn thấy dấu vết của tất cả mọi người xung quanh.,1,8.0,0
98722,Nước mắt bò,Có thể nhìn rõ môi trường xung quanh trong chốc lát.,1,5.0,0
98723,Mạc Kim Thủ,Giảm thời gian tương tác khi mở quan tài lần tiếp theo.,1,-1.0,0
98724,Âm Dương Huyền Giáp,Miễn nhiễm một lần sát thương Bạo Kích.,1,-1.0,0
98725,BUFF nhìn đêm sau khi Mạc Kim chết,,1,3.0,0
98726,Hiệu ứng nhìn đêm Mạc Kim,,1,4.0,0
98727,Trong thời gian ngắn không thể chọn,,1,2.0,0
98728,Cầu Nguyện,"Lời chúc từ #YChu Hồng Tuyến#E, trong thời gian này nếu nhận sát thương Bạo Kích, có thể hồi sinh tại chỗ.",1,10.0,0
98729,Vô Tướng Kim Thân,,1,12.0,0
98730,Vô Tướng Kim Thân,,1,0.1,0
98731,Miễn nhiễm lực xung kích,,1,3.0,0
98732,Giáng Liệu,Hiệu quả hồi phục nhận được toàn cục giảm 60%.,1,5.0,0
98733,BUFF nhìn trong đêm sau khi Mạc Kim chết,,1,5.0,0
98734,Sát thủ mang giáp không thể chọn trúng,,1,5.6,0
98735,Bất tử,,1,-1.0,0
98736,Tiêu Ngâm Thiên Lãng,,1,7.4,0
98737,Tiêu Ngâm Thiên Lãng,,1,9.9,0
98738,Tiêu Ngâm Thiên Lãng,,1,9.9,0
98739,Nhân vật chính Diệp Long đột phá 4 đánh dấu,,1,1.0,0
98740,Tăng sát thương,Tăng 2.5% sát thương cho bản thân.,1,10.0,0
98741,Tăng thương,Tăng 5% sát thương cho bản thân.,1,10.0,0
98742,Tăng thương,Tăng 7.5% sát thương cho bản thân.,1,10.0,0
98743,Tăng sát thương,Tăng 10% sát thương cho bản thân.,1,10.0,0
98744,Tăng Sát thương,Tăng 12.5% sát thương cho bản thân.,1,10.0,0
98745,Tăng sát thương,Đề thăng tự thân 15% thương hại.,1,10.0,0
98746,Nhân vật chính Kim Ngọc Thủ đột phá 4 đánh dấu,,1,10.0,0
98747,Nhân vật chính Nhiếp Tinh Na Nguyệt đột phá 4 dấu hiệu,,1,10.0,0
98748,Nhân vật chính Thái Cực Đột Phá 4 đánh dấu,,1,10.0,0
98749,Nhân vật chính Lăng Vân Đạp đột phá 4 đánh dấu,,1,10.0,0
98750,Vô Tướng Kim Thân,"Tạo ra lá chắn có thể hấp thụ sát thương Khí Huyết, nhận được khả năng kháng gián đoạn và hiệu quả giảm thương nhất định.",1,10.0,0
98751,Mê Tung,,1,15.0,0
98752,Tăng sát thương,Tăng 15% sát thương cho bản thân.,1,8.0,0
98753,Sát thương bền bỉ,,1,10.0,0
98754,Sát thương bền bỉ,,1,0.1,0
98755,Nhân vật chính Cáp Mô Công đột phá 4 đánh dấu,,1,10.0,0
98756,Thiềm độc,,1,0.1,0
98757,Thần Long Thổ Hỏa Kế Tầng,,2,3.0,0
98758,Tầng Thần Long Thổ Hỏa Kế,,1,0.1,0
98759,Đột phá tầng Túy Quyền,,4,5.0,0
98760,Nhân vật chính tự tại vô ngại đột phá 4 dấu ấn,,1,10.0,0
98761,Đoạn Cân,"Đoạn gân sai cốt, trong một khoảng thời gian không thể sử dụng khinh công.",1,7.0,0
98762,Nhân vật chính Ưng Trảo đột phá 4 đánh dấu,,1,5.0,0
98763,Tăng sát thương,Tăng sát thương bản thân 15%.,1,6.0,0
98764,Dược Xoa đột phá 4 · Đánh vỡ phòng ngự thành công tăng thương đánh dấu,,1,5.0,0
98765,Tăng thương,Tăng 20% sát thương cho bản thân.,1,7.5,0
98766,Dấu hiệu đột phá tự tại vô ngại của nhân vật chính,,1,10.0,0
98767,Nhân vật chính đánh Cẩu Bổng Đột Phá 1 đánh dấu · Người chơi tăng thương,,1,10.0,0
98768,Đột phá 2 đánh dấu của chủ giác đánh cẩu bổng · đứt gân 1,,1,10.0,0
98769,Nhân vật chính gậy đánh chó đột phá 4 đánh dấu · Đoạn Cân 2,,1,10.0,0
98770,Nhân vật chính Dược Xoa đột phá 1 đánh dấu · người chơi tăng thương,,1,10.0,0
98771,Chủ giác Dược Xoa đột phá 2 đánh dấu · Trầm mặc,,1,10.0,0
98772,Im lặng,"Bị câm lặng, không thể sử dụng kỹ năng.",1,3.0,0
98773,Đột phá dấu ấn móng vuốt đại bàng của nhân vật chính · phá phòng cấm nại,,1,10.0,0
98774,Kỵ Long Hồi Mã Đột Phá 1 · Người chơi tăng thương,,1,10.0,0
98775,Phá Phòng Phá Tự Đặc Hiệu,,1,1.0,0
98776,Nhạc kỳ thuật tiêu của nhân vật chính,,1,15.0,0
98777,Hiệu ứng kết nối da liên kết huyệt nhanh,,1,5.5,0
98778,Hiệu ứng liên kết da nhanh điểm huyệt,,1,7.5,0
98779,Hoạt động 61 thu nhỏ BUFF,,1,-1.0,0
98780,Hoạt động 6.1 móc nối 1,,1,-1.0,0
98781,Hoạt động 6.1 kết nối 2,,1,-1.0,0
98782,Hoạt động 61-Kết nối 3,,1,-1.0,0
98783,Lục nhất hoạt động quải tiếp 4,,1,-1.0,0
98784,Hoạt động 61 kết nối 5,,1,-1.0,0
98785,Hoạt động 6 tháng 1 gắn vào 6,,1,-1.0,0
98786,Hoạt động 61 kết nối 7,,1,-1.0,0
98787,Hoạt động 6.1 gắn kết 8,,1,-1.0,0
98788,Tiêu ngâm thiên lãng,,1,7.4,0
98789,Tiêu Ngâm Thiên Lãng,,1,9.9,0
98790,Tiêu Ngâm Thiên Lãng,,1,9.9,0
98791,Lăng Vân đạp phá cường nhận đánh dấu,,1,10.0,0
98792,Tiêu ngâm thiên lãng · Long Nữ,,1,10.0,0
98793,Giảm thương,,1,2.0,0
98794,Giảm thương,,1,2.0,0
98795,Miễn sát thương chân khí,,1,2.0,0
98797,Cáp mô công đột phá BUFF,,1,4.0,0
98798,Ếch Nhái Công đột phá BUFF,,1,2.0,0
100000,Kích Thế,"(Chỉ dùng để kiểm tra) Sát thương khí huyết tăng 10%, tối đa có thể cộng dồn 10 tầng, hiệu lực vĩnh viễn.",10,-1.0,1
100099,Trâu Máu,"(Chỉ dùng để kiểm tra) Tăng tối đa 100000 Máu và Khí, hiệu lực vĩnh viễn.",1,-1.0,1
102001,Buff thử nghiệm,Tấn công tối đa tối thiểu -10%,1,-1.0,0
102002,Thử nghiệm buff,Tấn công tối đa tối thiểu -10%,1,-1.0,0
102003,Thử nghiệm buff,Giới hạn Khí Huyết giảm 10%,1,-1.0,0
102004,Thử nghiệm buff,Thuộc tính phòng ngự giảm 10%,1,-1.0,0
102005,Thử nghiệm buff,Giá trị Bạo Kích/Kháng Bạo Kích giảm 10%,1,-1.0,0
102006,Thử nghiệm buff,Tốc độ tu luyện giảm 50%,1,-1.0,0
102007,Thử nghiệm buff,"Giới hạn giá trị Khinh công giảm 50%, tốc độ hồi phục giảm 50%",1,-1.0,0
102008,Thử nghiệm buff,Giới hạn thể lực giảm 50%,1,-1.0,0
102009,Thử nghiệm buff,"Giảm 50% giới hạn điểm thể lực, giảm 50% tốc độ hồi phục",1,-1.0,0
102010,Thử nghiệm buff,"Giới hạn điểm nộ khí giảm 50%, tốc độ hồi phục giảm 50%",1,-1.0,0
102011,Thử nghiệm buff,"Giới hạn Chân Khí giảm 50%, tốc độ hồi phục giảm 50%",1,-1.0,0
102012,Thử nghiệm buff,Không thể sử dụng Đại Khinh Công,1,-1.0,0
102013,Thử nghiệm buff,Thời gian phi nước đại của ngựa giảm 50%,1,-1.0,0
102014,Thử nghiệm buff,"Tấn công chặt cây, đào khoáng giảm 50%",1,-1.0,0
102015,Thử nghiệm buff,Kích hoạt hiệu ứng khống chế mạnh của buff chính,1,-1.0,0
102017,Thử nghiệm buff,Không thể đốn cây và đào khoáng,1,-1.0,0
102018,Thử nghiệm buff,Tốc độ hồi đáp ý tưởng của Văn Sĩ giảm 100%,1,-1.0,0
102019,Thử nghiệm buff,Buff chính kích hoạt trạng thái choáng váng do lời nói,1,-1.0,0
102021,Thử nghiệm buff,"Sau khi hồi sinh, sinh mệnh hiện tại giảm 10%",1,-1.0,0
102022,Thử nghiệm buff,,1,-1.0,0
102023,Thử nghiệm buff,Miễn nhiễm bệnh tật chỉ định id,1,60.0,0
102024,Thay y phục,,1,1.0,0
102030,Tóc mai tuyết sương khí · Tầng một,Giảm 1% tấn công tối đa/tối thiểu,1,-1.0,0
102031,Tóc mai tuyết sương khí · Tầng hai,Giảm 1.5% tấn công tối đa/tối thiểu,1,-1.0,0
102032,Tóc Mai Tuyết Sương Khí · Tam Trọng,Giảm 2% tấn công tối đa/tối thiểu,1,-1.0,0
102033,Tóc bạc sương giá · Tầng bốn,Giảm 5% tấn công tối đa/tối thiểu,1,-1.0,0
102040,Thiên Cương Nội Kình · Tầng Một,"Giảm 1% giới hạn khí huyết, giảm 1% phòng ngự",1,-1.0,0
102041,Thiên Cương Nội Kình · Nhị Trọng,"Giảm 1.5% giới hạn sinh lực, giảm 1.5% phòng ngự",1,-1.0,0
102042,Thiên Cương Nội Kình · Tam Trọng,"Giảm 2% giới hạn sinh lực, giảm 2% phòng ngự",1,-1.0,0
102043,Thiên Cương Nội Kình · Tứ Trọng,"Giảm 5% giới hạn Khí Huyết, giảm 5% Phòng Ngự",1,-1.0,0
102050,Khi Tuyết Ảo Âm · Tầng một,Giảm 1% giá trị Tỷ Lệ Bạo Kích/Kháng Bạo Kích,1,-1.0,0
102051,Khi Tuyết Huyễn Âm · Tầng hai,Giảm 1.5% giá trị Bạo Kích/Kháng Bạo Kích,1,-1.0,0
102052,Khi Tuyết Ảo Âm · Tam Trọng,Giảm 2% giá trị Bạo Kích/Kháng Bạo Kích,1,-1.0,0
102053,Khi Tuyết Huyễn Âm · Tứ Trọng,Giảm 5% giá trị Bạo Kích/Kháng Bạo Kích,1,-1.0,0
102060,Sơn Thủy Tịch Ý · Tầng Một,"Giảm 1% giới hạn khí huyết, giảm 1% phòng ngự",1,-1.0,0
102061,Sơn Thủy Tịch Ý · Tầng hai,"Giảm 1.5% giới hạn khí huyết, giảm 1.5% phòng ngự",1,-1.0,0
102062,Sơn Thủy Tịch Ý · Tam Trọng,"Giảm 2% giới hạn khí huyết, giảm 2% phòng ngự",1,-1.0,0
102063,Sơn Thủy Tịch Ý · Tứ Trọng,"Giảm 5% giới hạn khí huyết, giảm 5% phòng ngự",1,-1.0,0
102070,Doanh Khuyết Chuyển Thuật · Tầng Một,Giảm 1% giá trị Hội Ý/kháng cự Hội Ý,1,-1.0,0
102071,Oánh Khuyết Chủy Thuật · Nhị Trọng,Giảm 1.5% giá trị Hội Ý/Kháng Hội Ý,1,-1.0,0
102072,Oánh Khuyết Chủy Thuật · Tam Trọng,Giảm 2% giá trị Hội Ý/Kháng Hội Ý,1,-1.0,0
102073,Oánh Khuyết Chủy Thuật · Tứ Trọng,Giảm 5% giá trị Hội Ý/Kháng cự Hội Ý,1,-1.0,0
102090,Khí Huyết Nghịch Hành · Tầng Một,Tốc độ tu luyện giảm 10%,1,-1.0,0
102091,Khí Huyết Nghịch Hành · Tầng hai,Tốc độ tu luyện giảm 20%,1,-1.0,0
102092,Khí Huyết Nghịch Hành · Tam Trọng,Tốc độ tu luyện giảm 30%,1,-1.0,0
102093,Khí Huyết Nghịch Hành · Tứ Trọng,Cấm tu luyện nội công,1,-1.0,0
102098,Tổn thương kinh mạch,"Tạm thời chưa bộc phát triệu chứng nghiêm trọng, nhưng vết thương vẫn âm ỉ đau nhức.",1,-1.0,0
102099,Độc kịch của Cá Nóc,"Toàn thân tê liệt, ý thức đang rời khỏi cơ thể.",1,20.0,0
102100,Bong Gân,Bị trẹo do ngã từ trên cao. Tốc độ hồi phục Thể lực giảm 5%.,1,-1.0,0
102101,Lệch Xương,Bong gân nặng hơn sẽ trở thành gãy xương. Tốc độ hồi phục Thể lực giảm 15%.,1,-1.0,0
102102,Nứt Xương,"Chấn thương xương nặng chuyển thành nứt xương. Tốc độ hồi phục thể lực giảm 15%, không thể chạy nước rút.",1,-1.0,0
102103,Gãy Xương,"Xương nứt nghiêm trọng hơn thành nứt xương. Tốc độ hồi phục thể lực giảm 15%, không thể chạy nhanh, chỉ có thể đi chậm.",1,-1.0,0
102110,Theo Gió,Bị nhiễm phong hàn trong môi trường lạnh giá. Phòng ngự Ngoại Công giảm 1%,1,-1.0,0
102111,Thương phong,Bị nhiễm phong hàn trong môi trường lạnh giá. Phòng ngự Ngoại Công giảm 1.5%,1,-1.0,0
102112,Phong hàn,Bị nhiễm phong hàn trong môi trường lạnh giá. Phòng ngự Ngoại Công giảm 2%,1,-1.0,0
102113,Hàn tật,Nhiễm phong hàn trong môi trường lạnh giá. Phòng ngự Ngoại Công giảm 5%,1,-1.0,0
102120,Thân tàn thể nhược · Tầng một,"Bệnh tật về cơ xương khớp liên tục tiến triển nặng hơn. #R Khí huyết tối đa giảm 1%, không thể sử dụng Đại Khinh Công#E.",1,-1.0,0
102121,Thân tàn thể nhược · Tầng hai,"Bệnh tật về cơ gân xương liên tục tiến triển nặng hơn. #R Giảm 3% giới hạn Khí Huyết, không thể sử dụng Đại Khinh Công#E.",1,-1.0,0
102122,Thân tàn thể nhược · Tam trọng,"Bệnh tật về cơ bắp và xương liên tục tiến triển nặng hơn. #R Khí huyết tối đa giảm 5%, không thể sử dụng khinh công cấp cao#E.",1,-1.0,0
102123,Thân tàn thể nhược · Tứ trọng,"Bệnh tật về cơ xương liên tục tiến triển nặng hơn. #R Giới hạn Khí Huyết giảm 8%, không thể sử dụng Đại Khinh Công#E.",1,-1.0,0
102124,Thân tàn thể nhược · Ngũ trọng,"Bệnh tật về cơ xương liên tục tiến triển nặng hơn. #R Giảm 11% giới hạn Khí Huyết, không thể sử dụng Đại Khinh Công#E.",1,-1.0,0
102125,Thân tàn thể nhược · Lục trọng,"Các bệnh về cơ xương liên tục tiến hóa và trở nặng. #R Khí huyết tối đa giảm 15%, không thể sử dụng khinh công cấp cao#E.",1,-1.0,0
102126,Thân Tàn Thể Lược · Thất Trọng,"Bệnh lý cơ xương liên tục tiến triển nặng hơn. #R Giảm 20% giới hạn Khí Huyết, không thể sử dụng Khinh Công cấp cao#E.",1,-1.0,0
102127,Thân tàn thể nhược · Bát Trọng,"Bệnh về cơ xương không ngừng tiến triển nặng hơn. #R Giảm 25% giới hạn Khí Huyết, không thể sử dụng Đại Khinh Công#E.",1,-1.0,0
102128,Thân tàn thể nhược · Cửu Trọng,"Bệnh tật về cơ gân xương liên tục tiến triển nặng hơn. #R Giới hạn Khí Huyết giảm 30%, không thể sử dụng Đại Khinh Công#E.",1,-1.0,0
102130,Bụng Dạ (Ác Độc),Đã ăn phải thức ăn không sạch sẽ. #R Tốc độ hồi phục thể lực giảm 5%#E.,1,-1.0,0
102131,Nhu tiết,Đã ăn phải thức ăn không sạch sẽ. #R Tốc độ hồi phục thể lực giảm 10%#E.,1,-1.0,0
102132,Tiêu chảy,Đã ăn phải thức ăn không sạch sẽ. #R Tốc độ hồi phục Thể lực giảm 15%#E.,1,-1.0,0
102133,Bệnh lỵ,Đã ăn phải thức ăn không sạch sẽ. #R Tốc độ hồi phục thể lực giảm 20%#E.,1,-1.0,0
102140,Ho khan,"Trong khu vực sương độc nhiễm phải bệnh phổi. Tấn công khi Chặt Gỗ/Khai Khoáng giảm 10%, sau 20 lần hành động sẽ vào trạng thái khống chế mạnh, phát động động tác ho tại chỗ",1,-1.0,0
102141,Đàm Tiễn,"Bị nhiễm bệnh phổi trong khu vực độc khí. Lực tấn công khi đốn củi/khai khoáng giảm 20%, sau khi thực hiện 10 hành động sẽ bị khống chế mạnh và phát động động tác ho tại chỗ",1,-1.0,0
102142,Phổi sưng,"Bị bệnh phổi khi ở khu vực độc chướng. Lực tấn công khi đốn củi/khai khoáng giảm 50%, sau khi thực hiện 5 lần hành động sẽ bị khống chế mạnh và phát hoạt ảnh ho tại chỗ",1,-1.0,0
102143,Bệnh lao,"Trong khu vực sương độc nhiễm phải bệnh phổi. Tấn công khi Chặt Gỗ/Khai Khoáng giảm 80%, sau 5 lần hành động sẽ vào trạng thái khống chế mạnh, phát động động tác ho tại chỗ",1,-1.0,0
102144,Hồi sức,"Thở hổn hển không ngừng, không thể hành động.",1,5.0,0
102150,Bị nóng,Bị say nắng trong môi trường nóng bức. #R Phòng ngự Ngoại Công của nhân vật chính giảm 1%#E.,1,-1.0,0
102151,Phát sốt,Say nắng trong môi trường nóng bức. #R Phòng ngự Ngoại Công của nhân vật chính giảm 1.5%#E.,1,-1.0,0
102152,Say nắng,Bị say nắng trong môi trường nóng bức. #RPhòng ngự Ngoại Công của nhân vật chính giảm 2%#E.,1,-1.0,0
102153,Say nắng,Bị say nắng trong môi trường nóng bức. #R Phòng ngự Ngoại Công của nhân vật chính giảm 5%#E.,1,-1.0,0
102160,Nội Tạng Lao Thương · Trọng 1,"Bệnh nội tạng không ngừng tiến triển và trở nặng. #RThuộc tính phòng ngự giảm 1%, tốc độ di chuyển khi cưỡi ngựa giảm 3%#E.",1,-1.0,0
102161,Phủ Tạng Lao Thương · Tầng hai,"Bệnh nội tạng không ngừng tiến hóa và trở nặng. #R Thuộc tính phòng ngự giảm 3%, tốc độ di chuyển khi cưỡi ngựa giảm 6%#E.",1,-1.0,0
102162,Tổn thương nội tạng · Tam trọng,"Các bệnh về nội tạng không ngừng tiến hóa và trở nặng. #R Thuộc tính phòng ngự giảm 5%, tốc độ di chuyển khi cưỡi ngựa giảm 9%#E.",1,-1.0,0
102163,Phủ tạng lao tổn · Tứ trọng,"Bệnh tật nội tạng không ngừng tiến hóa và trở nặng. #R Thuộc tính phòng ngự giảm 7%, tốc độ di chuyển khi cưỡi ngựa giảm 12%#E.",1,-1.0,0
102164,Ngũ Tạng Lao Thương · Ngũ Trọng,"Bệnh nội tạng không ngừng tiến hóa và trở nặng. #R Thuộc tính phòng ngự giảm 9%, tốc độ di chuyển khi cưỡi ngựa giảm 15%#E.",1,-1.0,0
102165,Phủ tạng lao tổn · Lục trọng,"Các bệnh về nội tạng không ngừng tiến triển và trở nên nghiêm trọng hơn. #RThuộc tính phòng ngự giảm 11%, tốc độ di chuyển khi cưỡi ngựa giảm 18%#E.",1,-1.0,0
102166,Phủ Tạng Lao Thương · Thất Trọng,"Các bệnh về nội tạng không ngừng tiến hóa và trở nặng. #R Thuộc tính phòng ngự giảm 13%, tốc độ di chuyển khi cưỡi ngựa giảm 21%#E.",1,-1.0,0
102167,Tổn thương nội tạng · Bát Trọng,"Bệnh nội tạng không ngừng tiến triển nặng hơn. #R Thuộc tính Phòng ngự giảm 15%, tốc độ di chuyển khi cưỡi ngựa giảm 24%#E.",1,-1.0,0
102168,Phủ Tạng Lao Thương · Cửu Trọng,"Bệnh nội tạng không ngừng tiến triển nặng hơn. #R Thuộc tính phòng ngự giảm 20%, tốc độ di chuyển khi cưỡi ngựa giảm 27%#E.",1,-1.0,0
102170,Bệnh độc thú,"Trúng độc thú, tạm thời chưa xuất hiện triệu chứng, nhưng mơ hồ có dấu hiệu điên cuồng.",1,-1.0,0
102171,Độc thú phát tác,"Thỉnh thoảng xuất hiện ảo giác, vô cớ làm hại người khác.",1,-1.0,0
102172,Trúng độc,"Thỉnh thoảng xuất hiện ảo giác, vô cớ làm hại người khác.",1,10.0,0
102180,Tư Uất,"Bị kinh hãi ở một số khu vực. Khi thi triển thuật pháp, #R tốc độ hồi phục tư duy giảm 10%#E. Khi trị liệu bằng Huyền Hồ, #R có 20% xác suất ngẫu nhiên hiển thị kỹ năng#E.",1,-1.0,0
102181,Lười biếng,"Bị kinh hãi ở một số khu vực. Khi thi triển thuật nói chuyện, #R tốc độ hồi phục tư duy giảm 20%#E. Khi trị liệu bằng bình hồ lô, #R có 30% xác suất ngẫu nhiên hiển thị kỹ năng#E.",1,-1.0,0
102182,Điên cuồng,"Bị kinh hãi ở một số khu vực. Khi thực hiện biện luận, #R tốc độ hồi phục tư duy giảm 30%#E. Khi thực hiện chữa trị bằng bình hồ lô, #R có 40% xác suất ngẫu nhiên hiển thị kỹ năng#E.",1,-1.0,0
102183,Nhồi máu não,"Bị kinh hãi ở một số khu vực. Khi thi triển thoại thuật, #R tốc độ hồi phục tư duy giảm 50%#E. Khi trị liệu bằng huyền hồ, #R có 60% xác suất ngẫu nhiên hiển thị kỹ năng#E.",1,-1.0,0
102190,Chấn thương sọ não,"Đầu bị trọng thương, #R tốc độ hồi phục Chân Khí giảm 5%#E.",1,-1.0,0
102191,Choáng váng,"Đầu bị trọng thương, #R tốc độ hồi phục chân khí giảm 8%#E.",1,-1.0,0
102192,Đau đầu,"Đầu bị trọng thương, #R tốc độ hồi phục Chân Khí giảm 10%#E.",1,-1.0,0
102193,Đột tử,"Đầu bị trọng thương, #R tốc độ hồi phục Chân Khí giảm 12%#E.",1,-1.0,0
102200,Linh Đài Tẫn Diệt · Tầng một,"Các bệnh về thần trí không ngừng tiến hóa và trở nặng. Tỷ lệ Bạo Kích, kháng Bạo Kích giảm 1%, thường xuyên không phân biệt được trái phải trong 3 giây",1,-1.0,0
102201,Linh Đài Tẫn Diệt · Nhị Trọng,"Bệnh lý về thần trí không ngừng tiến hóa và trở nặng. Tỷ lệ Bạo Kích, Kháng Bạo Kích giảm 3%, thường xuyên không phân biệt được trái phải trong 3 giây.",1,-1.0,0
102202,Linh Đài Tẫn Diệt · Tam Trọng,"Bệnh lý về thần trí không ngừng tiến triển và trở nặng. Giảm 5% Tỷ lệ Bạo Kích và Kháng Bạo Kích, thường xuyên không phân biệt được trái phải trong 3 giây",1,-1.0,0
102203,Linh Đài Tẫn Diệt · Tứ Trọng,"Bệnh lý về thần trí không ngừng tiến hóa và trở nặng. Tỷ lệ Bạo Kích, kháng Bạo Kích giảm 8%, thường xuyên không phân biệt được trái phải trong 3 giây.",1,-1.0,0
102204,Linh Đài Tẫn Diệt · Ngũ Trọng,"Bệnh lý về thần trí liên tục tiến hóa và trở nặng. Tỷ lệ Bạo Kích, kháng Bạo Kích giảm 11%, thường xuyên không phân biệt được trái phải trong 3 giây.",1,-1.0,0
102205,Linh Đài Tẫn Diệt · Lục Trọng,"Bệnh lý về thần trí không ngừng tiến triển nặng hơn. Tỷ lệ Bạo Kích, Kháng Bạo Kích giảm 15%, thường xuyên không phân biệt được trái phải trong 3 giây",1,-1.0,0
102206,Linh Đài Tẫn Diệt · Thất Trọng,"Bệnh lý về thần trí không ngừng tiến hóa và trở nặng. Tỷ lệ Bạo Kích, kháng Bạo Kích giảm 20%, thường xuyên không phân biệt được trái phải trong 3 giây",1,-1.0,0
102207,Linh Đài Tẫn Diệt · Bát Trọng,"Bệnh lý thần trí liên tục tiến hóa và trở nặng. Tỉ lệ Bạo Kích, Kháng Bạo Kích giảm 25%, thường xuyên không phân biệt được trái phải trong 3 giây",1,-1.0,0
102208,Linh Đài Tẫn Diệt · Cửu Trọng,"Bệnh tật về thần trí không ngừng tiến triển nặng hơn. Tỷ lệ Bạo Kích, kháng Bạo Kích giảm 30%, thường xuyên không phân biệt được trái phải trong 3 giây",1,-1.0,0
102210,Nhầm lẫn trái phải,"Tinh thần hỗn loạn, thường xuyên mê man, không phân biệt được trái phải",1,3.0,0
102211,Không phân biệt phải trái,"Thần trí hỗn loạn, thường xuyên mơ màng, không phân biệt được trái phải",1,3.0,0
102212,Không phân biệt trái phải,"Tinh thần hỗn loạn, thường xuyên mơ mơ màng màng, không phân biệt được trái phải.",1,3.0,0
102213,Không phân biệt trái phải,"Thần trí hỗn loạn, thường xuyên mơ màng, không phân biệt được trái phải.",1,3.0,0
102214,Không phân biệt trái phải,"Tinh thần hỗn loạn, thường xuyên mơ màng, không phân biệt được trái phải",1,3.0,0
102215,Không phân biệt phải trái,"Tinh thần hỗn loạn, thường xuyên mê muội, không phân biệt được trái phải",1,3.0,0
102216,Không phân biệt trái phải,"Tinh thần hỗn loạn, thường xuyên mơ màng, không phân biệt được trái phải",1,3.0,0
102217,Không phân biệt trái phải,"Thần trí hỗn loạn, thường xuyên lơ mơ, không phân biệt được trái phải",1,3.0,0
102218,Không phân biệt trái phải,"Tinh thần hỗn loạn, thường xuyên mê muội, không phân biệt được trái phải",1,3.0,0
102220,Trướng Chướng,"Khu vực độc chướng có thể mắc bệnh này, #R tiêu hao tinh lực tăng 100%#E.",1,-1.0,0
102221,Mai chướng,"Khu vực độc khí có thể mắc bệnh này, #R tiêu hao tinh lực tăng 200%#E.",1,-1.0,0
102222,Trướng ung,"Khu vực độc vụ có thể mắc phải bệnh này, #R tiêu hao tinh lực tăng 300%#E.",1,-1.0,0
102223,Trướng nhiệt,"Khu vực độc khí có thể mắc phải căn bệnh này, #R tiêu hao tinh lực tăng 500%#E.",1,-1.0,0
102230,Run rẩy,"Trong môi trường cực kỳ lạnh giá, mắc phải căn bệnh này, #R tốc độ hồi phục Chân Khí giảm 5%#E.",1,-1.0,0
102231,Hàn Ưu,"Trong môi trường cực kỳ lạnh giá sẽ mắc phải căn bệnh này, #R tốc độ hồi phục chân khí giảm 8%#E.",1,-1.0,0
102232,Nhập Âm,"Trong môi trường cực kỳ lạnh giá mắc phải căn bệnh này, #R tốc độ hồi phục Chân Khí giảm 10%#E.",1,-1.0,0
102233,Độc địa,极端寒冷的环境中患上此病，#R真气回复速度降低12%#E。,1,-1.0,0
102240,Đạo hãn,"Trong môi trường cực kỳ nóng bức mắc phải căn bệnh này, tỷ lệ thành công của thuật giang hồ · Kim Ngọc Thủ điểm huyệt sẽ giảm",1,-1.0,0
102241,Ứ trệ do nóng,"Mắc phải căn bệnh này trong môi trường cực kỳ nóng bức, tỷ lệ điểm huyệt thành công của kỳ thuật giang hồ · Kim Ngọc Thủ giảm",1,-1.0,0
102242,Nhập Dương,"Mắc phải căn bệnh này trong môi trường cực kỳ nóng bức, Tỷ lệ thành công điểm huyệt của thuật giang hồ Kim Ngọc Thủ giảm",1,-1.0,0
102243,Dương Độc,"Mắc bệnh trong môi trường cực nóng, tỷ lệ thành công điểm huyệt của võ kỹ Kim Ngọc Thủ giảm",1,-1.0,0
102250,Kinh Mạch Tàn Phế · Tầng Một,"Bệnh tật về thần trí không ngừng tiến hóa và trở nặng. #R Thuộc tính tấn công giảm 1%, sau khi hồi sinh sinh mệnh hiện tại là 50%#E.",1,-1.0,0
102251,Kinh Mạch Hủy Hoại · Tầng hai,"Bệnh lý về thần trí không ngừng tiến triển nặng hơn. #R Thuộc tính tấn công giảm 2%, sau khi hồi sinh sinh lực hiện tại là 45%#E.",1,-1.0,0
102252,Kinh hủy mạch tàn · Tam Trọng,"Bệnh lý về thần trí không ngừng tiến hóa và trở nặng. #R Thuộc tính tấn công giảm 3%, sau khi hồi sinh sinh mệnh hiện tại là 40%#E.",1,-1.0,0
102253,Kinh Hủy Mạch Tàn · Tứ Trọng,"Bệnh lý về thần trí không ngừng tiến hóa và trở nặng. #R Thuộc tính tấn công giảm 4%, sau khi hồi sinh sinh lực hiện tại là 35%#E.",1,-1.0,0
102254,Kinh Hủy Mạch Tàn · Ngũ Trọng,"Bệnh lý thần trí không ngừng tiến hóa và trở nặng. #R Thuộc tính tấn công giảm 5%, sau khi hồi sinh sinh mệnh hiện tại là 30%#E.",1,-1.0,0
102255,"Kinh mạch hủy hoại, mạch lạc tàn phế · Lục trọng","Bệnh lý về thần trí không ngừng tiến hóa và trở nặng. #R Thuộc tính tấn công giảm 6%, sau khi hồi sinh sinh mệnh hiện tại là 25%#E.",1,-1.0,0
102256,Kinh Hủy Mạch Tàn · Thất Trọng,"Bệnh thần trí không ngừng tiến triển nặng hơn. #R Thuộc tính tấn công giảm 7%, sau khi hồi sinh sinh lực hiện tại là 20%#E.",1,-1.0,0
102257,"Kinh mạch hủy hoại, Bát Trọng","Bệnh lý về thần trí không ngừng tiến hóa và trở nặng. #R Thuộc tính tấn công giảm 8%, sau khi hồi sinh sinh mệnh hiện tại là 15%#E.",1,-1.0,0
102258,"Kinh mạch hủy hoại, đứt đoạn · Cửu Trọng","Bệnh lý về thần trí không ngừng tiến hóa và trở nặng. #R Thuộc tính tấn công giảm 10%, sau khi hồi sinh sinh mệnh hiện tại là 10%#E.",1,-1.0,0
102261,Hạo Nhiên Ca · Cấp Một,Tăng {HP_MAX} điểm Khí Huyết.,1,18000.0,1
102262,Hạo Nhiên Ca · Cấp hai,Tăng {HP_MAX} điểm Khí Huyết.,1,18000.0,1
102263,Hạo Nhiên Ca · Cấp Ba,Tăng {HP_MAX} điểm khí huyết.,1,18000.0,1
102264,Hạo Nhiên Ca · Cấp Bốn,Tăng {HP_MAX} điểm khí huyết.,1,18000.0,1
102265,Hạo Nhiên Ca · Cấp Năm,Tăng {HP_MAX} điểm khí huyết.,1,18000.0,1
102270,Chiêng Ồn Ào · Cấp 1,Tăng {MAX_W_ATK} điểm Tấn công Ngoại Công.,1,18000.0,1
102271,Loạn Phá La · Cấp 2,Tăng thêm {MAX_W_ATK} điểm Tấn công Ngoại Công.,1,18000.0,1
102272,Loạn Trống · Cấp Ba,Tăng {MAX_W_ATK} điểm Tấn công Ngoại Công.,1,18000.0,1
102273,Huyên Phá La · Cấp Bốn,Tăng {MAX_W_ATK} điểm Tấn công Ngoại Công.,1,18000.0,1
102274,Loa Phá Cờ Chiêng · Cấp Năm,Tăng thêm {MAX_W_ATK} điểm Tấn công Ngoại Công.,1,18000.0,1
102280,Thiệt Chiến Kinh · Cấp Một,Tăng {MAX_W_ATK} điểm Tấn công Ngoại Công.,1,18000.0,1
102281,Thiệt Chiến Kinh · Cấp hai,Tăng thêm Tấn công Ngoại Công {MAX_W_ATK} điểm.,1,18000.0,1
102282,Thiệt Chiến Kinh · Cấp Ba,Tăng {MAX_W_ATK} điểm Tấn công Ngoại Công.,1,18000.0,1
102283,Thiệt Chiến Kinh · Cấp Bốn,Tăng {MAX_W_ATK} điểm Tấn công Ngoại Công.,1,18000.0,1
102284,Thiệt Chiến Kinh · Cấp Năm,Tăng {MAX_W_ATK} điểm Tấn công Ngoại Công.,1,18000.0,1
102290,Kiên Bạch Luận · Cấp Một,Tăng thêm {W_DEF} điểm thuộc tính phòng ngự.,1,18000.0,1
102291,Kiên Bạch Luận · Cấp Hai,Tăng thêm {W_DEF} điểm thuộc tính phòng ngự.,1,18000.0,1
102292,Kiên Bạch Luận · Cấp Ba,Tăng thêm {W_DEF} điểm thuộc tính phòng ngự.,1,18000.0,1
102293,Luận Kiên Bạch · Cấp Bốn,Tăng {W_DEF} điểm thuộc tính Phòng ngự.,1,18000.0,1
102294,Kiên Bạch Luận · Cấp Năm,Tăng thêm {W_DEF} điểm thuộc tính phòng ngự.,1,18000.0,1
102300,Động Tâm Quyết · Cấp Một,Tăng thêm {ACR_VALUE} điểm Chính Xác và {DOG_VALUE} điểm Kháng Chính Xác.,1,18000.0,1
102301,Động Tâm Quyết · Cấp Hai,Tăng thêm {ACR_VALUE} điểm chính xác và {DOG_VALUE} điểm kháng chính xác.,1,18000.0,1
102302,Động Tâm Quyết · Cấp Ba,Tăng thêm {ACR_VALUE} điểm Chính xác và {DOG_VALUE} điểm Kháng Chính xác.,1,18000.0,1
102303,Động Tâm Quyết · Cấp bốn,Tăng thêm {ACR_VALUE} điểm Chính Xác và {DOG_VALUE} điểm Kháng Chính Xác.,1,18000.0,1
102304,Động Tâm Quyết · Cấp năm,Tăng thêm {ACR_VALUE} điểm Chính xác và {DOG_VALUE} điểm Kháng Chính xác.,1,18000.0,1
102310,Chiếu Đảm Thuật · Cấp Một,Tăng {ATK_CRI_VALUE} điểm Tỷ lệ Bạo Kích và {ATK_CRI_RDC_VALUE} điểm Kháng Bạo Kích.,1,18000.0,1
102311,Chiếu Đảm Thuật · Cấp hai,Tăng {ATK_CRI_VALUE} điểm Tỷ lệ Bạo Kích và {ATK_CRI_RDC_VALUE} điểm Kháng Bạo Kích.,1,18000.0,1
102312,Chiếu Đảm Thuật · Cấp Ba,Tăng {ATK_CRI_VALUE} điểm Tỷ lệ Bạo Kích và {ATK_CRI_RDC_VALUE} điểm Kháng Bạo Kích.,1,18000.0,1
102313,Chiếu Đảm Thuật · Cấp Bốn,Tăng {ATK_CRI_VALUE} điểm Tỉ Lệ Bạo Kích và {ATK_CRI_RDC_VALUE} điểm Kháng Bạo Kích.,1,18000.0,1
102314,Chiếu Đảm Thuật · Cấp Năm,Tăng {ATK_CRI_VALUE} điểm Tỷ Lệ Bạo Kích và {ATK_CRI_RDC_VALUE} điểm Kháng Bạo Kích.,1,18000.0,1
102320,Hào ngôn thiên · Cấp một,Tăng {BASH_VALUE} điểm Hội Ý và {BASH_RDC_VALUE} điểm Kháng Hội Ý.,1,18000.0,1
102321,Hào ngôn thiên · Cấp hai,Tăng {BASH_VALUE} điểm Hội Ý và {BASH_RDC_VALUE} điểm Kháng Hội Ý.,1,18000.0,1
102322,Hào Ngôn Thiên · Cấp Ba,Tăng {BASH_VALUE} điểm Hội Ý và {BASH_RDC_VALUE} điểm Kháng Hội Ý.,1,18000.0,1
102323,Chương Hào Ngôn · Cấp Bốn,Tăng {BASH_VALUE} điểm Hội Ý và {BASH_RDC_VALUE} điểm Kháng Hội Ý.,1,18000.0,1
102324,Hào ngôn thiên · Cấp năm,Tăng {BASH_VALUE} điểm Hội Ý và {BASH_RDC_VALUE} điểm Kháng Hội Ý.,1,18000.0,1
102330,Hiệu ứng Vạn Tượng Ẩm,Tăng {PRO_ATK_A} điểm tấn công Minh Kim.,1,43200.0,1
102331,Hiệu ứng Vạn Tượng Ẩm,Tăng {PRO_ATK_A} điểm tấn công Minh Kim.,1,43200.0,1
102332,Hiệu quả của Vạn Tượng Ẩm,Tăng {PRO_ATK_A} điểm tấn công Minh Kim.,1,43200.0,1
102333,Hiệu quả Vạn Tượng Ẩm,Tăng {PRO_ATK_A} điểm Tấn công Minh Kim.,1,43200.0,1
102334,Hiệu ứng Vạn Tượng Ẩm,Tăng {PRO_ATK_A} điểm tấn công của Minh Kim.,1,43200.0,1
102335,Hiệu quả Vạn Tượng Ẩm,Tăng {PRO_ATK_A} điểm tấn công Minh Kim.,1,43200.0,1
102336,Hiệu quả Vạn Tượng Ẩm,Tăng {PRO_ATK_A} điểm tấn công Minh Kim.,1,43200.0,1
102340,Hiệu ứng Mạch Lưu Ẩm,Tăng {PRO_ATK_B} điểm Tấn công Liệt Thạch.,1,43200.0,1
102341,Hiệu ứng Mạch Lưu Ẩm,Tăng {PRO_ATK_B} điểm Tấn công Liệt Thạch.,1,43200.0,1
102342,Hiệu ứng Mạch Lưu Ẩm,Tăng {PRO_ATK_B} điểm #YTấn công Liệt Thạch#E.,1,43200.0,1
102343,Hiệu ứng Mạch Lưu Ẩm,Tăng {PRO_ATK_B} điểm Tấn công Liệt Thạch.,1,43200.0,1
102344,Hiệu ứng Mạch Lưu Ẩm,Tăng {PRO_ATK_B} điểm Tấn công Liệt Thạch.,1,43200.0,1
102345,Hiệu ứng Mạch Lưu Ẩm,Tăng {PRO_ATK_B} điểm Tấn công Liệt Thạch.,1,43200.0,1
102346,Hiệu ứng Mạch Lưu Ẩm,Tăng {PRO_ATK_B} điểm #G140%#ETấn công Liệt Thạch#E.,1,43200.0,1
102350,Hiệu quả Huệ Lại Ẩm,Tăng {PRO_ATK_C} điểm Tấn công Khiên Ti.,1,43200.0,1
102351,Hiệu ứng Huệ Lại Ẩm,Tăng {PRO_ATK_C} điểm Tấn công Khiên Ti.,1,43200.0,1
102352,Hiệu ứng của Tuệ Lại Ẩm,Tăng {PRO_ATK_C} điểm Tấn công Khiên Ti.,1,43200.0,1
102353,Hiệu ứng Huệ Lại Ẩm,Tăng {PRO_ATK_C} điểm Tấn công Khiên Ti.,1,43200.0,1
102354,Hiệu quả của Tuệ Lại Ẩm,Tăng {PRO_ATK_C} điểm Tấn công Khiên Ti.,1,43200.0,1
102355,Hiệu quả của Huệ Lại Ẩm,Tăng {PRO_ATK_C} điểm Tấn công Khiên Ti.,1,43200.0,1
102356,Hiệu ứng Huệ Lại Ẩm,Tăng {PRO_ATK_C} điểm Tấn công Khiên Ti.,1,43200.0,1
102360,Hiệu ứng Tâm Âm Ẩm,Tăng {PRO_ATK_D} điểm tấn công Chặt Gỗ.,1,43200.0,1
102361,Hiệu ứng Tâm Âm Ẩm,Tăng {PRO_ATK_D} điểm tấn công chặt gỗ.,1,43200.0,1
102362,Hiệu ứng Tâm Âm Ẩm,Tăng thêm {PRO_ATK_D} điểm tấn công chặt gỗ.,1,43200.0,1
102363,Hiệu ứng Tâm Âm Ẩm,Tăng {PRO_ATK_D} điểm tấn công Chặt Gỗ.,1,43200.0,1
102364,Hiệu ứng Tâm Âm Ẩm,Tăng thêm {PRO_ATK_D} điểm tấn công chặt gỗ.,1,43200.0,1
102365,Hiệu quả Tâm Âm Ẩm,Tăng {PRO_ATK_D} điểm tấn công chặt gỗ.,1,43200.0,1
102366,Hiệu ứng Tâm Âm Ẩm,Tăng {PRO_ATK_D} điểm tấn công chặt gỗ.,1,43200.0,1
102370,Hiệu ứng uống Tức Chấn,Tăng thêm {PRO_ATK_E} điểm tấn công Phá Trúc.,1,43200.0,1
102371,Hiệu ứng của Tức Chấn Ẩm,Tăng {PRO_ATK_E} điểm tấn công Phá Trúc.,1,43200.0,1
102372,Hiệu quả của Hấp Trấn Ẩm,Tăng {PRO_ATK_E} điểm tấn công Phá Trúc.,1,43200.0,1
102373,Hiệu ứng Hấp Trấn Ẩm,Tăng {PRO_ATK_E} điểm tấn công Phá Trúc.,1,43200.0,1
102374,Hiệu ứng của Tức Chấn Ẩm,Tăng {PRO_ATK_E} điểm tấn công Phá Trúc.,1,43200.0,1
102375,Hiệu quả của Tức Chấn Ẩm,Tăng thêm {PRO_ATK_E} điểm tấn công Phá Trúc.,1,43200.0,1
102376,Hiệu ứng Hấp Chấn Ẩm,Tăng thêm {PRO_ATK_E} điểm tấn công Phá Trúc.,1,43200.0,1
102377,Đói Khát · Tầng Hai,Giới hạn Khí Tức giảm 10%.,1,-1.0,0
102378,Đói khát · Tam Trọng,Giảm 5% giới hạn Khí Huyết.,1,-1.0,0
102379,Đói khát · Tầng một,Tốc độ hồi phục khí tức giảm 10%.,1,-1.0,0
102380,Miễn nhiễm bệnh tật do ngã,,1,3.0,0
102381,Miễn nhiễm thương tật do ngã bệnh,Tạm thời miễn trừ độc tính của Hoa Mạn Đà La.,1,180.0,0
102382,Độc hoa nhập tủy,Độc hoa đã ăn sâu vào tủy.,1,20.0,0
102383,Chuông Trấn Ma,"Bị tiếng chuông ảnh hưởng, khí huyết và khả năng gây sát thương của thủ lĩnh thần bí đã bị giảm mạnh!",1,-1.0,0
102386,Tâm ma sinh sôi,Khí tức cực kỳ mạnh mẽ! Hiệu quả hồi máu nhận được khi giao chiến với kẻ địch này sẽ bị giảm mạnh!,1,-1.0,0
102387,Tâm Ma · Giảm hồi phục,"Bị ảnh hưởng bởi khí tức của thủ lĩnh bí ẩn, hiệu quả trị liệu nhận được giảm 80%! (Xóa sau khi chết)",1,-1.0,0
102396,Hiệu ứng Vạn Tượng Ẩm,Tăng {PRO_ATK_A} điểm tấn công Minh Kim.,1,-1.0,0
102397,Hiệu ứng Mạch Lưu Ẩm,Tăng {PRO_ATK_B} điểm Tấn công Liệt Thạch.,1,-1.0,0
102400,Cường hóa Tấn công,Tấn công Ngoại Công tăng 4%.,2,18000.0,0
102401,Tăng cường thuộc tính,Tăng 15% toàn bộ thuộc tính Tấn công.,2,18000.0,0
102402,Tăng cường Bạo Kích,"Khi đánh trúng chính xác sẽ tăng 6% tỷ lệ Bạo Kích, tăng 10% sát thương Bạo Kích.",2,18000.0,0
102403,Cường hóa Hội Ý,"Tỷ lệ Hội Ý tăng 2%, Sát thương Hội Ý tăng 5%.",2,18000.0,0
102404,Cường hóa Kỹ năng Tích Lũy,Tăng 10% sát thương gây ra bởi Kỹ năng Trọng Kích.,2,18000.0,0
102405,Kỹ năng chủ động cường hóa,Tăng 6.5% sát thương gây ra bởi võ học kỹ.,2,18000.0,0
102406,Cường hóa Khinh Kích / Trọng Kích,Sát thương gây ra bởi đòn tấn công nhẹ và nặng tăng 10%.,2,18000.0,0
102407,Cường hóa Khí Huyết,Tăng 5% tối đa sinh lực.,2,18000.0,0
102408,Cường hóa phòng ngự,Phòng ngự Ngoại Công tăng 10%.,2,18000.0,0
102409,Tăng Kháng Ngoại Công,Kháng ngoại công tăng 10.,2,18000.0,0
102410,Đánh bại hồi phục,Mỗi lần đánh bại kẻ địch sẽ hồi phục ngay 2% khí huyết.,2,18000.0,0
102411,Cường hóa thể chất,Tăng {CON} điểm thể chất.,1,-1.0,1
102412,Hiệu ứng Cất Cờ Lệnh,Tăng thêm {MIN_PRO_ATK_A} điểm tấn công Minh Kim tối thiểu.,1,-1.0,1
102413,Ngự Cường Hóa,Tăng {AGI} điểm.,1,-1.0,1
102414,Hiệu ứng Trống Hiệu Triệu,Tăng thêm {MAX_PRO_ATK_A} điểm tấn công tối đa.,1,-1.0,1
102415,Cường hóa sức mạnh,Tăng {STR} điểm sức mạnh.,1,-1.0,1
102416,Hiệu ứng Liệt Thạch,Tăng thêm {MIN_PRO_ATK_B} điểm #Y Tấn công Liệt Thạch#E tối thiểu của Liệt Thạch.,1,-1.0,1
102417,Tăng cường Nhanh nhẹn,Tăng {CRI} điểm.,1,-1.0,1
102418,Hiệu ứng Nứt Đá,Tăng thêm {MAX_PRO_ATK_B} điểm Tấn công Liệt Thạch tối đa.,1,-1.0,1
102419,Cường hóa thế,Tăng {BAS} điểm thế lực.,1,-1.0,1
102420,Hiệu ứng kéo dây,Tăng {MIN_PRO_ATK_C} điểm Tấn công Khiên Ti tối thiểu.,1,-1.0,1
102421,Phòng ngự cường hóa,Tăng {W_DEF} điểm Phòng ngự Ngoại Công.,1,-1.0,1
102422,Hiệu ứng Khiên Ti,Tăng thêm {MAX_PRO_ATK_C} điểm Tấn công Khiên Ti tối đa.,1,-1.0,1
102423,Cường hóa Tấn công,Tăng thêm {MIN_W_ATK} điểm Tấn công Ngoại Công tối thiểu.,1,-1.0,1
102424,Cường hóa Bạo Kích,Tăng {ATK_CRI_VALUE} điểm giá trị Bạo Kích tấn công.,1,-1.0,1
102425,Tăng cường tấn công,Tăng thêm {MAX_W_ATK} điểm Tấn công Ngoại Công tối đa.,1,-1.0,1
102426,Hội Ý Cường Hóa,Tăng {BASH_VALUE} điểm Hội Ý Trị.,1,-1.0,1
102450,Cường Hóa Tấn Công,Tấn công Ngoại Công tăng 8%.,1,18000.0,0
102451,Tăng cường thuộc tính Tấn công,Toàn bộ thuộc tính tấn công tăng 30%.,1,18000.0,0
102452,Tăng cường Bạo Kích,"Khi đánh trúng mục tiêu, tỷ lệ Bạo Kích tăng 12%, sát thương Bạo Kích tăng 20%.",1,18000.0,0
102453,Hội Ý Cường Hóa,"Tỷ lệ Hội Ý tăng 4%, Sát thương Hội Ý tăng 10%.",1,18000.0,0
102454,Cường hóa Kỹ năng Trọng Kích,Kỹ năng Trọng Kích gây sát thương tăng 20%.,1,18000.0,0
102455,Kỹ năng chủ động cường hóa,Tăng 13% sát thương gây ra bởi kỹ năng võ học.,1,18000.0,0
102456,Cường hóa Khinh Kích / Trọng Kích,Tăng 20% sát thương gây ra bởi đòn tấn công nhẹ và nặng.,1,18000.0,0
102457,Cường hóa Khí Huyết,Tăng 10% giá trị máu tối đa.,1,18000.0,0
102458,Cường hóa phòng ngự,Phòng ngự Ngoại Công tăng 20%.,1,18000.0,0
102459,Kháng Cự Chính Xác Cường Hóa,Kháng tính Ngoại Công tăng 20.,1,18000.0,0
102460,Đánh bại hồi phục,Mỗi lần đánh bại kẻ địch lập tức hồi phục 4% khí huyết.,1,18000.0,0
102501,Tăng cường Bạo Kích,"Khi đánh trúng mục tiêu, tỷ lệ Bạo Kích tăng 10%, sát thương Bạo Kích tăng 20%.",1,18000.0,0
102502,Cường hóa Né tránh,"Giảm 10% tiêu hao thể lực khi né tránh, giảm 10% sát thương sau khi né tránh, duy trì 10 giây.",1,18000.0,0
102503,Giải thế cường hóa,"Trong vòng 10 giây sau khi giải trừ thế lực thành công, tất cả sát thương nhận vào giảm 30%, đồng thời tất cả sát thương gây ra tăng 10%.",1,18000.0,0
102504,Tích Lũy Cường Hóa,"Sát thương gây ra bởi Kỹ năng Trọng Kích tăng 15%, đồng thời tiêu hao thể lực giảm 50%.",1,18000.0,0
102505,Cường hóa đỡ đòn,"Chặn đỡ thành công không còn tiêu hao thể lực, hiệu quả giảm sát thương tăng thêm 10%.",1,18000.0,0
102506,Cường hóa Phá Khí,"Sát thương Chân Khí tăng 10%, đồng thời sát thương gây ra bởi Kỹ Năng Quyết Đấu tăng 20%.",1,18000.0,0
102507,Cường hóa Ý Cảnh,"Tỷ lệ Hội Ý tăng 5%, Sát thương Hội Ý tăng 10%.",1,18000.0,0
102508,Hồi phục thể lực,"Tốc độ hồi phục thể lực tăng 20%. Tất cả sát thương gây ra sau khi né tránh tăng 10%, tốc độ di chuyển tăng 20%, duy trì 5 giây.",1,18000.0,0
102509,Tăng cường thuộc tính Tấn công,"Ngẫu nhiên tăng 200 điểm một loại thuộc tính Tấn công, hiệu quả làm mới sau mỗi 20 giây.",1,18000.0,0
102510,Không có hiệu quả,Không có hiệu ứng ngộ ra linh quang.,1,-1.0,0
102601,Né tránh Giảm sát thương,"Giảm 10% sát thương, duy trì 10 giây.",1,10.0,0
102602,Tăng cường thành công Giải Thế,"Tăng 10% sát thương, giảm 30% sát thương nhận vào, duy trì 5 giây.",1,10.0,0
102604,Tăng cường né tránh,增伤10%，移速增加20%，持续5秒。,1,5.0,0
102605,Cường hóa Minh Kim,Tấn công bằng Còi Trận tăng 200 điểm,1,20.0,0
102606,Liệt Thạch Cường Hóa,Tấn công Liệt Thạch tăng {0} điểm,1,20.0,0
102607,Khiên Ti Cường Hóa,Tấn công Khiên Ti tăng 200 điểm,1,20.0,0
102608,Tăng cường thuộc tính Tấn công,,1,1.0,0
102611,Nguồn bức xạ,,1,12.0,0
102612,Nguồn bức xạ,,1,1.0,0
102613,Vương Hạo Vũ,,1,1.0,0
102701,Giảm hồi chiêu,Thời gian hồi chiêu kỹ năng chủ động võ học giảm 20%.,1,18000.0,0
102702,Tiết kiệm thể lực,Kỹ năng Trọng Kích và kỹ năng né tránh tiêu hao thể lực giảm 20%.,1,18000.0,0
102703,Né tránh cường hóa,Thời gian bất tử của kỹ năng né tránh tăng 50%.,1,18000.0,0
102704,Giải Thế Cường Hóa,Thời gian mục tiêu có thể bị hóa giải lực lượng tăng thêm 50%.,1,18000.0,0
102705,Cường hóa Né tránh,"Sau khi sử dụng kỹ năng né tránh, tất cả sát thương gây ra trong vòng 10 giây tăng 5%.",2,18000.0,0
102706,Giải Thế Cường Hóa,"Trong vòng 5 giây sau khi giải trừ thế lực thành công, tất cả sát thương gây ra tăng 10%.",2,18000.0,0
102707,Hồi phục Khí Huyết,Hồi phục ngay lập tức 20% khí huyết.,1,18000.0,0
102755,Né Tránh Cường Hóa,"Trong vòng 10 giây sau khi sử dụng kỹ năng né tránh, tất cả sát thương gây ra tăng thêm 10%.",1,18000.0,0
102756,Giải Thế Cường Hóa,"Trong vòng 5 giây sau khi hóa giải thành công, tất cả sát thương gây ra tăng 20%.",1,18000.0,0
102801,Tăng sát thương,"Sát thương tăng 10%, duy trì 10 giây",1,10.0,0
102802,Tăng sát thương,"Tăng 10% sát thương, duy trì 5 giây",1,5.0,0
102803,Hồi phục Khí Huyết,Hồi phục ngay 10% khí huyết.,1,2.0,0
102851,Tăng sát thương,"Sát thương tăng 20%, duy trì 10 giây",1,10.0,0
102852,Tăng sát thương,"Tăng sát thương 20%, duy trì 5 giây",1,5.0,0
102853,Kỹ năng chiến đấu bách nghiệp,"Cưỡi Husky, đưa chúng lên trời!",1,120.0,0
102854,Kỹ năng Bách Nghiệp Chiến,,1,120.0,0
103001,Thử nghiệm tăng Ngoại Công,Tấn công Ngoại Công +1000,1,-1.0,0
103002,Thử nghiệm dùng tiếng chiêng tấn công để tăng cường,Tấn công Minh Kim +1000,1,-1.0,0
103003,Thử nghiệm tăng cường Tấn công Liệt Thạch,Tấn công Liệt Thạch #Y+1000#E,1,-1.0,0
103004,Thử nghiệm tăng cường tấn công bằng dây tơ,Tấn công Khiên Ti +1000,1,-1.0,0
103005,Thử nghiệm tăng cường tấn công chém gỗ,Chặt gỗ +1000,1,-1.0,0
103006,Tăng cường tấn công Phá Trúc dùng để kiểm tra,Tấn công Phá Trúc +1000,1,-1.0,0
103007,Tấn công Minh Kim 1 đổi 1,"Sát thương ngoại công giảm, tấn công Minh Kim tăng",1,-1.0,0
103008,Tấn công Liệt Thạch,"Sát thương ngoại công giảm, Tấn công Liệt Thạch tăng",1,-1.0,0
103011,Điểm yếu sơ cấp: Minh Kim,"Sát thương nhận vào từ Tiếng Cồng tăng lên, sát thương nhận vào từ thuộc tính khác hơi giảm",1,-1.0,0
103012,Điểm yếu sơ cấp: Liệt Thạch,"Sát thương Đá Nứt nhận được tăng lên, sát thương thuộc tính khác giảm nhẹ",1,-1.0,0
103013,Điểm yếu Sơ cấp: Khiên Ti,"Sát thương từ Khiên Ti nhận được tăng lên, các thuộc tính khác bị thương giảm nhẹ",1,-1.0,0
103015,Điểm yếu Sơ cấp: Phá Trúc,"Sát thương Phá Trúc nhận vào tăng, các thuộc tính sát thương khác giảm nhẹ",1,-1.0,0
103021,Điểm Yếu Trung Cấp: Minh Kim,"Sát thương từ Tiếng Cồng tăng lên, sát thương nhận vào từ các thuộc tính khác giảm đáng kể",1,-1.0,0
103022,Điểm Yếu Trung Cấp: Liệt Thạch,"Sát thương từ Đá Nứt tăng lên, các thuộc tính khác giảm đáng kể khi bị thương",1,-1.0,0
103023,Điểm yếu Trung cấp: Mắc Tơ,"Sát thương dây tơ phải chịu tăng lên, các thuộc tính khác khi bị thương giảm đáng kể",1,-1.0,0
103025,Điểm yếu Trung cấp: Phá Trúc,"Sát thương Phá Trúc tăng lên, các thuộc tính khác giảm đáng kể khi bị thương",1,-1.0,0
103031,Điểm yếu cao cấp: Minh Kim,"Sát thương nhận được từ tiếng chiêng tăng lên, sát thương nhận từ các thuộc tính khác giảm mạnh",1,-1.0,0
103032,Điểm yếu cao cấp: Liệt Thạch,"Tăng sát thương nhận phải từ Đá Nứt, giảm mạnh sát thương nhận từ các thuộc tính khác",1,-1.0,0
103033,Điểm yếu cao cấp: Khiên Ti,"Sát thương Tơ Lụa nhận được tăng lên, các thuộc tính khác khi bị thương giảm mạnh",1,-1.0,0
103035,Điểm yếu cao cấp: Phá Trúc,"Sát thương Phá Trúc nhận được tăng lên, các thuộc tính khác bị giảm đáng kể khi chịu sát thương",1,-1.0,0
103050,Kịch độc,"Khi tích lũy độc tính đầy, liên tục chịu sát thương Khí Huyết.",1,20.0,0
103051,Ẩn Thân,,1,10.0,0
103052,Làm mù,"Bị khói mù kỳ thuật quấy nhiễu tầm nhìn, không thể nhìn rõ đơn vị xung quanh",1,25.0,0
103054,Giết trong nháy mắt,,1,3.0,0
103055,Vô Hạn Khí Dũng,,1,-1.0,0
103056,Định thân,"Bị định thân, không thể di chuyển hoặc thi triển hầu hết các kỹ năng",1,8.0,0
103057,Hàn Hương Tầm miễn khống mất thù hận,,1,-1.0,0
103058,Định thân,"Bị định thân, không thể di chuyển hoặc tung ra phần lớn kỹ năng",1,3.0,0
103059,100% sát thương Chân Khí,,10,0.5,0
103060,Ta là tha mạng,,1,-1.0,0
103061,Khóa máu 20,,1,-1.0,0
103062,Bộc phát,Khí tức cực kỳ mạnh mẽ!,1,-1.0,0
103063,Vô địch,,1,-1.0,0
103064,Gỡ bỏ võ,"Bị gỡ bỏ vũ khí, không thể hành động",1,5.0,0
104001,Độ thân thiết,Tăng 10% độ hảo cảm nhận được từ người khác,1,1200.0,0
104002,Nhà Ẩm Thực,Nghiên cứu vật phẩm · Thức ăn nhận được tăng 20%,1,1200.0,0
104003,Bước nhanh,Tốc độ di chuyển tăng 2%,1,1200.0,0
104004,Khinh Thân,Giá trị Khinh Công tăng 5%,1,1200.0,0
104005,Chống rét,Chỉ số chống rét tăng 5%,1,1200.0,0
104006,Chịu nhiệt,Giá trị chịu nhiệt tăng 5%,1,1200.0,0
104007,Kháng độc,Kháng độc tăng 5%,1,1200.0,0
104008,Ngự Bố,Giá trị Ngự Uý tăng 5%,1,1200.0,0
104009,Thần trí,Chỉ số Tỉnh Táo tăng 5%,1,1200.0,0
104010,Thân cốt,Giá trị Cơ Cốt tăng 5%,1,1200.0,0
104011,Kinh mạch,Kinh mạch tăng 5%,1,1200.0,0
104012,Nội tạng,Nội tạng tăng 5% chỉ số,1,1200.0,0
104013,Hái thuốc,Tăng 1% Tỷ Lệ Bạo Kích Hái Thuốc,1,1200.0,0
104014,Đào khoáng,Tăng 1% tỷ lệ Bạo Kích khi đào khoáng,1,1200.0,0
104015,Chặt,Tăng 1% Tỷ lệ Bạo Kích Chặt,1,1200.0,0
104016,Câu cá,Tăng 1% tỷ lệ Bạo Kích khi câu cá,1,1200.0,0
104017,Săn bắn,Tăng 1% Tỷ lệ Bạo Kích Săn bắn,1,1200.0,0
104018,Chế tạo 1,Chế tạo tăng 1% Tỷ lệ Bạo Kích,1,1200.0,0
104019,Chế tạo 2,Chế tạo 2 tăng 1% tỷ lệ Bạo Kích,1,1200.0,0
104020,Chế tạo 3,Chế tạo 3 Tăng 1% Tỷ lệ Bạo Kích,1,1200.0,0
104021,Chế tạo 4,Chế tạo 4 tăng 1% Tỉ lệ Bạo Kích,1,1200.0,0
104022,Hái thuốc,Tăng 7.5% tỷ lệ Bạo Kích hái thuốc,1,1200.0,0
104023,Hái thuốc,Tăng 7.5% tỷ lệ Bạo Kích hái thuốc,1,1200.0,0
104024,Hái thuốc,Tỷ lệ Bạo Kích hái thuốc tăng 10%,1,600.0,0
104025,Hái thuốc,Tăng 10% tỷ lệ Bạo Kích hái thuốc,1,600.0,0
104026,Hái thuốc,Tăng 10% tỷ lệ Bạo Kích hái thuốc,1,1200.0,0
104027,Hái thuốc,Tăng 10% tỷ lệ Bạo Kích khi hái thuốc,1,1200.0,0
104028,Đào khoáng,Tăng 7.5% Tỷ lệ Bạo Kích Khai Khoáng,1,1200.0,0
104029,Khai khoáng,Tăng 7.5% Tỷ lệ Đánh Thường khi Đào Mỏ,1,1200.0,0
104030,Khai khoáng,Tăng 10% Tỷ lệ Bạo Kích Khai Khoáng,1,600.0,0
104031,Đào khoáng,Tăng 10% Tỷ lệ Bạo Kích Khai Khoáng,1,600.0,0
104032,Khai khoáng,Tăng 10% tỷ lệ Bạo Kích khi đào khoáng,1,1200.0,0
104033,Khai khoáng,Tăng 10% tỷ lệ Bạo Kích khi đào khoáng,1,1200.0,0
104034,Chặt cây,Tăng 7.5% Tỷ lệ Bạo Kích Chặt cây,1,1200.0,0
104035,Chặt,Tăng 7.5% tỷ lệ Bạo Kích khi đốn củi,1,1200.0,0
104036,Chặt gỗ,Tăng 10% tỷ lệ Bạo Kích khi đốn củi,1,600.0,0
104037,Chặt,Tăng 10% tỷ lệ Bạo Kích khi chặt,1,600.0,0
104038,Chặt,Tăng 10% tỷ lệ Bạo Kích khi chặt cây,1,1200.0,0
104039,Chặt gỗ,Tăng 10% tỷ lệ Bạo Kích khi đốn củi,1,1200.0,0
104040,Câu cá,Tăng 7.5% Tỷ lệ Bạo Kích khi Câu cá,1,1200.0,0
104041,Câu cá,Tăng 7.5% tỷ lệ Bạo Kích khi câu cá,1,1200.0,0
104042,Câu cá,Tăng 10% Tỷ lệ Bạo Kích Câu cá,1,600.0,0
104043,Câu cá,Tăng 10% Tỷ lệ Bạo Kích khi Câu Cá,1,600.0,0
104044,Câu cá,Tăng 10% tỷ lệ Bạo Kích khi Câu Cá,1,1200.0,0
104045,Câu cá,Tăng 10% tỷ lệ Bạo Kích khi câu cá,1,1200.0,0
104046,Săn bắn,Tăng 7.5% Tỷ Lệ Bạo Kích Săn Bắn,1,1200.0,0
104047,Săn bắn,Tăng 7.5% Tỷ lệ Bạo Kích Săn Bắn,1,1200.0,0
104048,Săn bắn,Tăng 10% Tỷ lệ Bạo Kích Săn bắn,1,600.0,0
104049,Săn bắn,Tăng 10% Tỷ lệ Bạo Kích Săn Bắn,1,600.0,0
104050,Săn bắn,Tăng 10% Tỷ lệ Bạo Kích Săn bắn,1,1200.0,0
104051,Săn bắn,Tăng 10% Tỷ lệ Bạo Kích Săn bắn,1,1200.0,0
104100,Bất Khả Đánh Ngã,Miễn nhiễm phần lớn trạng thái cứng đờ khi bị đánh,1,2.0,0
104101,Cá Chép May Mắn,,1,2.0,0
104102,Dấu ấn Cẩm Lý,,1,1.0,0
104103,Hái thuốc,,1,1.0,0
104104,Câu cá,,1,1.0,0
104105,Săn bắn,,1,1.0,0
106006,Vào ngục,,1,-1.0,0
106007,Cấm cố,,1,1.0,0
107010,Ngọc Đấu,"Sau khi thi triển võ học có thể kích hoạt hiệu ứng Ngọc Đấu: Sát thương Hội Ý tăng #Y10%#E, đồng thời đối với mục tiêu đang bị khống chế hoặc chân khí dưới #Y40%#E, Sát thương Hội Ý gây ra sẽ tăng thêm #Y20%#E, duy trì #Y12#E giây. Hiệu ứng này mỗi #Y30#E giây chỉ có thể phát huy tác dụng một lần.",1,-1.0,1
107011,Ngọc Đấu,"Tăng #Y10%#E Sát thương Hội Ý, và đối với mục tiêu đang bị khống chế hoặc chân khí dưới #Y40%#E, Sát thương Hội Ý gây ra sẽ tăng thêm #Y20%#E, duy trì #Y12#E giây.",1,8.0,0
107020,Dịch Tướng,"Thời gian duy trì lá chắn tự thân phóng ra kéo dài thêm #Y2#E giây. Trong thời gian Chân Khí cao hơn #Y85%#E hoặc miễn nhiễm sát thương Chân Khí, tất cả sát thương khí huyết nhận vào giảm #Y20%#E.",1,-1.0,1
107030,Phi Túc,"Khi gây ra tất cả sát thương kích hoạt Hội Ý, tất cả Tấn công Ngoại Công đều sẽ tăng #Y2%#E, duy trì #Y5#E giây, tối đa có thể cộng dồn #Y5#E tầng.",1,-1.0,1
107031,Phi Túc,"Toàn bộ Tấn công Ngoại Công đều tăng #Y2%#E, duy trì #Y5#E giây, tối đa có thể cộng dồn #Y5#E tầng.",5,5.0,0
107040,Ưng Dương,"Mỗi lần gây sát thương duy trì hoặc trị liệu có thể cho bản thân thêm #Y1#E tầng hiệu ứng Ưng Dương: Giảm sát thương nhận vào #Y1.2%#E, duy trì #Y10#E giây, tối đa cộng dồn #Y5#E tầng. Khi đủ tầng sẽ nhận hiệu ứng Ưng Hộ: Giảm sát thương đòn đánh tiếp theo trong #Y10#E giây đi #Y90%#E (hiệu quả giảm một nửa nếu đến từ thủ lĩnh), hiệu ứng này mỗi #Y30#E giây chỉ kích hoạt một lần.",1,-1.0,1
107041,Ưng Dương,"Giảm #Y1.2%#E sát thương nhận vào, duy trì #Y10#E giây, tối đa cộng dồn #Y5#E tầng. Khi đạt đủ tầng sẽ nhận hiệu ứng Hộ Ưng: Giảm #Y90%#E sát thương đòn đánh tiếp theo trong #Y10#E giây (hiệu quả giảm một nửa khi nhận từ thủ lĩnh), hiệu ứng này mỗi #Y30#E giây chỉ kích hoạt một lần.",5,5.0,0
107042,Ưng Hộ,"Trong vòng #Y10#E giây, sát thương phải chịu lần sau giảm #Y90%#E (Hiệu quả giảm một nửa khi đến từ Boss).",1,10.0,0
107043,Ưng Dương · Dùng CD,"Mỗi lần gây sát thương duy trì hoặc trị liệu có thể cho bản thân thêm #Y1#E tầng hiệu ứng Ưng Dương: Giảm #Y1.2%#E sát thương nhận vào, duy trì #Y10#E giây, tối đa cộng dồn #Y5#E tầng. Khi đủ tầng sẽ nhận hiệu ứng Ưng Hộ: Giảm #Y90%#E sát thương phải chịu lần tiếp theo trong #Y10#E giây (Nếu là từ thủ lĩnh thì hiệu quả giảm một nửa), hiệu ứng này mỗi #Y30#E giây chỉ kích hoạt một lần.",1,-1.0,0
107070,Thời Vũ,"Tất cả sát thương Bạo Kích và trị liệu gây ra tăng #Y10%#E, và khi bản thân đang trong trạng thái Hộ Thuẫn Khí Huyết sẽ tăng thêm #Y15%#E.",1,-1.0,1
107080,Tháng Quý,"Khi bị tấn công trong lúc phòng ngự, có #Y30#E% xác suất tạo ra một lá chắn hấp thụ sát thương bằng #Y10#E% giới hạn khí huyết, duy trì #Y20#E giây. Nếu hiện tại đã có lá chắn, sẽ hồi phục thêm #Y2#E% khí huyết. Hiệu ứng này mỗi #Y60#E giây chỉ có thể phát huy tác dụng một lần.",1,-1.0,1
107081,Quý Nguyệt,"Tạo ra một lá chắn khí huyết hấp thụ sát thương bằng 10% Khí Huyết tối đa, duy trì 20 giây",1,20.0,0
107082,Quý Nguyệt,"Tạo ra một lá chắn khí huyết hấp thụ sát thương bằng 10% giới hạn khí huyết, duy trì 20 giây",1,20.0,0
107090,Gió cấp,"Sát thương trọng kích trên không tăng #Y10%#E, và có thể gây thêm hiệu ứng đánh ngã. Hiệu ứng đánh ngã mỗi #Y10#E giây chỉ có thể kích hoạt một lần.",1,-1.0,1
107091,Gió cấp bão,Gây hiệu ứng đánh ngã,1,10.0,0
107100,Lăng Ba Bộ,"Kích hoạt hiệu ứng phụ khi hóa giải thế thành công, trong vòng #Y2#E giây tiếp theo, tất cả sát thương nhận vào giảm #Y20%#E, tối đa có thể cộng dồn #Y3#E tầng.",1,-1.0,1
107102,Lăng Ba Bộ,"Giảm #Y20%#E tất cả sát thương nhận vào trong #Y2#E giây, tối đa có thể cộng dồn #Y3#E tầng.",3,2.0,1
107110,Nhạc Sơn Khuynh,"Sát thương gây ra cho mục tiêu có Lượng máu cao hơn #Y50#E% tăng thêm #Y5#E%, cứ mỗi #Y5%#E Lượng máu tăng thêm #Y1%#E, tối đa tăng #Y10#E%.",1,-1.0,1
107120,Ngự Vô Khuyết,"Giảm #Y5%#E sát thương nhận vào, khi khí huyết dưới #Y60%#E, mỗi khi mất đi #Y10%#E máu, sát thương nhận vào sẽ giảm thêm #Y1%#E, tối đa cộng dồn #Y5#E tầng.",1,-1.0,1
107121,Ngự Vô Khuyết,"Khi Khí Huyết dưới 60%, mỗi khi mất 10% máu, sát thương nhận vào sẽ giảm thêm 1%.",5,-1.0,0
107150,Thủ Quan Nguyên,"Miễn nhiễm một lần sát thương Bạo Kích sẽ hồi phục 20% khí huyết, và miễn chịu sát thương trong 3 giây, thời gian điều tức là #Y120#E giây.",1,-1.0,1
107151,Giữ Quan Nguyên,Miễn chịu sát thương trong 3s,1,3.0,0
107160,Phiên Khí Hải,"Miễn nhiễm trạng thái Hư Không Chân Khí một lần, đồng thời hồi đầy Chân Khí, và gây sát thương phạm vi, thời gian điều tức là #Y120#E giây.",1,-1.0,1
107161,Phiên Khí Hải,Gây sát thương phạm vi,1,1.0,0
107170,Hóa Thần Khuyết,"Miễn nhiễm một lần sát thương đơn lẻ vượt quá 30% máu tối đa, thời gian điều tức #Y120#E giây.",1,-1.0,1
107171,Hóa Thần Khuyết,Miễn dịch một lần sát thương,1,1.0,0
107180,Tăng cường thủ quan,,1,-1.0,0
107181,Giảm thương,"Trong 8 giây giảm 50% sát thương phải chịu, đồng thời hồi phục 15% Khí Huyết.",1,8.0,0
107190,Tăng cường Khí Hải,,1,-1.0,0
107191,Giảm thương,"Trong 8 giây, chịu Sát thương Chân Khí giảm 50%, đồng thời mỗi giây hồi phục 5 điểm Chân Khí.",1,8.0,0
107201,Tăng giá trị Khí Huyết tối đa,Hiện tại Khí Huyết Tối Đa tăng #Y5%#E (không tính vào Võ Lâm Tạo Nghệ).,1,-1.0,1
107202,Tăng Khí Huyết Tối Đa,Hiện tại Khí Huyết tối đa tăng #Y10%#E (không tính vào Võ Lâm Tạo Dị).,1,-1.0,1
107203,Khí Huyết tối đa tăng lên,Hiện tại Khí Huyết tối đa tăng #Y15%#E (không tính vào Võ Lâm Tạo Ngộ).,1,-1.0,1
107204,Tăng giá trị Khí Huyết tối đa,Tăng #Y20%#E giá trị Khí Huyết tối đa hiện tại (không tính vào Võ Lâm Tạo Nghệ).,1,-1.0,1
108001,Mờ mịt không hình bóng,"Ẩn mình, khiến người chơi khó bị một số kẻ địch phát hiện hơn.",1,120.0,0
108002,Yểu Vô Hình,,1,180.0,0
108003,Thử nghiệm biến thân,,1,,0
108004,Vô Ảnh,,1,30.0,0
108005,Mờ mịt không dấu vết,,1,-1.0,0
108006,Yểu Vô Hình,,1,-1.0,0
108007,Mờ mịt không thấy bóng,,1,-1.0,0
108010,Mờ mịt không dấu vết,"Ẩn giấu thân hình, khiến người chơi khó bị một số kẻ địch phát hiện hơn.",1,43200.0,0
108011,Tuyệt Nghĩa Thí Luyện,"Chờ đợi tham gia Tuyệt Nghĩa Thí Luyện, vượt qua một vòng Giác Chướng Lâm để chứng minh quyết tâm phân đạo cắt áo của bản thân.",1,604800.0,0
108012,Chờ ở Tang Hồn Lâm,Chờ đợi Tang Hồn Lâm định đoạt.,1,-1.0,0
108013,Trộm sư gấu,,1,-1.0,0
108100,Huyễn Chứng · Hình Hươu,"Khi lên cơn bệnh, thần thái và hình dáng đều giống như hươu, người ngoài nhìn vào cũng như một con hươu vậy.",1,180.0,0
108101,Hysteria - Deer (Nightmare),"Khi cơn mê sảng phát tác, thần thái và hình thể đều giống như hươu, người ngoài nhìn vào cũng như một con hươu vậy.",1,187.0,0
108102,Hysteria - Deer (Confusion),"Khi cơn cuồng loạn phát tác, thần thái và hình dáng đều giống như hươu, người ngoài nhìn vào cũng như một con hươu vậy.",1,127.0,0
108103,Hysteria - Deer (Bewilderment),"Khi cơn bệnh phát tác, thần thái và hình thể đều giống như hươu, người ngoài nhìn vào cũng ngỡ như một con hươu.",1,67.0,0
108104,Hysteria - Deer (Delusion),"Khi lên cơn cuồng loạn, thần thái và hình dáng đều giống như hươu, người ngoài nhìn vào cũng như một con hươu vậy.",1,37.0,0
108200,Ảo Ảnh · Hình Gấu,"Khi lên cơn cuồng loạn, thần thái và hình dáng đều giống gấu, người ngoài nhìn vào cứ ngỡ là một con gấu thật sự.",1,180.0,0
108201,Hysteria - Bear (Nightmare),"Khi lên cơn cuồng loạn, thần thái và hình dáng đều giống gấu, người ngoài nhìn vào cũng như một con gấu vậy.",1,187.0,0
108202,Hysteria - Bear (Bewilder),"Khi cơn cuồng loạn phát tác, thần thái và hình dáng đều giống như gấu, người ngoài nhìn vào cũng y hệt một con gấu.",1,127.0,0
108203,Hysteria - Bear (Bewilderment),"Khi cơn cuồng loạn phát tác, thần thái và hình dáng đều giống như gấu, người ngoài nhìn vào cứ ngỡ là một con gấu thật.",1,67.0,0
108204,Hysteria - Bear (Confuse),"Khi cơn cuồng loạn phát tác, thần thái và hình dáng đều giống như gấu, người ngoài nhìn vào cũng như một con gấu vậy.",1,37.0,0
108300,Ảo Ảnh · Hình Chim,"Khi cơn cuồng loạn phát tác, thần thái và hình dáng đều giống loài chim, người ngoài nhìn vào cứ ngỡ là một con gà.",1,180.0,0
108301,Hysteria - Bird (Nightmare),"Khi lên cơn cuồng loạn, thần thái hình thể đều giống loài chim, người ngoài nhìn vào cứ như một con gà vậy.",1,187.0,0
108302,Hysteria - Bird (Confusion),"Khi lên cơn cuồng loạn, thần thái hình dáng đều giống loài chim, người ngoài nhìn vào cứ ngỡ là một con gà.",1,127.0,0
108303,Hysteria - Bird (Bewilderment),"Khi cơn điên lên cơn, thần thái và hình hài đều giống loài chim, người ngoài nhìn vào cứ ngỡ là một con gà.",1,67.0,0
108304,Hysteria - Bird (Delusion),"Khi lên cơn kinh loạn, thần thái hình thể đều giống loài chim, người ngoài nhìn vào cứ như một con gà vậy.",1,37.0,0
108305,Giới Luật Chất Vấn,"Nhiều lần vi phạm môn quy, đang trong trạng thái giới luật thấp, chờ môn phái trừng phạt.",1,-1.0,0
109001,Cực Lạc Khấp Huyết Tàn Thiên,"Mỗi lần gây sát thương, có #H10%#E xác suất gây thêm một tầng hiệu ứng Khóc Máu, duy trì #H5#E giây, mỗi giây gây sát thương một lần, tối đa cộng dồn #H5#E tầng. Khi tầng Khóc Máu trên mục tiêu tích đủ 5 tầng sẽ lập tức bị xóa và gây ra một lần sát thương Chích Thương. Nhận lại có thể làm mới thời gian.",1,-1.0,1
109002,Bóng Khiêu Vũ,"Sau khi né tránh chính xác và nhận sát thương, có #H20%#E xác suất hoàn trả lại #H100%#E giá trị thể lực đã tiêu hao lần này.",1,-1.0,1
109003,Tứ Thời Vô Thường,"Sau khi thi triển Dịch Võ Kỹ, có thể nhận ngay một trong các hiệu ứng sau: Tăng #H20.0%#E giá trị Bạo Kích khi tấn công; Tăng #H15%#E giá trị Trọng Kích; Tăng #H15%#E sát thương gây ra, duy trì #H15#E giây. Hiệu ứng này mỗi #H60#E giây chỉ có thể phát huy tác dụng một lần.",1,-1.0,1
109004,Khốn Thú Tâm Kinh,"Khi nhận sát thương khiến Khí Huyết giảm xuống dưới 30%, sẽ kích hoạt hiệu ứng Khốn Thú Do Đấu: Tạo ra một lá chắn có thể hấp thụ sát thương bằng 40% lượng Khí Huyết tối đa, đồng thời hiệu quả hồi phục nhận được trong thời gian lá chắn tồn tại tăng 20%. Hiệu ứng này kéo dài 4 giây, mỗi 300 giây có thể kích hoạt một lần.",1,-1.0,1
109006,Bàn Thạch Quyết,"Kỹ năng Tích Lực 【Bát Phương Phong Lôi Thương】 【Huyết Chiến Bát Phương】 nhận được hiệu quả giảm sát thương mỗi tầng tăng 1%, thời gian duy trì kéo dài 3s; và khi khí huyết dưới 40% kỹ năng này sẽ không gây sát thương thực tế lên bản thân.",1,-1.0,1
109007,Đại pháp Cứng Rắn Chống Đỡ,Thời gian duy trì của lá chắn tự thi triển và hiệu ứng phụ của nó được kéo dài thêm #H4#E giây.,1,-1.0,1
109008,Chỉ Huyền Thiên Chú,"Sau khi hồi sinh đồng đội, lượng máu ban đầu hồi phục của mục tiêu tăng #H100%#E.",1,-1.0,1
109009,Tuyệt Vận Sơn Hà,"【Thê Phu Đao Pháp】Tốc độ tích lực của Kỹ năng Trọng Kích tăng nhanh, sát thương tăng #H13%#E, đồng thời tăng độ thù hận gây ra với kẻ địch.",1,-1.0,1
109010,Trò ảo thuật Như Ý,"Các đòn liên kích trên không và kỹ năng phái sinh trên không gây thêm #H15.0%#E sát thương, đồng thời gây thêm #H4#E điểm chân khí sát thương.",1,-1.0,1
109011,Vô Danh Tâm Pháp,"【Vô Danh Kiếm Pháp】Trong thời gian lá chắn chân khí tồn tại, Kỹ năng Trọng Kích 【Vô Dĩ Vi Gia】 sẽ bắn ra thêm nhiều luồng kiếm khí.",1,-1.0,1
109012,Khóc máu,Mỗi giây gây sát thương chảy máu một lần,5,5.0,0
109013,Cực Lạc truy kích,"Xóa bỏ 109012, và tính toán sát thương một lần",1,0.1,0
109014,Tâm của Bốn Mùa,Tăng 20% Tỷ Lệ Bạo Kích,1,15.0,0
109015,Ý nghĩa bốn mùa,Tăng 15% Tỷ lệ Hội Ý,1,15.0,0
109016,Thương Tổn Bốn Mùa,Tăng #G1#E15% sát thương#E,1,15.0,0
109017,Thú cùng đường liều chết,"Tạo ra một lá chắn có thể hấp thụ tối đa 40% sát thương của lượng khí huyết, và hiệu quả trị liệu nhận được trong thời gian lá chắn tồn tại tăng 20%.",1,4.0,0
109020,Giảm sát thương,Giảm 7% sát thương Khí Huyết nhận vào,5,10.0,0
109021,Yến Phản,"Sát thương ngoại công gây ra cho mục tiêu có chân khí dưới #Y40%#E tăng #Y15%#E, đối với mục tiêu khí kiệt tăng #Y5%#E.",1,-1.0,0
109022,Giang Ngưng,Né tránh hoàn hảo hồi phục #Y3%#E sinh mệnh tối đa và #Y5#E điểm thể lực.,1,-1.0,0
109023,Né Tránh Hoàn Hảo,Đã thực hiện né tránh hoàn mỹ.,5,20.0,0
109024,Bóng cô độc,"Tăng #Y10%#E sát thương Bạo Kích, có thể kháng lại một lần sát thương kỹ năng có thể hóa giải.",1,-1.0,0
109025,Tàn ảnh,Tăng #Y10%#E sát thương Bạo Kích.,1,8.0,0
109026,Thiên phú Võ học 1,"Mỗi lần gây sát thương, có #H10%#E xác suất kèm theo một tầng hiệu ứng Khấp Huyết, duy trì #H5#E giây, mỗi giây gây sát thương một lần, tối đa cộng dồn #H5#E tầng. Khi số tầng Khấp Huyết trên mục tiêu tích đủ 5 tầng sẽ lập tức bị xóa và gây ra một lần sát thương Chích Thương. Nhận lại có thể làm mới thời gian.",1,-1.0,0
109027,Võ Học Thiên Phú 2,"Mỗi lần gây sát thương, có #H10%#E xác suất kèm theo một tầng hiệu ứng Khấp Huyết, duy trì #H5#E giây, mỗi giây gây sát thương một lần, tối đa cộng dồn #H5#E tầng. Khi tầng Khấp Huyết trên mục tiêu tích đủ 5 tầng sẽ lập tức bị xóa và gây ra một lần sát thương Trạc Thương. Nhận lại có thể làm mới thời gian.",1,-1.0,0
109028,Thiên Phú Võ Học 3.1,"Tăng cường tấn công Phá Trúc. Tất cả kỹ năng có thể gây sát thương dựa trên thuộc tính tấn công, trong đó sát thương gây ra bởi tấn công Phá Trúc sẽ được tăng thêm.",1,-1.0,0
109029,Thiên phú Võ học 3.2,"Tăng cường tấn công Phá Trúc. Tất cả kỹ năng có thể gây sát thương dựa trên tấn công thuộc tính, trong đó sát thương do tấn công Phá Trúc gây ra sẽ được tăng thêm.",1,-1.0,0
109030,Thiên phú Võ học 3.3,"Tăng cường Tấn công Phá Trúc. Tất cả kỹ năng có thể gây sát thương dựa trên thuộc tính Tấn công, trong đó sát thương do Tấn công Phá Trúc gây ra sẽ tăng thêm.",1,-1.0,0
109031,Thiên phú Võ học 3.4,"Tăng cường tấn công Phá Trúc. Tất cả kỹ năng có thể gây sát thương dựa trên thuộc tính tấn công, trong đó sát thương do tấn công Phá Trúc gây ra sẽ được tăng thêm.",1,-1.0,0
109032,Thiên phú Võ học 3.5,"Tăng cường Tấn công Phá Trúc. Tất cả kỹ năng có thể gây sát thương dựa trên thuộc tính Tấn công, trong đó Tấn công Phá Trúc gây thêm sát thương.",1,-1.0,0
109033,Thiên phú Võ học 3.6,"Tăng cường tấn công Phá Trúc. Tất cả kỹ năng có thể gây sát thương dựa trên thuộc tính tấn công, trong đó sát thương do tấn công Phá Trúc gây ra sẽ được tăng thêm.",1,-1.0,0
109034,Võ học Thiên phú 3.7,"Tăng cường Tấn công Phá Trúc. Tất cả kỹ năng có thể gây sát thương dựa trên thuộc tính Tấn công, trong đó sát thương do Tấn công Phá Trúc gây ra sẽ tăng thêm.",1,-1.0,0
109035,Thiên phú Võ học 3.8,"Tăng cường Tấn công Phá Trúc. Tất cả kỹ năng có thể gây sát thương dựa trên thuộc tính Tấn công, trong đó sát thương do Tấn công Phá Trúc gây ra sẽ được tăng thêm.",1,-1.0,0
109036,Thiên phú Võ học 3.9,"Tăng cường tấn công Phá Trúc. Tất cả kỹ năng có thể gây sát thương dựa trên thuộc tính, trong đó sát thương do tấn công Phá Trúc gây ra sẽ được tăng thêm.",1,-1.0,0
109037,Thiên phú Võ học 3.10,"Tăng cường tấn công Phá Trúc. Tất cả kỹ năng có thể gây sát thương dựa trên thuộc tính tấn công, trong đó sát thương do tấn công Phá Trúc gây ra sẽ được tăng thêm.",1,-1.0,0
109038,Thiên phú Võ học 4,Các đòn tấn công Đoạn Thủy phái sinh từ kỹ năng khác nhau sẽ nhận được hiệu quả khác nhau.,1,-1.0,0
109039,Đoạn Thủy Ngân,Tăng 10% sát thương Phá Trúc.,1,4.0,0
109040,Yến Non,"""Yến Hót Hòa Ca, giúp ngươi tăng 15% khí huyết tối đa, 3% tỷ lệ Bạo Kích, 2% Tỷ Lệ Hội Ý và 10% giảm sát thương đỡ đòn thêm.",1,-1.0,0
109041,Yến non kết bạn,"""Yến non bầu bạn, hơi ấm mùa xuân giúp ngươi tăng 5% khí huyết tối đa, 3% tỷ lệ Bạo Kích và 2% tỷ lệ ngộ kích.",1,-1.0,0
109401,Sự kiện ảnh hưởng lớn đến thần trí,"Tăng #Y10#E-#Y20#E điểm tấn công ngoại công, duy trì #Y30#E phút.",1,1800.0,1
109402,【Thực phẩm】Hiệu quả · Trấn thú Hùng Quan,"Tăng#Y1100#E điểm Khí Huyết Tối Đa, duy trì#Y30#E phút.",1,1800.0,1
109403,【Thực vật】Hiệu quả · Hùng Quan Trấn Thú,"Tăng #Y20#E-#Y40#E điểm Tấn công Ngoại Công, kéo dài #Y30#E phút.",1,1800.0,1
109404,【Thực phẩm】Hiệu quả·Trấn Thú Hùng Quan,"Tăng #Y2300#E điểm Khí Huyết Tối Đa, kéo dài #Y30#E phút.",1,1800.0,1
109405,【Thức ăn】hiệu quả · Hùng Quan Trấn Thú,"Tăng #Y50#E-#Y100#E điểm Tấn công Ngoại Công, duy trì #Y30#E phút.",1,1800.0,1
109406,【Thức ăn】Hiệu quả · Hùng Quan Trấn Thú,"Tăng #Y5600#E điểm Khí Huyết Tối Đa, duy trì trong #Y30#E phút.",1,1800.0,1
109407,【Thực vật】Hiệu quả·Hùng Quan Trấn Thú,"Tăng #Y70#E-#Y140#E điểm Tấn công Ngoại Công, duy trì #Y30#E phút.",1,1800.0,1
109408,【Thực vật】 Hiệu quả · Hùng Quan Trấn Thú,"Tăng #Y8200#E điểm Khí Huyết tối đa, duy trì trong #Y30#E phút.",1,1800.0,1
109409,【Thực phẩm】Hiệu quả · Hùng Quan Trấn Thú,"Tăng #Y90#E-#Y180#E điểm Tấn công Ngoại Công, duy trì trong #Y30#E phút.",1,1800.0,1
109410,【Thực phẩm】 hiệu quả · Hùng Quan Trấn Thú,"Tăng #Y10300#E điểm Khí Huyết Tối Đa, kéo dài #Y30#E phút.",1,1800.0,1
109411,【Phù Thiếp】hiệu quả · Hùng Quan Trấn Thú,Thời gian duy trì hiệu quả của Thiên Công【Khai Vật · Độc】tăng thêm 5 giây.,1,1800.0,1
109412,【Phù Thiếp】Hiệu quả · Trấn Thú Quan,Hiệu quả của Thiên Công 【Khai Vật · Hỏa】thời gian kéo dài tăng thêm 5 giây.,1,1800.0,1
109413,【Hiệu quả Phù Thiếp】· Hùng Quan Trấn Thú,Hiệu quả của Thiên Công【Khai Vật · Thủy】kéo dài thêm 5 giây.,1,1800.0,1
109414,【Phù Thiếp】Hiệu quả · Hùng Quan Trấn Thú,Tất cả hiệu quả hồi phục của thuốc tăng 15%.,1,1800.0,1
109415,【Phù thiếp】Hiệu quả · Hùng Quan Trấn Thú,"Né tránh tiêu hao nội lực giảm 5%, tốc độ di chuyển tăng 5%.",1,1800.0,1
109416,【Phù thiếp】Hiệu quả · Hùng Quan Trấn Thú,Khả năng chống đánh gãy của bản thân tăng 20%.,1,1800.0,1
109417,【Phù Thiếp】Hiệu quả · Hùng Quan Trấn Thú,"Tốc độ hồi phục nội lực tăng 5%, tốc độ hồi phục Chân Khí tăng 20%.",1,1800.0,1
109418,【Phù thiếp】Hiệu quả · Hùng Quan Trấn Thú,"Khi giá trị Khí Huyết dưới 30%, sát thương gây ra và phải chịu đều tăng 20%.",1,1800.0,1
109419,【Phù thiếp】Hiệu quả · Trấn thú Quan ải,"Khi Khí Huyết dưới 30%, sát thương gây ra và phải chịu đều giảm 20%.",1,1800.0,1
109420,【Phù Thiếp】 Hiệu quả · Hùng Quan Trấn Thú,"Khi ở trạng thái khống chế, sát thương phải chịu giảm 20%.",1,1800.0,1
109421,【Phù thiếp】Hiệu quả · Trấn thú Hùng Quan,"Khi một đòn tấn công trúng #Y3#E mục tiêu địch trở lên, có thể tăng #Y10#E điểm kháng ngoại công cho bản thân, duy trì trong #Y5#E giây.",1,1800.0,1
109422,【Phù thiếp】 hiệu quả · Hùng Quan Trấn Thú,"Tấn công đơn lẻ liên tục trúng #Y3#E mục tiêu địch trở lên, có thể tăng #Y10#E điểm xuyên thấu toàn thuộc tính của bản thân, duy trì #Y5#E giây.",1,1800.0,1
109423,【Phù Thiếp】Hiệu quả · Hùng Quan Trấn Thú,"Khi tấn công đơn lẻ liên tục đánh trúng #Y3#E mục tiêu địch trở lên, có thể hồi phục #Y3%#E Khí Huyết Tối Đa của bản thân, cứ mỗi #Y5#E giây chỉ có thể kích hoạt một lần.",1,1800.0,1
109424,【Phù thiếp】Hiệu quả · Trấn thú Hùng Quan,"Đối với mục tiêu có tỷ lệ Khí Huyết thấp hơn #Y40%#E, gây ra Sát thương Hội Ý tăng 10%.",1,1800.0,1
109425,【Phù thiếp】Hiệu quả · Hùng Quan Trấn Thú,"Đối với mục tiêu có tỷ lệ Khí Huyết thấp hơn #Y40%#E, gây ra sát thương Hội Ý tăng 10%.",1,1800.0,1
109426,【Phù thiếp】Hiệu ứng · Hùng Quan Trấn Thú,"Đối với mục tiêu có tỷ lệ Khí Huyết cao hơn #Y60%#E, tạo thành kỳ thuật sát thương tăng 15%.",1,1800.0,1
109451,【Thực phẩm】Hiệu quả đánh dấu · Sư tử ánh trăng dùng,,1,1.0,0
109452,【Thực vật】Hiệu quả đánh dấu · Dùng cho Sư Tử Ánh Trăng,,1,1.0,0
109453,【Thức ăn】Hiệu ứng đánh dấu · Nguyệt Quang Sư dùng,,1,1.0,0
109454,【Thực vật】Hiệu quả đánh dấu · Sư tử ánh trăng dùng,,1,1.0,0
109455,【Thực phẩm】Hiệu quả đánh dấu · Sư tử ánh trăng dùng,,1,1.0,0
109456,【Thực phẩm】Hiệu quả đánh dấu · Dùng cho Sư Tử Nguyệt Quang,,1,1.0,0
109457,【Thức ăn】Nhãn hiệu hiệu quả · Dùng cho Sư Tử Ánh Trăng,,1,1.0,0
109458,【Thức ăn】Hiệu quả đánh dấu · Sư tử ánh trăng dùng,,1,1.0,0
109459,【Thực phẩm】Hiệu quả đánh dấu · Dành cho Sư Tử Ánh Trăng,,1,1.0,0
109460,【Thức ăn】Đánh dấu hiệu quả · Dùng cho Sư Tử Ánh Trăng,,1,1.0,0
109461,【Phù thiếp】Hiệu quả đánh dấu · Dùng Sư Tử Nguyệt Quang,,1,1.0,0
109462,【Phù thiếp】 Hiệu quả đánh dấu · Nguyệt Quang Sư dùng,,1,1.0,0
109463,【Phù Thiếp】Hiệu quả đánh dấu · Nguyệt Quang Sư dùng,,1,1.0,0
109464,【Phù thiếp】Đánh dấu hiệu quả · Dùng Sư Tử Ánh Trăng,,1,1.0,0
109465,【Phù Thiếp】Hiệu quả đánh dấu · Nguyệt Quang Sư dùng,,1,1.0,0
109466,【Phù thiếp】Hiệu quả đánh dấu-Sử dụng Sư Tử Ánh Trăng,,1,1.0,0
109467,【Phù Thiếp】Hiệu quả đánh dấu · Nguyệt Quang Sư dùng,,1,1.0,0
109468,【Phù thiếp】Hiệu quả đánh dấu-Sử dụng Sư tử ánh trăng,,1,1.0,0
109469,【Phù thiếp】Hiệu quả đánh dấu · Nguyệt Quang Sư dụng,,1,1.0,0
109470,【Phù thiếp】Hiệu quả đánh dấu · Sư tử ánh trăng dùng,,1,1.0,0
109471,【Phù thiếp】Hiệu quả đánh dấu · Dùng Sư tử ánh trăng,,1,1.0,0
109472,【Phù thiếp】Hiệu quả đánh dấu · dùng cho Sư Tử Nguyệt Quang,,1,1.0,0
109473,【Phù thiếp】Hiệu quả đánh dấu · Sư tử ánh trăng dùng,,1,1.0,0
109474,【Phù Thiếp】Hiệu quả đánh dấu · Nguyệt Quang Sư dùng,,1,1.0,0
109475,【Phù Thiếp】hiệu quả đánh dấu · Sư tử ánh trăng dùng,,1,1.0,0
109476,【Phù thiếp】Hiệu quả đánh dấu · Nguyệt Quang Sư dùng,,1,1.0,0
109500,Trúng độc,Trong bụng đang cuộn trào dữ dội,1,5.0,0
109501,Hiệu quả 【Thức ăn】,"Tăng #Y10#E-#Y20#E điểm Tấn công Ngoại Công, duy trì #Y30#E phút (sử dụng lại có thể làm mới thời gian).",1,1800.0,1
109502,【Thức Ăn】Hiệu Quả,"Tăng #Y1100#E điểm Huyết Khí tối đa, duy trì #Y30#E phút (sử dụng lại sẽ làm mới thời gian).",1,1800.0,1
109503,【Thức ăn】 Hiệu quả,"Tăng #Y20#E-#Y40#E điểm Tấn công Ngoại Công, duy trì #Y30#E phút (Sử dụng lại có thể làm mới thời gian).",1,1800.0,1
109504,Hiệu quả 【Thức Ăn】,"Tăng #Y2300#E điểm Máu tối đa, duy trì #Y30#E phút (sử dụng lại có thể làm mới thời gian).",1,1800.0,1
109505,Hiệu ứng 【Thức ăn】,"Tăng #Y60#E-#Y120#E điểm Tấn công Ngoại Công, duy trì #Y30#E phút (sử dụng lại có thể làm mới thời gian).",1,1800.0,1
109506,Hiệu quả 【Thức Ăn】,"Tăng #Y5600#E điểm Khí huyết tối đa, duy trì #Y30#E phút (Sử dụng lặp lại có thể làm mới thời gian).",1,1800.0,1
109507,【Thực phẩm】Hiệu quả,"Tăng #Y70#E-#Y140#E điểm Tấn công Ngoại Công, kéo dài #Y30#E phút (sử dụng lặp lại có thể làm mới thời gian).",1,1800.0,1
109508,Hiệu quả 【Thức ăn】,"Tăng #Y8200#E điểm Khí Huyết tối đa, duy trì #Y30#E phút (sử dụng lại có thể làm mới thời gian).",1,1800.0,1
109509,【Thức ăn】Hiệu quả,"Tăng #Y90#E-#Y180#E điểm Tấn công Ngoại Công, duy trì #Y30#E phút (sử dụng nhiều lần có thể làm mới thời gian).",1,1800.0,1
109510,【Thực phẩm】Hiệu quả,"Tăng #Y10300#E điểm Khí Huyết Tối Đa, duy trì #Y30#E phút (sử dụng lặp lại có thể làm mới thời gian).",1,1800.0,1
109511,【Thực vật】Hiệu quả,"Tăng #Y120#E-#Y240#E điểm Tấn công Ngoại Công, duy trì trong #Y30#E phút (sử dụng lại có thể làm mới thời gian).",1,1800.0,1
109512,【Thực vật】Hiệu quả,"Tăng #Y13800#E điểm Khí Huyết tối đa, duy trì #Y30#E phút (sử dụng lặp lại có thể làm mới thời gian).",1,1800.0,1
109550,Bánh nướng cay xé lưỡi,"Chân khí liên tục giảm, nhưng ngươi sẽ nhận được 20% tăng cường sát thương, và hồi phục 3 điểm chân khí khi đánh trúng.",1,1800.0,0
109551,Bánh bao thịt nướng,"Khi Khí Huyết trên 90%, sát thương +15% sát thương kỹ năng; khi Khí Huyết dưới 50%, hút máu +7.5%.",1,1800.0,0
109552,Bánh Bao Rau Mùi,"Sát thương kỹ năng +5%, Tốc độ di chuyển +5%, Giảm 10% Phòng ngự Ngoại Công",1,1800.0,0
109553,Bánh bao nhân bạc hà,"Thời gian hồi chiêu kỹ năng chủ động -20%, tốc độ hồi phục thể lực +30%.",1,1800.0,0
109554,Bánh bao lửa khổng lồ,"Khi Hộ Thuẫn Khí Huyết tồn tại, nhận được 10% giảm sát thương, và 200% lượng hộ thuẫn còn lại khi kết thúc sẽ chuyển hóa thành huyết lượng.",1,1800.0,0
109555,Bánh bao mù tạt,"Khi nhận sát thương sẽ bị kích nộ: Sát thương gây ra +15%, Tỷ lệ Hội Ý +5%, nhưng Phòng ngự Ngoại Công -20%, duy trì 10s. Mỗi 30 giây kích hoạt một lần.",1,1800.0,0
109556,Bánh bao thịt nướng cả nhà,"Tăng 15% giới hạn khí huyết và 20 điểm giới hạn thể lực, nhưng sát thương giảm 10%.",1,1800.0,0
109557,Bánh bao nhân ruột,"Hiệu quả trị liệu và được trị liệu +25%, hiệu quả này sẽ tăng gấp đôi khi sinh lực dưới 30%.",1,1800.0,0
109558,Bánh Lừa Tạp,"Mỗi lần trị liệu, sẽ hồi phục thêm 2% sinh lực tối đa và chân khí của mục tiêu.",1,1800.0,0
109559,Hỏa thiêu năng lượng,"Sát thương vượt quá 30% máu tối đa của bản thân sẽ giảm 50%, nhưng sau đó sẽ khiến ngươi rơi vào trạng thái nhận thêm 20% sát thương trong 5 giây. Hiệu ứng kích hoạt mỗi 5 phút một lần.",1,1800.0,0
109560,Mù tạt xộc óc,"Gây sát thương +15%, Tỷ lệ Hội Ý +5%, nhưng Phòng ngự Ngoại Công -20%.",1,10.0,0
109561,Bị thương,Sát thương nhận vào tăng 20%.,1,5.0,0
109562,Yến Phản,Gây thêm 10% sát thương lên kẻ địch đang chịu 2 trạng thái bất lợi trở lên.,1,-1.0,1
109564,Hoán Hoa,"Khi đạt trạng thái đầy khí huyết sẽ có thêm #Y5%#E xác suất gây trị liệu Bạo Kích và sát thương Bạo Kích, đồng thời hiệu quả trị liệu Bạo Kích và sát thương Bạo Kích được tăng #Y15%#E.",1,-1.0,1
109565,Tuyết Lê,"Khi sát thương đơn lần phải chịu vượt quá #Y40%#E khí huyết tối đa hoặc khí huyết bản thân dưới #Y20%#E, lần trị liệu tiếp theo sẽ hồi phục thêm #Y25%#E khí huyết tối đa cho bản thân, mỗi 60 giây tối đa hiệu lực một lần.",1,-1.0,1
109566,Lê Tuyết,,1,-1.0,0
109567,Lê Tuyết,,1,-1.0,0
109568,Lê Tuyết,"Trong 5 giây, kỹ năng trị liệu tiếp theo hồi phục 25% khí huyết cho bản thân",1,5.0,0
109569,Lê Tuyết,Hồi phục 25% khí huyết,1,0.1,0
109570,Liên Tinh,"Đồng thời trúng không dưới 2 kẻ địch và trúng thủ lĩnh hoặc người chơi, bản thân nhận được 1 tầng hiệu ứng #Y Liên Tinh#E: trong 5 giây, sát thương do kỹ năng võ học gây ra tăng #Y3%#E, và kỹ năng võ học tăng thêm sát thương cho kẻ địch cách xa #Y4#E mét, sát thương tăng càng xa càng cao, đạt đến giá trị tăng sát thương tối đa #Y1%#E khi vượt quá #Y8#E mét, có thể cộng dồn tối đa #Y5#E tầng, mỗi lần chịu 1 sát thương giảm 1 tầng, tối đa cộng dồn 2 tầng liên tinh mỗi giây.",1,-1.0,1
109571,Bão Ngọc,"Khi khoảng cách di chuyển trong 1 giây vượt quá 6 mét, bản thân nhận được hiệu ứng Bão Ngọc: Trong 5 giây, sát thương Khí Huyết và sát thương Chân Khí phải chịu giảm 15%, hiệu ứng này chỉ có thể phát huy tác dụng một lần sau mỗi 20 giây.",1,-1.0,1
109572,Liên Tinh,"Sát thương do kỹ năng võ học gây ra tăng #Y3%#E, và kỹ năng võ học gây thêm sát thương cho kẻ địch cách xa #Y4#E mét, sát thương tăng càng xa, đạt đến giá trị tăng sát thương tối đa #Y1%#E khi vượt quá #Y8#E mét.",5,5.1,0
109573,Bão Ngọc,Trong 5 giây nhận được sát thương khí huyết và sát thương chân khí giảm 15%,1,5.1,0
109574,Thiên Tơ Cổ,Hồi phục 10% điểm khí huyết,1,0.1,0
109575,Đoạn Nhạc,"Gỡ thế thành công hoặc trúng thủ lĩnh khi nhận được hiệu quả #YĐoạn Nhạc#E: Gây ra sát thương Khí Huyết tăng #Y5%#E, khinh trọng kích · phái sinh kỹ, hiệp chiến kích phát kỹ cùng hiệu quả hiệp chiến gây ra sát thương tăng thêm #Y5%#E.",1,-1.0,1
109576,Đoạn Nhạc,"Gây sát thương Khí Huyết tăng#Y5%#E, Khinh Kích trọng kích·phái sinh kỹ, hiệp chiến kích phát kỹ cùng hiệu quả hiệp chiến gây sát thương tăng thêm#Y5%#E.",1,5.1,0
109577,Huyền Giáp,"Khi bản thân ở trạng thái #Y Cường Tráng#E, sát thương Khí Huyết phải chịu giảm #Y5%#E. Khi bị đánh ở trạng thái cường tráng, bản thân nhận được hiệu quả #Y Huyền Giáp#E kéo dài 5 giây có thể cộng dồn 5 tầng: Giảm 2% xác suất nhận sát thương chí mạng, giảm 1% xác suất nhận sát thương Hội Ý.",1,-1.0,1
109578,Huyền Giáp,"Giảm 2% xác suất chịu sát thương Hội Ý, giảm 1% xác suất chịu sát thương Hội Ý.",5,5.1,0
109579,Bạn đồng hành,,1,-1.0,0
109580,Bạn Tinh,,1,3.5,0
109581,Đánh ngã hồi máu cho đồng đội,Cướp đoạt sinh mệnh lực của đối phương,1,-1.0,0
109582,Hồi máu do đồng đội đánh ngã người chơi,Đồng đội cướp đi sinh lực của đối phương và chia sẻ,1,0.1,0
109583,Do đồng đội đánh ngã người chơi mà hồi chân khí,Đồng đội đoạt lấy sinh lực của đối phương và chia sẻ,1,0.1,0
109600,【Phù Thiếp】 Hiệu quả,Thiên Công【Khai Vật · Độc】thời gian hiệu lực tăng thêm 5 giây.,1,1800.0,1
109601,Hiệu ứng 【Phù Thiếp】,Thiên Công【Khai Vật · Hỏa】thời gian hiệu lực tăng thêm 5 giây.,1,1800.0,1
109602,Hiệu ứng 【Phù Thiếp】,Thời gian hiệu lực của Thiên Công【Khai Vật · Thủy】 được tăng thêm 5 giây.,1,1800.0,1
109603,Hiệu ứng 【Phù Thiếp】,Hiệu quả hồi phục của tất cả dược phẩm tăng 15%.,1,1800.0,1
109604,Hiệu ứng 【Phù Thiếp】,"Giảm 5% tiêu hao thể lực khi né tránh, tăng 5% tốc độ di chuyển.",1,1800.0,1
109605,【Phù Thiếp】 Hiệu quả,Khả năng chống bị ngắt chiêu của bản thân tăng 20%.,1,1800.0,1
109606,Hiệu ứng 【Phù Thiếp】,"Tốc độ hồi phục thể lực tăng 5%, tốc độ hồi phục chân khí tăng 20%.",1,1800.0,1
109607,【Phù Thiếp】 Hiệu quả,"Khi Khí Huyết dưới 30%, sát thương gây ra và nhận vào đều tăng 20%.",1,1800.0,1
109608,Hiệu ứng 【Phù Thiếp】,"Khi khí huyết dưới 30%, sát thương gây ra và nhận vào đều giảm 20%.",1,1800.0,1
109609,Hiệu ứng 【Phù Thiếp】,Giảm 20% sát thương nhận vào khi đang chịu trạng thái khống chế.,1,1800.0,1
109610,Hiệu ứng 【Phù Thiếp】,"Hy sinh 20% khí huyết tối đa của bản thân, tăng 8% sát thương gây ra bởi vũ khí thuộc loại binh khí (Kiếm, Thương, Mạc Đao, Song Đao).",1,1800.0,1
109611,【Phù Thiếp】Hiệu quả,"Hy sinh 20% khí huyết tối đa của bản thân, tăng 8% sát thương gây ra bởi vũ khí loại Kỳ Binh. (Quạt, Dù, Tiêu dây)",1,1800.0,1
109612,Hiệu ứng 【Phù Thiếp】,"Hy sinh 30% phòng ngự bản thân, tăng 10% thương tổn Bạo Kích và 10% thương tổn Bạo Kích.",1,1800.0,1
109613,Thiên phú võ học,"Khi quyết toán bất kỳ kỹ năng nào, cứ mỗi #Y100 điểm#E<Tấn công Ngoại Công tối đa|780|#C|15> sẽ tăng thêm #Y1%#E<Tỷ lệ Hội Ý|780|#C|23>, tối đa có thể tăng #Y10%#E.",1,-1.0,0
109614,Thiên phú võ học,Sát thương Kỹ năng Tích Lũy tăng thêm #Y20%#E.,1,-1.0,0
109615,Thiên phú Võ học,"Khi quyết toán bất kỳ kỹ năng nào, mỗi #Y100 điểm#E <Tấn công Ngoại Công tối đa|780|#C|15> sẽ tăng thêm #Y1%#E <Tỷ lệ Hội Ý|780|#C|23>, tối đa tăng #Y10%#E.",1,-1.0,0
109616,Thiên phú Võ học,<Sầu Vô Tửu|781|#C|10201|20101101> tăng 20% sát thương.,1,-1.0,0
109617,Giết trong nháy mắt,Gây ra một lần sát thương tức thì,1,3.0,0
109618,Thay thế,Thay thế điểm kết toán,1,60.0,0
109619,Chảy máu,"Vết thương bị xé rách, liên tục chịu sát thương.",5,10.0,0
109620,Huyết Bạo (Ẩn),Gây ra một đòn sát thương lớn,1,0.2,0
109621,Kích nổ hiệu ứng chảy máu bị động,"Nội lực hỗn loạn, sát thương gây ra bởi trạng thái bất thường tăng lên.",1,-1.0,0
109622,Trọng thương,"Nội lực hỗn loạn, sát thương gây ra bởi trạng thái bất thường tăng lên.",1,15.0,0
109623,Kiếm Ý Sung Mãn,Kiếm ý tràn đầy,1,-1.0,0
109624,Huyết Bạo (Ẩn),Gây ra một đòn sát thương lớn,1,0.2,0
109625,Đoạn Thủy Giảm CD,"Song đao Đoạn Thủy, khi thi triển kỹ năng sẽ giảm 1 giây CD kỹ năng chủ động.",1,-1.0,0
109626,Chiêm Cận,Bản thân kháng tính Ngoại Công tăng 10 điểm.,1,5.0,0
109627,Du Mục,Bản thân toàn thuộc công xuyên thấu tăng 10 điểm.,1,5.0,0
109628,Hiệu quả 【Phù Thiếp】,"Đối với mục tiêu có tỷ lệ Khí Huyết dưới #Y40%#E, sát thương Hội Tâm gây ra tăng 10%.",1,1800.0,1
109629,【Phù Thiếp】Hiệu quả,"Đối với mục tiêu có tỷ lệ Khí Huyết dưới #Y40%#E, sát thương Hội Ý gây ra tăng 10%.",1,1800.0,1
109630,Hiệu quả 【Phù Thiếp】,"Đối với mục tiêu có tỷ lệ Khí Huyết cao hơn #Y60%#E, sát thương kỳ thuật tăng 15%.",1,1800.0,1
109631,"Huyết Bạo (ẩn, 5 xung)",Gây ra một sát thương lớn,1,0.2,0
109632,"Huyết Bạo (ẩn, 5 xung)",Gây ra một lần sát thương lớn,1,0.2,0
109633,【Phù thiếp】Hiệu quả,"Đối với mục tiêu có Chân Khí thấp hơn #Y40%#E, sát thương Hội Ý tăng #Y10%#E.",1,1800.0,1
109634,【Phù thiếp】hiệu quả,"Đối với mục tiêu có tỷ lệ Chân Khí dưới #Y40%#E, sát thương Hội Ý gây ra tăng #Y10%#E.",1,1800.0,1
109635,【Phù thiếp】Hiệu quả,"Đối với mục tiêu có tỷ lệ Chân Khí cao hơn #Y60%#E, sát thương toàn thuộc tính gây ra tăng #Y15%#E.",1,1800.0,1
109700,Khởi đầu · Tích Cự Cửu Kiếm,"Khi kỹ năng đặc biệt đánh trúng kẻ địch, nếu mục tiêu đang ở trạng thái #Y5#E tầng chảy máu, sẽ xóa bỏ toàn bộ chảy máu và lập tức gây ra một lượng lớn sát thương chảy máu, mỗi lần thi triển chỉ kích hoạt hiệu ứng này một lần trên cùng một mục tiêu.",1,-1.0,1
109701,Quyết toán · Tích Cự Cửu Kiếm · Trọng 2,"Tỷ lệ Hội Ý khi tính sát thương chảy máu có thể tăng thêm dựa trên Tấn công Ngoại Công tối đa. Tối đa có thể tăng thêm #Y5.00%#E, cần tích lũy đủ #Y500#E điểm Tấn công Ngoại Công tối đa.",1,-1.0,1
109702,Kết toán · Tích Cự Cửu Kiếm · Trọng 6,"Tỷ lệ trúng đòn khi gây sát thương chảy máu có thể tăng thêm dựa trên Tấn công Ngoại Công tối đa. Tối đa có thể tăng thêm #Y10.00%#E, cần tích lũy đủ #Y1000#E điểm Tấn công Ngoại Công tối đa.",1,-1.0,1
109703,Quyết toán · Cửu Kiếm Tích Cự · Trọng 8,"Tỷ lệ Hội Ý khi tính sát thương chảy máu có thể tăng thêm dựa trên Tấn công Ngoại Công tối đa. Tối đa có thể tăng thêm #Y15.00%#E, cần tích lũy #Y1500#E điểm Tấn công Ngoại Công tối đa.",1,-1.0,1
109704,Chuyên môn · Tích Cửu Kiếm,"Khi kỹ năng đặc biệt đánh trúng kẻ địch, nếu mục tiêu đang ở trạng thái #Y5#E tầng chảy máu, sẽ xóa bỏ toàn bộ chảy máu và lập tức gây ra một lượng sát thương chảy máu lớn, đồng thời hoàn trả lại #Y10#E điểm thể lực, hiệu ứng này mỗi lần thi triển trên cùng một mục tiêu chỉ kích hoạt một lần.",1,-1.0,1
109705,Khởi đầu · Cửu Khúc Kinh Thần Thương,"Kỹ năng Trọng Kích #YCửu Khúc Kinh Thần Thương#E khi đánh trúng mục tiêu sẽ gây hiệu ứng Kinh Thần #Y1#E tầng: Sát thương duy trì phải chịu tăng #Y5%#E, kéo dài #Y10#E giây, tối đa có thể cộng dồn #Y5#E tầng. Đặc biệt, mỗi tầng Kinh Thần còn tăng #Y5%#E sát thương từ hiệu ứng chảy máu lớn phải chịu.",1,-1.0,1
109706,Quyết toán · Cửu Khúc Kinh Thần Thương · Trọng 2,"Sát thương Hội Ý khi tính toán sát thương liên tục có thể dựa trên Tấn công Ngoại Công tối đa để tăng thêm. Tối đa có thể tăng thêm #Y10.00%#E, cần tích lũy đủ #Y500#E điểm Tấn công Ngoại Công tối đa.",1,-1.0,1
109707,Kết toán · Cửu Khúc Kinh Thần Thương · Trọng 6,"Sát thương ý cảnh khi tính toán sát thương liên tục có thể được tăng cường dựa trên Tấn công Ngoại Công tối đa. Tối đa có thể tăng thêm #Y20.00%#E, cần tích lũy #Y1000#E điểm Tấn công Ngoại Công tối đa.",1,-1.0,1
109708,Quyết toán · Cửu Khúc Kinh Thần Thương · Trọng 8,"Sát thương ý cảnh khi kết toán sát thương liên tục có thể được tăng cường dựa trên Tấn công Ngoại Công tối đa. Tối đa có thể tăng thêm #Y30.00%#E, cần tích lũy #Y1500#E điểm Tấn công Ngoại Công tối đa.",1,-1.0,1
109709,Chuyên Môn · Cửu Khúc Kinh Thần Thương,"Khi Kích Kỹ năng Trọng Kích Cửu Khúc Kinh Thần Thương đánh trúng mục tiêu sẽ thêm #Y1#E tầng hiệu ứng Kinh Thần: Sát thương duy trì phải chịu tăng #Y10%#E, kéo dài #Y10#E giây, tối đa có thể cộng dồn #Y5#E tầng. Đặc biệt, mỗi tầng Kinh Thần còn tăng #Y10%#E sát thương hiệu ứng chảy máu lớn phải chịu.",1,-1.0,1
109710,Kinh Thần,"Tất cả sát thương duy trì và sát thương chảy máu cao phải chịu tăng #Y5%#E, duy trì #Y10#E giây, tối đa có thể cộng dồn #Y5#E tầng.",5,15.0,0
109711,Kinh Thần,"Tất cả sát thương liên tục và sát thương chảy máu lớn nhận được tăng #Y10%#E, duy trì #Y10#E giây, tối đa có thể cộng dồn #Y5#E tầng.",5,15.0,0
109900,Thông thạo Ý nghĩa,"Tỷ lệ Hội Ý tăng 15%, sau khi sử dụng Dịch Võ Kỹ, Tỷ lệ Hội Ý tăng thêm 20%, duy trì 10 giây.",1,-1.0,0
109901,Tinh thông Tích Lũy,"Sát thương gây ra bởi Kỹ năng Tích Lũy tăng 15%, đồng thời tăng thêm 15% hút sinh lực.",1,-1.0,0
109902,Tinh Thông Bạo Kích,"Sau khi né tránh, tỷ lệ Bạo Kích tăng 20%, duy trì 5 giây, không cộng dồn.",1,-1.0,0
109903,Giải Thế Tinh Thông,"Sau khi hóa giải thế công thành công, tất cả sát thương gây ra tăng 20%, duy trì 8 giây.",1,-1.0,0
109904,Giảm hồi chiêu nhanh,"Thời gian điều tức võ học giảm 15%, mỗi lần thi triển Dịch Võ Kỹ, thời gian điều tức của võ học đang hồi phục sẽ giảm thêm 20%.",1,-1.0,0
109905,Thời gian hoàn mỹ,"Sau khi né tránh chính xác, thời gian nín thở kéo dài thêm 50%, đồng thời tăng 20% lực tấn công, duy trì 10 giây.",1,-1.0,0
109906,Phòng thủ phản công,"Hiệu quả giảm sát thương khi đỡ đòn tăng 10%; sau khi đỡ đòn thành công giúp bản thân hấp thụ 20% khí huyết, duy trì 15 giây, hiệu quả không cộng dồn, mỗi 5 giây có thể kích hoạt một lần.",1,-1.0,0
109907,Thừa thắng xông lên,"Mỗi khi đánh bại một đơn vị địch, tăng 3% Tỷ lệ Hội Ý, 6% Tỷ lệ Bạo Kích, duy trì 8 giây, khi cộng dồn sẽ làm mới thời gian duy trì, tối đa 5 tầng.",1,-1.0,0
109908,Càng lúc càng gay gắt,"Khi sinh lực bản thân cao hơn 80%/50%/30%, đánh bại đơn vị địch sẽ hồi phục thêm 15/10/5 điểm tinh nguyên. Sát thương gây ra bởi Kỳ Thuật tăng 25%.",1,-1.0,0
109909,Ý chí sục sôi,"Sau khi hóa giải hoặc né tránh chuẩn xác, bản thân tăng 8% tấn công, giảm 5% phòng ngự, duy trì 20 giây, cộng dồn sẽ làm mới thời gian duy trì, tối đa 5 tầng.",1,-1.0,0
109910,Thông thạo Ý cảnh II,Sát thương Hội Ý tăng 50%.,1,-1.0,0
109911,Tinh thông Tích Lực II,"Sát thương gây ra bởi Kỹ năng Tích Lũy tăng thêm 10%, đồng thời tiêu hao thể lực giảm 50%.",1,-1.0,0
109912,Tinh thông Bạo Kích II,Tăng 25% sát thương Bạo Kích; giảm 30% tiêu hao thể lực của kỹ năng né tránh.,1,-1.0,0
109913,Giải Thế Tinh Thông II,Thời gian mục tiêu có thể bị Giải Thế tăng 50%; Sát thương Chân Khí gây ra khi Giải Thế thành công tăng 20%.,1,-1.0,0
109914,Giảm hồi chiêu nhanh II,"Sát thương gây ra bởi Võ học kỹ, Đặc thù kỹ tăng 20%.",1,-1.0,0
109915,Thời gian hoàn hảo II,"Thời gian vô địch của kỹ năng né tránh kéo dài 50%, sau khi né tránh chuẩn xác hồi phục 5% khí huyết tối đa.",1,-1.0,0
109916,Phòng Thủ Phản Kích II,"Đỡ đòn thành công không còn tiêu hao thể lực, và sau khi đỡ đòn thành công sẽ khiến mục tiêu giảm 20% phòng ngự, duy trì 15 giây, hiệu quả không cộng dồn, mỗi 5 giây có thể kích hoạt một lần.",1,-1.0,0
109917,Thừa thắng truy kích II,"Sát thương Hội Ý tăng 25%, sát thương Bạo Kích tăng 30%.",1,-1.0,0
109918,Càng lúc càng gay cấn II,"Tinh nguyên hồi phục thêm tăng lên 20/15/10, và Kỳ Thuật gây sát thương sẽ kèm theo hút 15% khí huyết.",1,-1.0,0
109919,Nộ Ý Kích Ngưỡng II,"Sau khi sử dụng Kỹ Năng Kết Liễu, bản thân nhận sát thương giảm 80%, duy trì 10 giây.",1,-1.0,0
109920,Hội Ý Tăng Cường,Tỷ lệ Hội Ý tăng thêm 20%.,1,10.0,0
109921,Tăng cường Bạo Kích,Tỷ lệ Bạo Kích tăng 20%.,1,5.0,0
109922,Tăng cường sát thương,Tất cả sát thương gây ra tăng 20%.,1,8.0,0
109923,Tăng cường sức tấn công,Lực tấn công tăng 20%.,1,10.0,0
109924,Giảm phòng ngự,Giảm 20% phòng ngự.,1,10.0,0
109925,Tăng cường Trúng Đích,"Tăng 3% Tỷ lệ Hội Ý, 6% Tỷ lệ Bạo Kích.",5,8.0,0
109926,Tăng cường tấn công,"Tăng 8% tấn công, giảm 5% phòng ngự.",5,20.0,0
109927,Giảm sát thương,Bản thân nhận sát thương giảm 80%,1,10.0,0
109928,Giảm phòng ngự,Giảm 20% phòng ngự.,1,15.0,0
109929,Hút khí huyết,Bản thân nhận được 20% Hấp thụ Khí Huyết.,1,15.0,0
110001,Yểu Vô Hình,"Ẩn mình, rút ngắn khoảng cách kẻ địch phát hiện người chơi.",1,-1.0,0
120001,Bất Tạ Hoa,,1,-1.0,0
120002,Bất Tạ Hoa,,1,-1.0,0
120004,,Nhận thêm #Y8%#E tỷ lệ Bạo Kích,1,10.0,0
120007,,Nhận thêm #Y10%#E Xuyên thấu Ngoại công,1,8.0,0
120008,Liễu khói trùng trùng,"Khinh Kích/trên không trúng đích sẽ tăng sát thương cho đòn đánh mạnh/trên không #Y12%#E, duy trì #Y10#E giây; ngược lại cũng vậy, đặc biệt, đòn đánh mạnh/trên không trúng đích còn tăng sát thương cho Khinh Kích tích lực #Y12%#E.",1,-1.0,1
120009,Liễu khói rậm rạp,Đòn đánh Bạo Kích và đòn đánh trên không nhận được #Y12%#E tăng sát thương.,1,15.0,0
120010,Liễu rủ khói giăng,"Khinh Kích, đòn đánh giữa không trung và Khinh Kích tích lực nhận được #Y12%#E tăng sát thương.",1,15.0,0
120011,Bất Tri Hàn,"Sau khi tiến vào trạng thái chiến đấu, nếu giữ #Y10#E giây không bị sát thương, có thể lập tức nhận hiệu ứng Bất Tri Hàn: Sát thương đòn đánh tiếp theo và tất cả sát thương nhận phải trong vòng #Y2#E giây sau đó có thể giảm #Y40%#E. Hiệu ứng Bất Tri Hàn sẽ bị loại bỏ khi rời khỏi trạng thái chiến đấu.",1,-1.0,1
120012,Bất Tri Hàn,Sát thương khi bị đánh lần tiếp theo và tất cả sát thương phải chịu trong vòng #Y2#E giây sau khi bị đánh đều có thể giảm #Y40%#E. Sẽ bị loại bỏ khi rời khỏi trạng thái chiến đấu.,1,-1.0,0
120013,Bất Tri Hàn,Tất cả sát thương nhận vào đều có thể giảm #Y40%#E.,1,2.0,0
120014,Yên Liễu Trùng Trùng,"Khinh Kích/Kỹ năng đạn đạo sau khi trúng sẽ khiến sát thương Trọng Kích/Trọng Kích Truy Kích tăng #Y12%#E, duy trì #Y15#E giây. Hiệu quả nhận được #Y2# giây sau khi nhận được có thể làm mới thời gian.",1,-1.0,0
120015,Yên Liễu Trùng Trùng,"Sau khi Trọng Kích/Trọng Kích Truy Kích kỹ trúng đích có thể nhận được hiệu quả #YKhinh Liễu#E：Sát thương Khinh Kích/kỹ năng đạn đạo tăng #Y12%#E, duy trì #Y15#E giây；thời gian hiệu quả cứ mỗi #Y2#E giây chỉ có thể làm mới một lần.",1,-1.0,0
120016,Yên Liễu Trùng Trùng,"Khinh Kích, kỹ năng đạn đạo, Trọng Kích, kỹ năng truy kích Trọng Kích nhận được #Y12%#E sát thương cộng thêm. Hiệu quả nhận được #Y2#E giây sau khi kỹ năng tương ứng trúng đích một lần nữa có thể làm mới thời gian.",1,15.0,0
130001,Tăng cường Kháng Cự Chính Xác,Tăng cường kháng chính xác,5,-1.0,0
130002,Tăng cường Tỷ lệ Kháng Bạo Kích,Tăng cường tỷ lệ kháng Bạo Kích,5,-1.0,0
130003,Cường hóa kháng hiệu ứng Hội Ý,Tăng cường Tỷ lệ Kháng Hội Ý,5,-1.0,0
130004,Tăng cường độ chính xác,Tăng cường độ chính xác,5,-1.0,0
130005,Tăng cường Tỷ lệ Bạo Kích,Tăng cường Tỷ lệ Bạo Kích,5,-1.0,0
130006,Cường hóa Tỷ lệ Hội Ý,Cường hóa Tỷ lệ Hội Ý,5,-1.0,0
130007,Tăng cường tỷ lệ chuyển hóa Cọ Sát,Cường hóa tỷ lệ chuyển hóa Cọ Sát,5,-1.0,0
130020,Cường hóa Kháng tính Ngoại công,Cường hóa kháng ngoại công,4,-1.0,0
130021,Cường hóa kháng Lôi Đình,Tăng cường kháng tính Minh Kim,10,-1.0,0
130022,Cường hóa Kháng Lực Phá Thạch,Cường hóa kháng nứt đá,10,-1.0,0
130023,Tăng cường kháng Phá Trúc,Tăng cường Kháng Phá Trúc,10,-1.0,0
130024,Tăng cường Kháng hiệu Ứng Kéo Lụa,Tăng cường Kháng Cự Khiên Ti,10,-1.0,0
130040,Tăng thêm Ngoại Công xuyên thấu,Cường hóa xuyên thấu Ngoại công,4,-1.0,0
130041,Xuyên thấu cường hóa Minh Kim,Xuyên Thấu Cường Hóa Huyết Mạch,10,-1.0,0
130042,Xuyên Thấu Phá Thạch cường hóa,Liệt Thạch Xuyên Thấu Cường Hóa,10,-1.0,0
130043,Xuyên thấu trúc cường hóa,Phá Trúc Xuyên Thấu Cường Hóa,10,-1.0,0
130044,Xuyên Thấu Kéo Lụa Cường Hóa,Xuyên Tơ Xuyên Thấu Cường Hóa,10,-1.0,0
130101,Cường hóa Dịch Võ,"Trong vòng 5 giây sau khi thi triển Dịch Võ Kỹ, sát thương gây ra tăng thêm 10%",1,-1.0,0
130102,Bảo hộ khi Huyết Lượng thấp,"Khi khí huyết dưới 25%, sát thương nhận vào giảm thêm 30%",1,-1.0,0
130103,Cường hóa xử trảm,Sát thương gây ra bởi Kỹ năng Hành Quyết tăng lên 25% (Nguyên bản 15%),1,-1.0,0
130104,Bảo vệ Chân Khí thấp · buff chính,"Khi Chân Khí dưới 30%, sẽ hồi phục 2 điểm mỗi giây (giống như khi thoát chiến đấu)",1,-1.0,0
130105,Thủ Quan Nguyên,"Miễn nhiễm một lần sát thương Bạo Kích sẽ hồi phục 20% khí huyết, đồng thời miễn thương trong 1 giây, mỗi trận chiến chỉ kích hoạt được một lần.",1,-1.0,0
130106,Sát thương tấn công nặng nhẹ cường hóa,Cường hóa sát thương Tấn công nặng nhẹ,5,-1.0,0
130107,Cường hóa Khí Huyết tối đa,Tăng cường tối đa khí huyết,4,-1.0,0
130108,Tăng thương,Sát thương gây ra tăng thêm 10%,1,5.0,0
130109,Thủ Quan Nguyên,"Hồi phục 20% khí huyết, và miễn chịu sát thương trong 1 giây.",1,1.0,0
130110,Bảo vệ Chân Khí thấp · buff phụ,"Khi Chân Khí dưới 30%, sẽ hồi phục 2 điểm mỗi giây (giống như khi thoát chiến).",1,-1.0,0
130201,Dịch Võ cường hóa,"Trong vòng 5 giây sau khi thi triển kỹ năng Dịch Võ, sát thương gây ra tăng thêm 5%",1,-1.0,0
130202,Dễ Võ Kỹ: Tăng cường sát thương,"Sau khi giải phóng kỹ năng dịch võ, trong vòng 5 giây, sát thương gây ra tăng thêm 2%, có thể chồng 5 tầng.",5,-1.0,0
130203,Dịch Võ Kỹ: Cường hóa hút máu,"Trong vòng 5 giây sau khi tung kỹ năng Dịch Võ, sát thương gây ra có thể nhận được 2% hiệu quả hút Khí Huyết, có thể cộng dồn 5 tầng.",5,-1.0,0
130204,Cường hóa kỹ năng phá phòng,Sát thương do kỹ năng phá phòng gây ra tăng #G15%#E,1,-1.0,0
130205,Bảo hộ máu thấp,"Khi giá trị Khí Huyết dưới 25%, sát thương phải chịu giảm thêm 20%",1,-1.0,0
130206,Khí Huyết thấp: Giảm thương,"Khi giá trị khí huyết dưới 25%, sát thương phải chịu giảm thêm 2%, có thể cộng dồn 5 tầng",5,-1.0,0
130207,Khí huyết thấp: Tăng thương,"Khi giá trị Khí Huyết dưới 25%, sát thương gây ra tăng thêm 3%, có thể cộng dồn 5 tầng",5,-1.0,0
130208,"\""Thủ quan nguyên\""","Miễn dịch một lần sát thương trí mạng sau đó hồi phục 10%/20% Khí Huyết, và trong 1/2 giây miễn nhiễm sát thương, mỗi trận chiến chỉ có thể kích hoạt một lần.",2,-1.0,0
130209,Xử quyết cường hóa,Sát thương do kỹ năng xử quyết gây ra tăng lên 20% (nguyên bản 15%),1,-1.0,0
130210,Xử quyết-cường hóa sát thương,"Sát thương do kỹ năng xử quyết gây ra tăng thêm 1% (nguyên 15%), có thể cộng dồn 5 tầng",5,-1.0,0
130211,Xử quyết · Sát thương hút máu,"Kỹ năng xử trảm hút 3% Khí Huyết dựa trên sát thương gây ra, có thể cộng dồn 5 tầng",5,-1.0,0
130212,Gỡ thế cường hóa,"Sau khi gỡ thế thành công, hồi phục 5 điểm thể lực",1,-1.0,0
130213,Dịch Võ cường hóa tử buff,Sát thương gây ra tăng thêm 5%,1,5.0,0
130214,Kỹ năng Dịch Võ: Tăng cường sát thương phụ,"Sát thương gây ra tăng thêm 2%, có thể cộng dồn 5 tầng",5,5.0,0
130215,Kỹ năng Dịch Võ: Cường hóa buff Hấp Huyết Tử,"Gây ra sát thương có thể nhận được 2% hiệu quả hút Khí Huyết, có thể cộng dồn 5 tầng.",5,5.0,0
130216,Thủ quan nguyên,"Hồi phục 10% Khí Huyết, đồng thời trong 1 giây miễn nhiễm sát thương.",1,1.0,0
130217,Thủ quan nguyên,"Hồi phục 20% Khí Huyết, và trong 2 giây miễn nhiễm sát thương.",1,2.0,0
130218,Tăng cường Sát thương Khinh Kích,Khinh kích sát thương cường hóa,5,-1.0,0
130219,Tăng cường sát thương kỹ năng súc lực,Tăng cường sát thương kỹ năng súc lực,5,-1.0,0
130220,Tăng cường sát thương kỹ năng võ học,Tăng cường sát thương kỹ năng võ học,5,-1.0,0
130221,Kỹ năng đặc biệt tăng cường sát thương,Cường hóa sát thương Tuyệt Kỹ,5,-1.0,0
130222,Giảm nhẹ sát thương Khinh Kích,Khinh kích sát thương giảm,5,-1.0,0
130223,Giảm miễn sát thương kỹ năng súc lực,Giảm miễn sát thương khi súc lực,5,-1.0,0
130224,Giảm sát thương kỹ năng Võ học,Giảm sát thương võ học kỹ,5,-1.0,0
130225,Giảm miễn sát thương kỹ năng đặc biệt,Giảm miễn sát thương kỹ năng đặc biệt,5,-1.0,0
130226,Liên kích cường hóa,"Khi đánh trúng đơn vị đang chịu đòn hoặc bị khống chế, sát thương gây ra sẽ tăng thêm #G5%#E.",1,-1.0,0
130227,Liên Kích: Tăng cường sát thương,"Khi đánh trúng đơn vị đang ở trạng thái bị đánh hoặc bị khống chế, sát thương gây ra sẽ tăng thêm #G2%#E, có thể cộng dồn 5 tầng",5,-1.0,0
130228,Liên kích: cường hóa hút máu,"Khi trúng mục tiêu đang bị đánh hoặc bị khống chế, sát thương gây ra có thể nhận được hiệu quả hút Khí Huyết #G2%#E, có thể cộng dồn 5 tầng",5,-1.0,0
130229,Kỹ năng phá phòng tăng cường,"Khi sử dụng kỹ năng phá phòng thành công phá vỡ trạng thái phòng ngự của mục tiêu, hồi phục #G20#E điểm Chân Khí cho bản thân.",1,-1.0,0
130230,Tăng cường giá trị Khí Huyết tối đa,Tăng cường Khí Huyết tối đa,4,-1.0,0
131001,Thiên Công thu thập cường hóa,,1,-1.0,0
131002,Hiệu ứng đặc biệt của Thiên Công Thủy,,1,-1.0,0
131003,Hoàn trả tiêu hao Thiên Công,,1,-1.0,0
140100,Vô Tướng Hoàng · Đánh dấu BUFF,"Trong trận chiến với Vô Tướng Hoàng khi chơi nhiều người, sát thương gây ra và khả năng hồi phục được tăng cường.",3,-1.0,0
140101,Vô Tướng Hoàng · Thiên Phú Hiệp Cảnh 1,"Trong trận chiến với Vô Tướng Hoàng khi có nhiều người, sát thương gây ra và hồi máu được tăng cường.",3,-1.0,0
140102,Vô Tướng Hoàng · Thiên Phú Hiệp Cảnh 2,Tăng sát thương gây ra lên thủ lĩnh nhiều người Vô Tướng Hoàng đang trong trạng thái khí kiệt.,3,-1.0,0
140103,Vô Tướng Hoàng · Thiên phú Hiệp Cảnh 3,Giảm sát thương khi bị đánh bay bởi trường phong của Vô Tướng Hoàng.,3,-1.0,0
140200,Tiểu Thập Thất · Đánh dấu BUFF,"Trong trận chiến với nhiều người chơi Mười Bảy, sát thương gây ra và hồi phục được tăng cường.",3,-1.0,0
140201,Tiểu Thập Thất · Thiên Phú Hiệp Cảnh 1,"Trong chiến đấu với nhiều người ở cấp mười bảy, sát thương gây ra và hồi phục được tăng cường.",3,-1.0,0
140202,Tiểu Thập Thất · Thiên Phú Hiệp Cảnh 2,Tăng sát thương gây ra lên thủ lĩnh nhiều người Tiểu Thập Thất đang trong trạng thái khí kiệt.,3,-1.0,0
140203,Tiểu Thập Thất · Thiên phú Hiệp Cảnh 3,Tăng sát thương kiếm do Tiểu Thập Thất triệu hồi.,3,-1.0,0
140300,Diệp Vạn Sơn · Đánh dấu BUFF,"Trong trận chiến với Diệp Vạn Sơn nhiều người chơi, sát thương gây ra và hồi phục tăng lên.",3,-1.0,0
140301,Diệp Vạn Sơn · Thiên Phú Hiệp Cảnh 1,"Trong trận chiến nhiều người của #YDiệp Vạn Sơn#E, sát thương gây ra và khả năng hồi phục được gia tăng.",3,-1.0,0
140302,Diệp Vạn Sơn · Thiên phú Hiệp Cảnh 2,Tăng sát thương gây ra lên thủ lĩnh nhiều người Diệp Vạn Sơn đang trong trạng thái khí kiệt.,3,-1.0,0
140303,Diệp Vạn Sơn · Thiên Phú Hiệp Cảnh 3,"Khi cưỡi ngựa tiêu diệt Kỵ binh U Linh\"", có xác suất nhất định giảm trừ gấp đôi giá trị Chiến Hỏa.\""",3,-1.0,0
140400,Lừa Đạo Nhân · Đánh dấu BUFF,"Trong trận chiến với Lữ Đạo Nhân nhiều người, sát thương gây ra và hồi phục tăng lên.",3,-1.0,0
140401,Lừa Đạo Nhân · Thiên phú Hiệp Cảnh 1,"Trong trận chiến với Đa Nhân Lữ Đạo Nhân, sát thương gây ra và hồi phục được tăng cường.",2,-1.0,0
140402,Lừa Đạo Nhân · Thiên phú Hiệp Cảnh 2,Tăng sát thương gây ra lên Lã Đạo Nhân · thủ lĩnh nhiều người đang trong trạng thái khí kiệt.,3,-1.0,0
140403,Lữ Đạo Nhân · Thiên Phú Hiệp Cảnh 3,Tăng hút máu khi gây sát thương lên Lừa.,3,-1.0,0
140500,Dung Uyên · Đánh dấu BUFF,"Trong trận chiến với #Y Dung Uyên#E (nhiều người), sát thương gây ra và hồi phục đều được tăng cường.",3,-1.0,0
140501,Dung Uyên · Thiên Phú Hiệp Cảnh 1,"Trong trận chiến với Dung Uyên khi có nhiều đối thủ, sát thương gây ra và khả năng hồi phục sinh lực đều được gia tăng.",2,-1.0,0
140502,Dung Uyên · Thiên Phú Hiệp Cảnh 2,Tăng sát thương gây ra lên #YDung Uyên#E · thủ lĩnh đang lâm vào cảnh khí kiệt.,3,-1.0,0
140503,Dung Uyên · Thiên Phú Hiệp Cảnh 3,"Trong trận chiến với thủ lĩnh nhiều người #G1Dung Uyên#E, sát thương nhận từ Mộc Uyên và thùng thuốc nổ giảm.",3,-1.0,0
140601,Mùa giải 1 · Thiên phú cảnh giới hiệp khách 5 người · Giai đoạn 1,Có cơ hội nhận thêm Rương Bảo Vật Ngoại Trang khi tham gia Ải Thí Kiếm.,1,-1.0,0
140602,Mùa giải 1 · 5 người bản Hiệp Cảnh Thiên Phú · Giai đoạn 2,Có cơ hội nhận thêm Rương Bảo Vật Ngoại Trang khi tham gia phó bản Thí Kiếm.,1,-1.0,0
140603,Thiên phú Ải Hiệp tổ đội 5 người Mùa giải 1 · Giai đoạn 3,Khi làm phụ bản Thí Kiếm có cơ hội nhận thêm rương bảo vật ngoại trang.,1,-1.0,0
140701,Mùa giải 1 · Tuần bản 1 Thiên phú Hiệp cảnh · Giai đoạn 1,Tỷ lệ nhận thêm Đá Định Âm trong ải Hiệp Cảnh.,1,-1.0,0
140702,Mùa giải 1 · Tuần bản 1 Thiên phú Hiệp cảnh · Giai đoạn 2,Khiêu chiến Ảo Cảnh có cơ hội nhận thêm Đá Định Âm.,1,-1.0,0
140801,Mùa giải 1 · Tuần bản 2 Hiệp cảnh thiên phú · Giai đoạn 1,Cơ hội nhận thêm trang bị trong phụ bản Hiệp Cảnh.,1,-1.0,0
140802,Mùa giải 1 · Tuần 2 Thiên Phú Hiệp Cảnh · Giai đoạn 2,Có cơ hội nhận thêm trang bị trong ải Hiệp Cảnh.,1,-1.0,0
140900,Khôn Yêu Nhi · Đánh dấu BUFF,"Trong trận chiến với nhiều người Khôn Yêu Nhi, sát thương gây ra và hồi phục được tăng cường.",1,-1.0,0
140901,Côn Yêu Nhi · Thiên Phú Hiệp Cảnh 1,"Trong trận chiến với Khôn Yêu Nhi nhiều người, sát thương gây ra và hồi phục tăng cường.",2,-1.0,0
140902,Khôn Yêu Nhi · Thiên Phú Hiệp Cảnh 2,Tăng sát thương gây ra lên thủ lĩnh nhiều người Khôn Yêu Nhi đang trong trạng thái khí kiệt.,3,-1.0,0
140903,Khôn Yêu Nhi · Thiên phú Hiệp Cảnh 3,Giảm sát thương nhận phải từ Kim Thanh Khôn Yêu Nhi.,3,-1.0,0
141000,Quỷ Công Tử · Đánh dấu BUFF,"Trong trận chiến với Quỷ Công Tử nhiều người, sát thương gây ra và hồi phục được tăng cường.",1,-1.0,0
141001,Quỷ Công Tử · Thiên Phú Hiệp Cảnh 1,"Trong trận chiến với Quỷ Công Tử nhiều người, sát thương gây ra và hồi phục tăng lên.",2,-1.0,0
141002,Quỷ Công Tử · Thiên Phú Hiệp Cảnh 2,Tăng sát thương gây ra lên Quỷ Công Tử nhiều người đang trong trạng thái khí kiệt.,3,-1.0,0
141003,Quỷ Công Tử · Thiên phú Hiệp Cảnh 3,Tăng sát thương gây ra lên kiệu trong trận chiến với Quỷ Công Tử nhiều người.,3,-1.0,0
141100,Túy Quyền Khách · đánh dấu BUFF,"Trong trận chiến với nhiều khách Túy Quyền, sát thương và trị liệu tăng lên.",1,-1.0,0
141101,Túy Quyền Khách · Hiệp cảnh thiên phú 1,"Trong chiến đấu với khách Túy Quyền trong Chế độ Cùng Nhau Du Ngoạn, sát thương và trị liệu được tăng lên.",3,-1.0,0
141102,Túy Quyền Khách-Thiên phú hiệp cảnh 2,Tăng sát thương gây ra cho Túy Quyền Khách thủ lĩnh đa nhân đang ở trạng thái Khí Kiệt.,3,-1.0,0
141103,Túy Quyền Khách · Thiên phú Hiệp Cảnh 3,"Trong chiến đấu với khách Túy Quyền, chịu sát thương từ khách Túy Quyền trong trạng thái say rượu sẽ giảm.",3,-1.0,0
141200,Bì Ảnh Sư · Đánh dấu BUFF,"Trong chiến đấu với người múa rối da, sát thương và trị liệu tăng lên.",1,-1.0,0
141201,Bì Ảnh Sư · Hiệp Cảnh thiên phú 1,"Trong chiến đấu với các người chơi rối bóng, sát thương và trị liệu được tăng lên.",3,-1.0,0
141202,Thợ múa rối · Hiệp Cảnh thiên phú 2,Tăng sát thương lên Bì Ảnh Sư lãnh đạo nhiều người đang trong trạng thái Khí Kiệt.,3,-1.0,0
141203,Nghệ Nhân Múa Rối · Thiên Phú Hiệp Cảnh 3,"Trong chiến đấu với người múa rối bóng, sát thương gây ra cho rối bóng và người máy tăng lên.",3,-1.0,0
141301,Mùa 2 · Hiệp Cảnh Thiên Phú · 5 người bản thiên phú · Ngoại hình rương báu 81 cấp nhận thêm 1,81 cấp thí kiếm phó bản xác suất nhận thêm rương báu ngoại hình.,1,-1.0,0
141302,Mùa 2 · Hiệp Cảnh Thiên Phú · 5 người bản thiên phú · Cấp 81 ngoại hình bảo rương nhận thêm 2,81 cấp thí kiếm phó bản xác suất nhận thêm rương ngoại hình.,1,-1.0,0
141303,Mùa giải 2 · Hiệp Cảnh Thiên Phú · Thiên phú 5 người · Rương trang phục bậc 81 nhận thêm 3,81 cấp Thí Kiếm phó bản xác suất nhận thêm rương ngoại trang.,1,-1.0,0
141304,Mùa 3 · Thiên phú Hiệp Cảnh · Thiên phú 5 người · Rương trang phục 91 cấp nhận thêm 1,Bản sao Thí Kiếm cấp 91 có khả năng nhận thêm rương ngoại hình.,1,-1.0,0
141305,Mùa giải 3 · Thiên phú Hiệp Cảnh · Thiên phú phó bản 5 người · Nhận thêm 2 rương ngoại trang cấp 91,Phó bản Thí Kiếm cấp 91 có xác suất nhận thêm rương ngoại hình.,1,-1.0,0
141306,Mùa 3 · Thiên phú Hiệp Cảnh · thiên phú 5 người · ngoại hình cấp 91 nhận thêm 3,Bản sao thử kiếm cấp 91 có khả năng nhận thêm hộp kho báu ngoại hình.,1,-1.0,0
141401,Mùa giải 2 · Hiệp Cảnh thiên phú · Thiên phú 5 người · 86 cấp ngoại hình rương báu nhận thêm 1,86 cấp phó bản Thí Kiếm có xác suất nhận thêm rương ngoại trang.,1,-1.0,0
141402,Mùa giải 2 · Thiên phú Hiệp Cảnh · Thiên phú 5 người · Nhận thêm 2 rương ngoại trang cấp 86,86 cấp thí kiếm phó bản xác suất thêm nhận ngoại hình bảo rương.,1,-1.0,0
141403,Mùa giải 2 · Thiên phú Hiệp Cảnh · Thiên phú 5 người · Nhận thêm 3 rương ngoại trang cấp 86,Bản sao Thí Kiếm cấp 86 có khả năng nhận thêm rương báu ngoại hình.,1,-1.0,0
141404,Mùa 3 · Thiên phú Hiệp Cảnh · Thiên phú 5 người · Nhận thêm 1 rương báu ngoại hình cấp 96,Bản sao Thí Kiếm cấp 96 có khả năng nhận thêm rương ngoại hình.,1,-1.0,0
141405,Mùa 3-Thiên phú Hiệp Cảnh-Thiên phú 5 người bản-96 cấp ngoại hình rương báu nhận thêm 2,Phó bản Thí Kiếm cấp 96 có xác suất nhận thêm rương ngoại hình.,1,-1.0,0
141406,Mùa 3 · Hiệp cảnh thiên phú · 5 người bản thiên phú · 96 cấp ngoại hình rương bảo vật nhận thêm 3,Bản sao Thí Kiếm cấp 96 có khả năng nhận thêm rương ngoại hình.,1,-1.0,0
141501,Mùa 2 · Tuần bản 1 Hiệp Cảnh thiên phú · giai đoạn 1,Hiệp cảnh phó bản xác suất nhận thêm Định Âm Thạch.,1,-1.0,0
141502,Mùa giải 2 · Tuần bản 1 Hiệp Cảnh thiên phú · Giai đoạn 2,Phó bản Hiệp Cảnh xác suất nhận thêm Định Âm Thạch.,1,-1.0,0
141503,Mùa 3 · Hiệp Cảnh thiên phú · Tuần bản 1 thiên phú · Định Âm Thạch nhận thêm 1,Phó bản Hiệp Cảnh có xác suất nhận thêm Định Âm Thạch.,1,-1.0,0
141504,Mùa 3 · Thiên phú Hiệp Cảnh · Thiên phú Chu Bản 1 · Đá định âm nhận thêm 2,Bản sao Hiệp Cảnh có khả năng nhận thêm Thạch Định Âm.,1,-1.0,0
141601,Mùa 2 · Chu Bản 2 Hiệp Cảnh Thiên Phú · Giai đoạn 1,Hiệp Cảnh phó bản xác suất nhận thêm trang bị.,1,-1.0,0
141602,Mùa 2 · Chu Bản 2 Hiệp Cảnh Thiên Phú · Giai đoạn 2,Phó bản Hiệp Cảnh có xác suất nhận thêm trang bị.,1,-1.0,0
141603,Mùa 3 · Thiên phú Hiệp Cảnh · Tuần bản 2 thiên phú · Trang bị nhận thêm 1,Hiệp cảnh phó bản có khả năng nhận thêm trang bị.,1,-1.0,0
141604,Mùa 3 · Thiên Phú Hiệp Cảnh · Thiên Phú Chu Bản 2 · Trang bị nhận thêm 2,Phó bản Hiệp Cảnh có xác suất nhận thêm trang bị.,1,-1.0,0
141700,Hắc Tài Thần · Đánh Dấu BUFF,"Trong chiến đấu với Hắc Tài Thần trong Chế độ Cùng Nhau Du Ngoạn, sát thương và trị liệu được tăng lên.",1,-1.0,0
141701,Hắc Tài Thần · Thiên phú Hiệp Cảnh 1,"Trong chiến đấu với Hắc Tài Thần ở Chế độ Cùng Nhau Du Ngoạn, sát thương và trị liệu được tăng lên.",2,-1.0,0
141702,Hắc Tài Thần · Hiệp Cảnh thiên phú 2,Gây sát thương tăng lên cho tín đồ của Hắc Tài Thần và tiền đồng lớn.,3,-1.0,0
141703,Hắc Tài Thần · Thiên phú Hiệp Cảnh 3,"Trong trận chiến với Hắc Tài Thần nhiều người, nhận được Tham niệm giảm bớt do ảnh hưởng của Hắc Tài Thần.",3,-1.0,0
141800,Đạo chủ · Đánh dấu BUFF,"Trong chiến đấu với Đạo Chủ đa nhân, sát thương và trị liệu tăng lên.",1,-1.0,0
141801,Đạo Chủ · Thiên phú Hiệp Cảnh 1,"Trong chiến đấu với Đạo Chủ trong Chế độ Cùng Nhau Du Ngoạn, sát thương và trị liệu được tăng lên.",2,-1.0,0
141802,Đạo Chủ · Hiệp Cảnh Thiên Phú 2,"Trong giai đoạn đánh chuột chũi, sát thương của Đạo Chủ phải chịu sẽ giảm.",3,-1.0,0
141803,Đạo chủ · Hiệp Cảnh thiên phú 3,"Trong chiến đấu với Đạo Chủ nhiều người, chuột gây sát thương cho Đạo Chủ tăng lên, chịu sát thương của chuột giảm xuống",3,-1.0,0
141804,Đạo Chủ · Chuột chuột tăng sát thương đánh dấu BUFF,"Trong chiến đấu với Đạo Chủ nhiều người, chuột sẽ tăng sát thương lên Đạo Chủ",3,-1.0,0
141900,Hà Bá · đánh dấu BUFF,"Trong trận chiến với Hà Bá nhiều người, sát thương và trị liệu tăng lên.",1,-1.0,0
141901,Hà Bá · Thiên phú Hiệp Cảnh 1,"Trong chiến đấu với Hà Bá ở chế độ Cùng Nhau Du Ngoạn, sát thương và trị liệu được tăng lên.",3,-1.0,0
141902,Hà Bá · Hiệp Cảnh Thiên Phú 2,Binh lính không rõ danh tính,3,-1.0,0
141903,Hà Bá · Hiệp Cảnh thiên phú 3,"Trong trận chiến với Hà Bá nhiều người, vòng nước do Hãi Lãng Thao Thiên tạo ra giảm sát thương cho bản thân.",3,-1.0,0
142000,Ký Quan Chủ-Đánh dấu BUFF,"Trong chiến đấu với Ký Quan Chủ nhiều người, sát thương và trị liệu tăng lên.",1,-1.0,0
142001,Ký Quan Chủ · Hiệp Cảnh Thiên Phú 1,"Trong trận chiến với ký quan chủ nhiều người, sát thương và trị liệu được tăng lên.",3,-1.0,0
142002,Ký Quan Chủ · thiên phú Hiệp Cảnh 2,Tăng sát thương lên quan tài chủ và quỷ thủ,3,-1.0,0
142003,Ký Quan Chủ · Thiên phú Hiệp Cảnh 3,"Trong trận chiến với ký chủ quan tài nhiều người chơi, sát thương đến từ Tử Sát Truy Hồn Ba giảm",3,-1.0,0
142100,Điền Anh · đánh dấu BUFF,"Trong trận chiến với Điền Anh nhiều người, sát thương và trị liệu tăng lên.",1,-1.0,0
142101,Điền Anh · Hiệp cảnh thiên phú 1,"Trong trận chiến với Điền Anh nhiều người, sát thương và trị liệu tăng lên.",2,-1.0,0
142102,Điền Anh · Hiệp Cảnh Thiên Phú 2,Tăng sát thương lên phân thân cát của Điền Anh và pháp trượng,3,-1.0,0
142103,Điền Anh · Hiệp Cảnh Thiên Phú 3,"Trong trận chiến với Đa nhân Điền Anh, tất cả sát thương kỹ năng pháp trượng phải chịu đều giảm",3,-1.0,0
142200,Quách Hân · Đánh dấu BUFF,"Trong trận chiến với Quách Hữu Ngang nhiều người, sát thương và trị liệu tăng lên.",1,-1.0,0
142201,Quách Hân · Hiệp Cảnh Thiên Phú 1,"Trong chiến đấu với Quách Hân nhiều người, sát thương và trị liệu tăng lên.",2,-1.0,0
142202,Quách Hân · Thiên phú Hiệp Cảnh 2,Đối với đột điểu và thương binh Mạch Đao tăng sát thương,3,-1.0,0
142203,Quách Hân · Hiệp Cảnh thiên phú 3,"Trong trận chiến với nhiều người Quách Hân, khi giữ quân kỳ sẽ giảm tất cả sát thương phải chịu",3,-1.0,0
142301,Bạch Lang Chủ · Hiệp Cảnh Thiên Phú 1,"Trong chiến đấu với Bạch Lang Chủ, sát thương và trị liệu tăng lên.",3,-1.0,0
142302,Bạch Lang Chủ · Hiệp Cảnh Thiên Phú 2,Tăng sát thương cho sói con của Bạch Lang Chủ,3,-1.0,0
142303,Bạch Lang Chủ · Hiệp Cảnh thiên phú 3,"Trong trận chiến với Bạch Lang Chủ nhiều người, tất cả sát thương chảy máu phải chịu đều giảm",3,-1.0,0
142401,Xà Lang Trung · Hiệp Cảnh Thiên Phú 1,"Trong chiến đấu với Đa nhân Xà Lang Trung, sát thương và trị liệu tăng lên.",3,-1.0,0
142402,蛇郎中-侠境天赋2,Tăng sát thương lên Xà Tinh · Viêm và Độc Xà · Viêm,3,-1.0,0
142403,Xà Lang Trung · Hiệp Cảnh Thiên Phú 3,"Trong trận chiến với nhiều Xà Lang Trung, sát thương từ Hung Xà · Hàn và Hung Xà · Viêm giảm",3,-1.0,0
142501,Vọng Nguyệt Thiền Viện · Hiệp Cảnh thiên phú 1,"Trong chiến đấu với Đa Nhân Vọng Nguyệt Thiền Viện, sát thương và trị liệu được tăng lên.",2,-1.0,0
142502,Vọng Nguyệt Thiền Viện · Hiệp Cảnh thiên phú 2,Đối nguyệt ảnh phân thân hòa huyễn nguyệt tạo thành đích thương hại đề thăng,3,-1.0,0
142503,Vọng Nguyệt Thiền Viện · Hiệp Cảnh thiên phú 3,"Trong trận chiến với Vọng Nguyệt Thiền Viện, chịu sát thương loại Lôi Điện giảm",3,-1.0,0
142601,Thiên Lộc · Hiệp cảnh thiên phú 1,"Trong trận chiến với Thiên Lộc nhiều người, sát thương và trị liệu tăng lên.",2,-1.0,0
142602,Thiên Lộc-Hiệp Cảnh thiên phú 2,Tăng sát thương cho triệu hồi,3,-1.0,0
142603,Thiên Lộc · Hiệp Cảnh thiên phú 3,"Trong chiến đấu với Thiên Lộc, hiệu quả nạp năng lượng tăng lên",3,-1.0,0
142701,Địa Sát Thần · Hiệp Cảnh Thiên Phú 1,"Trong chiến đấu với Địa Sát Thần nhiều người, sát thương và trị liệu tăng lên.",3,-1.0,0
142702,Địa Sát Thần-Hiệp Cảnh thiên phú 2,"Trong chiến đấu với Sát Địa Thần, sát thương gây ra cho Sát Địa Thần trong trạng thái choáng tăng lên",3,-1.0,0
142703,Địa Sát Thần · Hiệp Cảnh Thiên Phú 3,Trần Gia Tranh,3,-1.0,0
142801,Vô Danh Tướng Quân · Hiệp Cảnh thiên phú 1,"Trong chiến đấu với Vô Danh Tướng Quân ở chế độ Cùng Nhau Du Ngoạn, sát thương và trị liệu được tăng lên.",3,-1.0,0
142802,Vô Danh Tướng Quân · Thiên phú Hiệp Cảnh 2,"Trong chiến đấu với vô danh tướng quân, sát thương chảy máu giảm xuống",3,-1.0,0
142803,Vô Danh Tướng quân · Hiệp cảnh thiên phú 3,"Trong chiến đấu với Vô Danh Tướng Quân, trong thời gian quyết đấu sát thương tăng",3,-1.0,0
142901,Mùa 3 · Thiên phú Hiệp Cảnh · Thiên phú 5 người · 91 cấp ngoại hình độc quyền rương báu nhận thêm 1,Phó bản Thí Kiếm cấp 91 có xác suất nhận thêm rương báu ngoại quan độc quyền.,1,-1.0,0
142902,Mùa 3 · Thiên phú Hiệp Cảnh · Thiên phú 5 người · Rương báu ngoại hình độc quyền cấp 91 nhận thêm 2,91 cấp thí kiếm phó bản xác suất nhận thêm ngoại hình rương báu độc quyền.,1,-1.0,0
142903,Mùa giải 3 · thiên phú Hiệp Cảnh · thiên phú 5 người bản · 91 cấp chuyên dụng ngoại hình rương bảo vật nhận thêm 3,Bản sao cấp 91 có thể nhận thêm rương ngoại hình độc quyền.,1,-1.0,0
143001,Sư tử lửa · thiên phú Hiệp Cảnh 1,"Trong trận chiến với Sư Tử Hỏa Diễm nhiều người, sát thương và trị liệu tăng lên.",2,-1.0,0
143002,Hỏa Diễm Sư Tử · Hiệp Cảnh Thiên Phú 2,"Trong trận chiến với Sư Tử Lửa, sát thương từ vụ nổ Trấn Quan giảm",3,-1.0,0
143003,Sư tử lửa · Thiên phú Hiệp Cảnh 3,Tăng sát thương cho Trấn Quan Vẫn,3,-1.0,0
143101,Lv.11 · Xuất Thế · Thiên phú Hiệp Cảnh 1,"Trong chiến đấu với nhiều người Ngũ Tàn, sát thương và trị liệu được tăng lên.",2,-1.0,0
143102,Ngũ Tàn · Hiệp Cảnh Thiên Phú 2,"Trong trận chiến với Ngũ Tàn, sát thương từ Sát Ý Hung Dũng giảm",3,-1.0,0
143103,Ngũ Tàn-Hiệp Cảnh thiên phú 3,"Trong chiến đấu với Ngũ Tàn, sát ý đối với kẻ địch bên ngoài trong trạng thái phá phòng và sát thương do Ngũ Tàn gây ra được tăng lên",3,-1.0,0
143201,Mùa 4 · Hiệp Cảnh Thiên Phú · 5 người bản thiên phú · 96 cấp ngoại hình rương báu nhận thêm 1,96 cấp phó bản Thí Kiếm có xác suất nhận thêm rương ngoại hình.,1,-1.0,0
143202,Mùa 4 · Thiên phú Hiệp Cảnh · Thiên phú 5 người · Rương trang bị ngoại hình cấp 96 nhận thêm 2,96 cấp thí kiếm phó bản xác suất thêm ngoại hình rương.,1,-1.0,0
143203,Mùa giải 4 · Thiên phú Hiệp Cảnh · Thiên phú 5 người · Nhận thêm 3 rương ngoại trang cấp 96,Bản sao Thí Kiếm cấp 96 có khả năng nhận thêm rương ngoại hình.,1,-1.0,0
143204,Mùa giải 5 · thiên phú Hiệp Cảnh · thiên phú 5 người bản · 96 cấp ngoại hình rương báu nhận thêm 1,Bản sao thử kiếm cấp 96 có thể nhận thêm rương báu ngoại hình.,1,-1.0,0
143205,Mùa 5 · Hiệp Cảnh Thiên Phú · 5 người bản đồ thiên phú · Rương ngoại quan 96 cấp nhận thêm 2,Bản sao Thí Kiếm cấp 96 có xác suất nhận thêm rương ngoại hình.,1,-1.0,0
143206,Mùa 5-Thiên phú Hiệp Cảnh-Thiên phú 5 người-96 cấp rương ngoại hình nhận thêm 3,Bản sao 96 cấp có thể nhận thêm rương báu ngoại hình.,1,-1.0,0
143301,Mùa giải 4 · Thiên phú Hiệp Cảnh · Thiên phú 5 người bản · 96 cấp ngoại quan chuyên chúc rương bảo thêm 1,Bản sao cấp 96 thử kiếm có khả năng nhận thêm rương ngoại hình độc quyền.,1,-1.0,0
143302,Mùa giải 4 · Thiên phú Hiệp Cảnh · Thiên phú 5 người bản · Rương ngoại quan độc quyền cấp 96 nhận thêm 2,Phó bản Thí Kiếm cấp 96 có xác suất nhận thêm rương báu ngoại quan độc quyền.,1,-1.0,0
143303,Mùa 4 · Thiên phú Hiệp Cảnh · Thiên phú bản 5 người · Hộp ngoại hình độc quyền cấp 96 nhận thêm 3,Phó bản Thí Kiếm cấp 96 có xác suất nhận thêm rương ngoại hình độc quyền.,1,-1.0,0
143304,Mùa giải 5 · Hiệp Cảnh Thiên Phú · Thiên phú 5 người · Hộp quà ngoại hình độc quyền cấp 96 nhận thêm 1,Bản sao cấp 96 có xác suất nhận thêm Rương ngoại hình độc quyền.,1,-1.0,0
143305,Mùa giải 5 · Thiên phú Hiệp Cảnh · Thiên phú 5 người · Nhận thêm 1 rương ngoại trang độc quyền cấp 96,Cấp 96 phó bản Thí Kiếm có xác suất nhận thêm rương báu ngoại quan độc quyền.,1,-1.0,0
143306,Mùa giải 5 · Hiệp Cảnh Thiên Phú · 5 người bản thiên phú · 96 cấp chuyên chúc ngoại hình rương báu nhận thêm 3,Cấp 96 phó bản Thí Kiếm có xác suất nhận thêm rương báu ngoại quan độc quyền.,1,-1.0,0
143401,Mùa giải 4 · Thiên phú Hiệp Cảnh · Thiên phú Chu Bản 1 · Nhận thêm 1 Định Âm Thạch,Hiệp Cảnh phó bản xác suất nhận thêm Định Âm Thạch.,1,-1.0,0
143402,Mùa 4 · Thiên phú Hiệp Cảnh · Thiên phú Chu Bản 1 · Nhận thêm 2 Định Âm Thạch,Phó bản Hiệp Cảnh có xác suất nhận thêm Định Âm Thạch.,1,-1.0,0
143403,Mùa giải 5 · Thiên phú Hiệp Cảnh · Thiên phú Chu Bản 1 · Định âm thạch nhận thêm 1,Hiệp Cảnh phó bản khái suất ngạch ngoại hoạch đắc định âm thạch.,1,-1.0,0
143404,Mùa 5 · Hiệp Cảnh thiên phú · Chu bản 1 thiên phú · Định âm thạch thêm nhận 2,Phó bản Hiệp Cảnh có xác suất nhận được thêm Định Âm Thạch.,1,-1.0,0
143501,Mùa 4 · Hiệp Cảnh Thiên Phú · Chu Bản 2 Thiên Phú · Trang bị nhận thêm 1,Hiệp Cảnh phụ bản có xác suất nhận thêm trang bị.,1,-1.0,0
143502,Mùa 4 · Hiệp Cảnh thiên phú · Tuần bản 2 thiên phú · Trang bị nhận thêm 2,Bản sao Hiệp Cảnh có khả năng nhận thêm trang bị.,1,-1.0,0
143503,Mùa giải 5 · Thiên phú Hiệp Cảnh · Chu Bản 2 thiên phú · Trang bị nhận thêm 1,Bản sao Hiệp Cảnh có khả năng nhận thêm trang bị.,1,-1.0,0
143504,Mùa giải 5 · Thiên phú Hiệp Cảnh · Chu bản 2 thiên phú · Trang bị nhận thêm 2,Hiệp Cảnh phụ bản có xác suất nhận thêm trang bị.,1,-1.0,0
143601,Phùng Như Chi · Hiệp cảnh thiên phú 1,"Trong chiến đấu với đa nhân Phùng Như Chi, sát thương và trị liệu tăng lên.",3,-1.0,0
143602,Phùng Như Chi · Thiên Phú Hiệp Cảnh 2,"Trong trận chiến với Phùng Như Chi, gỡ thế tăng sát thương lên lá chắn của Phùng Như Chi",3,-1.0,0
143603,Phùng Như Chi-Thiên phú Hiệp Cảnh 3,"Trong chiến đấu với Phùng Như Chi, chịu sát thương từ bang chúng Xích Long Đường giảm",3,-1.0,0
143701,Người múa ngựa · Thiên phú Hiệp Cảnh 1,"Trong trận chiến với người múa ngựa nhiều người, sát thương và trị liệu tăng lên.",3,-1.0,0
143702,Vũ mã nhân · Thiên phú Hiệp Cảnh 2,"Trong trận chiến với người múa ngựa, tăng sát thương lên giai đoạn cuồng bạo của ngựa múa",3,-1.0,0
143703,Vũ Mã Nhân · Hiệp Cảnh thiên phú 3,"Trong chiến đấu với người múa ngựa, giảm sát thương khi bị giẫm đạp",3,-1.0,0
143801,Thuyền Thụ · Hiệp Cảnh Thiên Phú 1,"Trong chiến đấu với nhiều người trên thuyền, sát thương và trị liệu tăng lên.",2,-1.0,0
143802,Thuyền cây-Thiên phú Hiệp Cảnh 2,Giảm sát thương phải chịu từ lực sĩ Thổ Phiên,3,-1.0,0
143803,Thuyền cây · Hiệp cảnh thiên phú 3,Giảm sát thương độc tố,3,-1.0,0
143901,Đoàn xiếc · Hiệp Cảnh Thiên Phú 1,"Trong trận chiến với gánh xiếc nhiều người, sát thương và trị liệu tăng lên.",2,-1.0,0
143902,Gánh xiếc · Hiệp Cảnh thiên phú 2,"Trong trận chiến với gánh xiếc, sát thương gây ra cho tẩu thuốc và bóng hoa tăng lên",3,-1.0,0
143903,Kỹ năng Hiệp Cảnh 3 · Diện Môn,"Trong trận chiến với đoàn xiếc, tăng sát thương gây ra cho Chư Cát Cáp",3,-1.0,0
144001,Rết-Thiên phú Hiệp Cảnh 1,"Trong trận chiến với con rết nhiều người, sát thương và trị liệu tăng lên.",3,-1.0,0
144002,Rết · Thiên phú Hiệp Cảnh 2,"Trong chiến đấu với Thiết Tâm Ngô, tăng 10% sát thương lên Thiết Tâm Ngô trong trạng thái tê liệt",3,-1.0,0
144003,Rết · Thiên phú Hiệp Cảnh 3,"Trong chiến đấu với Thiết Tâm Ngô, sát thương liên tục do kịch độc rò rỉ giảm 10%",3,-1.0,0
144101,Vũ Cơ-Hiệp Cảnh thiên phú 1,"Trong trận chiến với Tể Hề · Xá Hề, sát thương và trị liệu tăng 5%",3,-1.0,0
144102,Nữ Vũ · Hiệp Cảnh Thiên Phú 2,"Trong chiến đấu với Tể Hề · Thê Hề, sát thương gây ra cho rối múa 5%",3,-1.0,0
144103,Vũ Cơ · Hiệp Cảnh Thiên Phú 3,"Trong chiến đấu với Tể Hề · Xá Hề, chịu sát thương do rối múa gây ra giảm 10%",3,-1.0,0
144201,Trịnh Ngạc · Thiên phú Hiệp Cảnh 1,"Trong chiến đấu với Trịnh Ngạc, sát thương và trị liệu tăng 7.5%",2,-1.0,0
144202,Trịnh Ngạc · Hiệp cảnh thiên phú 2,"Trong trận chiến với Trịnh Ngạc, sát thương gây ra cho Mộng Khôi tăng 10%",3,-1.0,0
144203,Trịnh Ngạc · Hiệp Cảnh Thiên Phú 3,"Trong chiến đấu với Trịnh Ngạc, sát thương gây ra cho lá chắn của Trịnh Ngạc khi bộc phát hàn khí tăng 5%",3,-1.0,0
144301,Cầm Ma · Hiệp Cảnh thiên phú 1,"Trong trận chiến với Thính Mai Điểm Tuyết, sát thương và trị liệu tăng 5%",2,-1.0,0
144302,Cầm Ma · Hiệp Cảnh Thiên Phú 2,"Trong chiến đấu với Thính Mai Điểm Tuyết, chịu sát thương từ Cầm Sư giảm 10%",3,-1.0,0
144303,Cầm ma · Hiệp cảnh thiên phú 3,"Trong chiến đấu với Thính Mai Điểm Tuyết, sát thương lên Thính Mai Điểm Tuyết trong trạng thái giảm thương tăng 10%",3,-1.0,0
200001,Hoàn Huyết Hoàn,,1,0.6,0
200002,Bánh bao trắng,,1,3.0,0
200003,Mê Đương,,1,10.0,0
200004,Thiêu Đốt,,1,-1.0,0
200005,Nhanh nhẹn,"Thân nhẹ như yến, tốc độ di chuyển tăng 10%.",1,10.0,0
200006,Cường kiện,"Bách độc bất xâm, xác suất mắc bệnh giảm 10%.",1,10.0,0
200007,Hết khí,,1,30.0,0
200008,Chú Sát,,1,10.0,0
200009,Nạp đầy Nội lực,,1,1.0,0
200010,Không thể chọn,,1,40.0,0
200011,Không thể chọn,,1,30.0,0
200012,Không thể chọn,,1,-1.0,0
200013,Cường hóa trị liệu,,1,-1.0,0
200014,Bất Khả Đánh Ngã,,1,2.0,0
200015,Bắt cóc,"Bị người khác trói, cần người khác giải hoặc tự mình giãy giụa để thoát.",1,600.0,0
200016,Tàng hình khi vào,,1,14.0,0
200017,Chờ đợi,,1,3.7,0
200018,Giảm thời gian hồi chiêu kỹ năng,,1,-1.0,0
200019,Cảnh báo sớm,,1,2.0,0
200020,Cường công,"Cường công, sát thương Khí Huyết và Nội Lực gây ra tăng 50%",1,-1.0,0
200021,Điểm danh,,1,4.0,0
200022,Điểm danh,,1,1.0,0
200023,Điểm danh,,1,3.0,0
200024,Điểm danh,,1,2.5,0
200025,Hủy va chạm,,1,-1.0,0
200026,Kiếm Khí,,1,-1.0,0
200027,Hết khí,,1,-1.0,0
200028,Định Thân,"Bị định thân, không thể di chuyển hoặc sử dụng hầu hết kỹ năng",1,15.0,0
200029,Cường công,"Cường công, sát thương khí huyết và nội lực gây ra tăng 300%",1,-1.0,0
200030,Nguy,,1,1.0,0
200031,Miễn tử,,1,-1.0,0
200032,Nguy,,1,1.0,0
200033,Chú Sát,,1,10.0,0
200034,Né tránh,,1,2.0,0
200035,Ngoài rèm mưa,,1,5.11,0
200036,Chỉ về hoa mơ,,1,5.11,0
200037,Bất Khả Đả Đoạn (Bá Thể),,1,1.5,0
200038,Bá Thể,,1,-1.0,0
200039,Cường hóa khi bay lơ lửng,Nguyệt Xuất Kinh Xuân tăng thêm hiệu quả định thân.,1,6.0,0
200040,Choáng váng,"Trạng thái choáng váng, không thể di chuyển hoặc sử dụng hầu hết kỹ năng",1,1.5,0
200041,Cường hóa,,1,4.0,0
200042,Choáng váng,"Choáng váng, không thể di chuyển hoặc sử dụng hầu hết kỹ năng",1,1.0,0
200043,Mệt mỏi,,1,8.0,0
200044,Tiếu Diện Nhân,Người Mỉm Cười,1,15.0,0
200045,Người mặt khóc,Người Khóc Mặt,1,15.0,0
200046,Giảm tốc,Tốc độ di chuyển giảm 25%,1,5.0,0
200047,Định Thân,"Bị định thân, không thể di chuyển hoặc sử dụng hầu hết kỹ năng",1,0.3,0
200048,Định Thân,"Bị định thân, không thể di chuyển hoặc sử dụng hầu hết kỹ năng",1,2.0,0
200049,Cánh hoa,"Cánh hoa võ học đánh dấu trong ban ngày Xuân Hoa Loạn, sau khi tích đủ 5 tầng có thể bị Tàn Tâm Kỹ kích nổ, gây thêm sát thương.",5,8.0,0
200050,Cánh hoa đầy,"Khi đánh dấu cánh hoa võ học trong Xuân Trưa Hoa Vũ đầy đủ, có thể bị Chiếm Tâm Kỹ kích nổ, gây thêm sát thương",1,6.0,0
200051,Cánh hoa nổ 1,,1,6.0,0
200052,Đánh dấu nổ lần hai,"Hoa Vũ Loạn Xuân Trưa tầng một của võ học sẽ kích nổ dấu ấn cánh hoa, có thể bị chiêu Tán Tiếu Vô Kỳ của võ học Thiển Xuyên Chiết Trúc kích nổ lần nữa",1,6.0,0
200053,Chiên hai,,1,6.0,0
200054,Phi hành,"Trạng thái lơ lửng, không thể di chuyển",1,10.0,0
200055,Trói buộc,"Trạng thái trói buộc, liên tục nhận sát thương khí huyết",1,6.0,0
200056,Tràn đầy tình cảm,,1,7.0,0
200057,Nguyệt Mê Tân Độ,"Trong thời gian bản thân sở hữu trạng thái này, tất cả kỹ năng trị liệu diện rộng sẽ gây sát thương bằng với lượng hồi phục lên mục tiêu địch trong phạm vi.",1,10.0,0
200058,Trói buộc,,1,6.0,0
200059,Khiên bảo hộ,Khiên chắn,1,8.0,0
200060,Rút tơ,"Khi có trạng thái này, khi đồng đội sử dụng kỹ năng Hương Lũy Oanh Hồn, có thể kèm theo một lớp Khiên bảo vệ khí huyết.",1,8.0,0
200061,Bất Khả Đả Đoạn,,1,6.0,0
200062,Thay thế,,1,6.0,0
200063,Bất Khả Đánh Ngắt,,1,-1.0,0
200064,Cường hóa,"Cường công, tăng 30% sát thương Khí Huyết và Nội Lực gây ra",1,12.0,0
200065,Độc,"Xà độc, gây sát thương khí huyết liên tục. Tối đa có thể cộng dồn 10 tầng.",10,5.0,0
200066,Bất Khả Đánh Ngã,,1,-1.0,0
200067,Viêm,,1,-1.0,0
200068,Băng,,1,-1.0,0
200069,Viêm. Xà Tín Tử,"Viêm Xà Tín Tử, miễn nhiễm độc Quỷ Thủ trong 10 giây.",1,10.0,0
200070,Lưỡi rắn băng giá,"Hán. Xà Tín Tử, 10 giây sau đòn đánh kèm hiệu ứng hút sinh lực.",1,10.0,0
200071,Bất tử,"Miễn nhiễm hầu hết các đòn tấn công khi đang trong trạng thái Bá Thể, đồng thời tăng 20% sát thương Khí Huyết khi tấn công",1,6.0,0
200072,Lộ sơ hở,"Lộ ra sơ hở, không thể chống đỡ hầu hết các trạng thái cứng đờ khi bị đánh",1,1.4,0
200073,Bất Khả Đánh Ngã (Bá Thể),,1,-1.0,0
200074,Độc,,1,5.0,0
200075,Độc,,1,5.0,0
200076,Bất Khả Đánh Ngã,"Miễn nhiễm phần lớn hiệu ứng cứng đờ khi bị đánh, miễn nhiễm hiệu ứng khống chế",1,1.0,0
200077,Chặn đỡ,,1,-1.0,0
200078,Bất khuất,,1,0.7,0
200079,Giảm sát thương,,1,-1.0,0
200080,Ký hiệu,,1,3.0,0
200081,Ký hiệu,,1,3.0,0
200082,Ký hiệu,,1,3.0,0
200083,Khiên bảo vệ,Khiên bảo vệ,1,8.0,0
200084,Hiệu ứng đặc biệt,,1,2.0,0
200085,Hiệu ứng đặc biệt,,1,2.0,0
200086,Miễn thương,Trong 3 giây giảm 80% sát thương nhận vào lên khí huyết.,1,3.0,0
200087,Dẫn Bướm,,1,5.11,0
200088,Hồi chân khí,,1,1.0,0
200089,Trường Phong,Giảm 10% tiêu hao thể lực.,1,5.0,0
200090,Sục sôi,Tốc độ hồi phục thể lực giảm 50%,1,8.0,0
200091,Phản đòn,Giảm 50% giới hạn Sức bền,1,8.0,0
200092,Trần Tình,Ghi lại số lần liên kích tối đa đối với mục tiêu Trần Tình,1,8.0,0
200093,Thủy Tích,Tăng 10% sát thương lên khí huyết,1,12.0,0
200094,Dũng Tuyền,Tăng 15% sát thương lên khí huyết,1,12.0,0
200095,Giang Lưu,Tăng 20% sát thương lên sinh lực,1,12.0,0
200096,Triều Vũ Khinh Trần,Liên tục hồi phục Khí Huyết.,1,6.11,0
200097,Chấn Lôi,"Bị định thân, không thể di chuyển hoặc sử dụng hầu hết kỹ năng",1,2.0,0
200098,Bất Khả Đánh Ngã,Miễn nhiễm phần lớn trạng thái cứng đờ khi bị đánh,1,0.9,0
200099,Khiên bảo vệ,Cung cấp lá chắn sinh lực bằng 25% Khí Huyết tối đa.,1,8.0,0
200100,Dễ bị thương,Tăng 10% sát thương gây ra lên Khí Huyết và Chân Khí.,1,16.0,0
200101,Lưu chuyển,Trong vòng 3 giây sau khi Dịch Võ có thể trực tiếp thi triển Kỹ năng Trọng Kích đoạn hai,1,3.0,0
200102,Trị thương,"Nỗi đau của ngươi sẽ ban cho ngươi sức mạnh, mỗi tầng trạng thái có thể hồi phục 0.7% sinh lực tối đa hiện tại của bản thân mỗi giây, duy trì 6s.",5,7.1,0
200104,Tắm máu,"Cứ mỗi khi mất 8% Khí Huyết, nhận một tầng hiệu ứng Tàn Huyết\"". Tối đa nhận được năm tầng.\""",5,10.0,0
200105,Cường hóa,Trạng thái cường hóa. Tất cả đòn tấn công của Mạc Đao đều được tăng cường. Tốc độ hồi phục Chiến Ý được tăng nhanh.,1,8.0,0
200106,Hồi phục,,1,-1.0,0
200107,Khiêu khích,Nhận hiệu ứng khiêu khích.,1,8.0,0
200108,Phá trống,"Mỗi tầng có thể khiến bản thân nhận sát thương giảm 10%, duy trì 3 giây.",5,3.0,0
200109,Phá trống,"Mỗi tầng có thể khiến bản thân nhận sát thương giảm 11%, duy trì 5 giây.",5,5.0,0
200110,Cường Tráng,"Tăng cường độ cứng cáp của bản thân, khó bị đánh ngất.",1,5.0,0
200111,Uy hiếp,,1,4.0,0
200112,Thay thế,,1,30.0,0
200113,Giảm hồi phục,Hiệu quả hồi phục nhận được toàn cục giảm 30%,1,-1.0,0
200114,Giao Tranh Khốc Liệt,Hiệu quả trị liệu nhận được giảm 60%,1,-1.0,0
200115,Chiến đấu kịch liệt giai đoạn hai,"Hiệu quả trị liệu nhận được giảm 60%, đồng thời tăng 30% sát thương",1,-1.0,0
200116,Mất cân bằng,"Mất thăng bằng, sau khi giá trị tích lũy đầy có thể bị Phiến Kiếm hoặc Quạt Kích đánh bay lên không, gây thêm sát thương.",1,7.0,0
200117,Mất cân bằng đầy,"Mất cân bằng, sau khi giá trị tích lũy đầy có thể bị Phi Tiêu hoặc Quạt đánh bay lên không trung, gây thêm sát thương.",1,-1.0,0
200118,Cấm sử dụng kỹ năng hồi sinh,Cấm sử dụng kỹ năng hồi sinh,1,-1.0,0
200119,Giao chiến ác liệt,Hiệu quả hồi phục nhận được giảm 60%,1,-1.0,0
200120,Chiến đấu giai đoạn hai,"Hiệu quả trị liệu nhận được giảm 60%, đồng thời tăng 30% sát thương",1,-1.0,0
200121,Vô Song Thế,Kỹ năng Trọng Kích #Y Tảo Liên Sơn#E sẽ nhanh chóng tiến vào giai đoạn múa tốc độ cao hơn.,1,10.0,0
200123,Giang Lưu Hiệu Lực,Gây tăng 25% sát thương Khí Huyết,1,12.0,0
200124,Nhật nguyệt luân chuyển,Tuyệt kỹ võ học #Y Nhật Nguyệt Phản#E đang điều tức.,1,180.0,0
200125,Chấn Lôi,"Bị định thân, không thể di chuyển hoặc sử dụng hầu hết kỹ năng",1,2.5,0
200127,Định Thân,"Bị định thân, không thể di chuyển hoặc sử dụng hầu hết kỹ năng",1,0.05,0
200131,Bá thể,Miễn dịch phần lớn cứng người khi bị đánh,1,1.3,0
200132,Miễn khống,Miễn dịch hiệu ứng khống chế,1,1.3,0
200133,Doanh Lộ,Lượng nhận sương tăng 100%,1,5.0,0
200137,Khinh kích phản kích,,1,1.0,0
200138,Trọng kích áp chế,,1,3.0,0
200139,Nhiệt Huyết Nan Lương,#YĐao pháp Trảm Tuyết#E võ học kỹ #YBạch Nhận Sát Tướng#E và #YThập Phương Phá Trận Súc Lực Kỹ#E#YPhần Thử Tâm#E đều được cường hóa.,1,7.0,0
200140,Đảm hàn,Dễ dàng hơn vì bị đánh mà rơi vào trạng thái cứng đờ.,1,7.0,0
200141,Xông lên chém xuống,,1,4.0,0
200142,Tuyền Phong Tam Liên,,1,4.0,0
200143,Phản thân Thứ Kích,,1,4.0,0
200145,Khinh Kích Phản Kích 2,,1,1.0,0
200146,Vong Cơ,Chạm Khinh Kích lập tức thi triển #YTrủng Thượng Sương#E,1,3.0,0
200147,Điều tức Vong Cơ,Vong Cơ điều tức trung,1,6.0,0
200148,Tránh né tiêu hao thêm thể lực,Tiêu hao độ bền né tránh thêm,1,8.0,0
200150,Né tránh tiêu hao nội lực thêm,Né tránh tiêu hao thể lực bổ sung,1,8.0,0
200152,Tăng cường hiệu ứng Quét ngang Mạch Đao,,1,-1.0,0
200153,Thiết Y Thú Hồn,"Tăng 8% sát thương Khí Huyết, một số chiêu thức nhất định có thể triệu hồi An Tây quân",1,30.0,0
200154,An Tây quân xung phong buff,,1,-1.0,0
200155,Vật liệu mô hình An Tây Quân,,1,-1.0,0
200156,Điều tức trong tuyết,,1,2.0,0
200157,Lá chắn,Cung cấp lá chắn khí huyết tương đương 15% giá trị khí huyết tối đa.,1,8.0,0
200158,Bá thể,,1,-1.0,0
200159,Hủy bỏ biểu tượng buff chế áp Trọng Kích,,1,-1.0,0
200160,Dỡ bỏ lá chắn phản,"Khi chịu sát thương, tự động giảm 50% sát thương và phản lại phần sát thương này cho kẻ địch.",1,6.0,0
200161,Bách Nghiệp Hiệp Đồng khiêu phách,,1,12.0,0
200162,Bách nghiệp tầng số đánh dấu,,4,14.0,0
200163,4 lần đánh dấu hiệp đồng Bách Nghiệp,,1,14.0,0
200164,Bách nghiệp hiệp đồng khiêu phách,,1,13.0,0
200165,Bách Nghiệp hiệp đồng khiêu phách,,1,13.0,0
200167,Bách nghiệp hiệp đồng khiêu kích,,1,14.0,0
200168,Giảm Tốc,,1,6.0,0
200169,Hám Sơn,"Nhấn Khinh Kích hoặc Trọng Kích, có thể lập tức thi triển kỹ năng phái sinh",2,8.0,0
200170,Hám Sơn Điều tức,Điều tức Hám Sơn,1,30.0,0
200171,Giảm tốc,Di chuyển tốc độ giảm 30%,1,3.0,0
200172,Đánh dấu tầng Khí Kiệt,Mỗi tầng có thể kéo dài thời gian khí kiệt 0.2 giây,20,-1.0,0
200173,Đánh dấu số tầng khí kiệt,Mỗi tầng có thể kéo dài thời gian khí kiệt 0.2 giây,10,-1.0,0
200174,Tăng cường Hám Sơn,,1,-1.0,0
200175,Hoàn trả thời gian hồi chiêu chiến ý,,1,10.0,0
200176,Cự Nhận,"Kháng tính tất cả thuộc tính giảm #Y8#E điểm, nếu đồng thời tồn tại với trạng thái #Y Đảm Hàn#E do Phi Hồng Đạp Tuyết thêm vào, thì sát thương khí huyết phải chịu từ nguồn hiệu ứng Đảm Hàn sẽ tăng thêm #Y8%#E, hiệu quả kéo dài #Y12#E giây.",1,12.0,0
200177,Kinh Xuân,"Tiêu hao thể lực kỹ năng súc lực và gây sát thương đều tăng 4%, kéo dài 15 giây, có thể cộng dồn tối đa 5 tầng.",5,15.0,0
200180,Đảm hàn,"Dễ dàng hơn do bị đánh rơi vào trạng thái cứng đờ, và sát thương Khí Huyết được tăng thêm cho mục tiêu thủ lĩnh bị #Yđảm hàn#E, sau khi Bạch Nhận Sát Tướng · Thứ trúng mục tiêu có thể tăng cường hiệu ứng và kéo dài thời gian.",1,7.0,0
200190,Lá chắn phản thương vỡ,,1,20.0,0
200191,Giảm Tốc,"Mỗi tầng giảm 15% tốc độ di chuyển, tối đa cộng dồn 5 tầng",5,12.0,0
300000,Tiểu Túy,"Hơi say, kháng chiến đấu giảm nhẹ",1,-1.0,0
300001,Trúng Túy,"Say rượu, kháng chiến đấu giảm nhẹ",1,-1.0,0
300002,Hôn mê,"Hôn mê, kháng chiến đấu giảm mạnh",1,-1.0,0
300003,Lạnh nhạt,"Lạnh nhạt, tỷ lệ từ chối rượu cao",1,-1.0,0
300004,Thân thiện,"Thân thiện, xác suất từ chối uống rượu bình thường",1,-1.0,0
300005,Nhiệt tình,"Thân thiện, xác suất từ chối khi mời rượu thấp hơn",1,-1.0,0
310001,Nóng như thiêu,Do thời tiết nóng bức dẫn đến thân nhiệt tăng cao,1,-1.0,0
310002,Băng Hàn,Do thời tiết lạnh giá dẫn đến thân nhiệt giảm,1,-1.0,0
310003,Cháy bỏng,"Trên người đang bốc cháy, liên tục mất máu",1,5.2,0
310004,Thiếu oxy,"Thiếu oxy, đang ngạt thở",1,60.0,0
310005,Bệnh phong thấp,"Hơi ẩm xâm nhập cơ thể, bệnh phong thấp khiến việc di chuyển khó khăn",1,-1.0,0
310006,Hen suyễn,"Sương mù độc xâm nhập cơ thể, khiến khí tức suy giảm nghiêm trọng",1,-1.0,0
310007,Chán ăn,"Nội tạng tuần hoàn rối loạn, chán ăn làm giảm mức độ no tối đa",1,-1.0,0
310008,Đói,"Rất đói, giá trị đói về 0 sẽ bị đói đến trọng thương",1,-1.0,0
310009,Hồi phục khí tức,,1,4.2,0
310010,Thử nghiệm buff,,1,4.2,0
310011,Dùng để ăn,,1,1.2,0
310012,Bệnh tật,,1,1.2,0
310013,Bệnh tật,"Nôn mửa, tiêu chảy, toàn thân vô lực. Do ăn phải thức ăn không sạch.",1,-1.0,0
310014,Ấm áp,Nguồn lửa ấm áp xung quanh,1,-1.0,0
310015,Sử dụng,,1,10.0,0
310016,Bệnh tật,,1,1.2,0
310017,Thử nghiệm buff,"Trên người đang bốc cháy, liên tục mất máu",1,5.2,0
310018,Khí huyết cuộn trào,"Đã dùng đại bổ dược, thể ôn tăng mạnh!",1,60.0,0
310019,Khí huyết ngưng tụ,"Đã dùng thuốc cực âm, thân nhiệt giảm mạnh!",1,60.0,0
310020,Hồi phục tinh lực,,1,2.0,0
310021,Tinh thần uể oải,"Nghỉ ngơi không tốt, trong một khoảng thời gian năng lượng tiêu hao tăng lên.",1,-1.0,0
310022,Tiêu hao tinh lực,,1,600.0,0
310023,Tinh lực dồi dào,"Nghỉ ngơi tốt, giảm tiêu hao tinh lực trong một thời gian.",1,-1.0,0
310024,Hồi phục tinh lực,,1,2.0,0
310025,Trả lời,Hồi phục Khí Huyết,1,0.1,0
310026,Độc Thú,,1,0.5,0
310027,Hồi đáp,Hồi phục Khí Huyết,1,2.0,0
310028,Hồi đáp,Hồi phục Khí Huyết,1,2.0,0
310029,Trả lời,Hồi phục Khí Huyết,1,2.0,0
310030,Hồi phục,Hồi phục Khí Huyết,1,2.0,0
310031,Trả lời,Hồi phục Khí Huyết,1,2.0,0
310032,Trả lời,Hồi phục Khí Huyết,1,2.0,0
310033,Hồi đáp,Hồi phục Khí Huyết,1,2.0,0
310034,Trả lời,Hồi phục Khí Huyết,1,5.1,0
310035,Trả lời,Hồi phục Khí Huyết,1,5.1,0
310036,Trả lời,Hồi phục khí huyết,1,5.1,0
310037,Hồi đáp,Hồi phục Khí Huyết,1,5.1,0
310038,Trả lời,Hồi phục Khí Huyết,1,5.1,0
310039,Trả lời,Hồi phục Khí Huyết,1,5.1,0
310040,Trả lời,Hồi phục Khí Huyết,1,5.1,0
310041,Hồi đáp,Hồi phục Khí Huyết,1,5.1,0
310050,Cứu sơn hà,,1,3.1,0
310051,Duệ Sơn Hà,,1,3.1,0
310052,Duệ Sơn Hà,,1,3.1,0
310053,Núi sông bao la,,1,3.1,0
310054,Núi sông bao la,,1,3.1,0
310100,Thuật Ngụy Trang,,1,10.0,0
310105,Cảnh giác,,1,5.0,0
310109,Kích động,,1,-1.0,0
310110,Độc Vụ Câu Hôn,,1,2.0,0
310111,Trúng kỳ độc,"Bị người ta hạ độc Câu Tẫn\"", tâm trí bị tổn thương, thỉnh thoảng sẽ xuất hiện hiện tượng ngất xỉu\""",1,-1.0,0
310112,Choáng váng,Choáng Váng,1,2.0,0
310113,Thiêu đốt,"Trên người đang bốc cháy, liên tục mất máu",1,5.2,0
310120,Sương Độc Đoạn Trường,,1,2.0,0
310130,Sương Độc Phong Hầu,,1,2.0,0
310131,Trúng kỳ độc,"Bị hạ độc dược Phong Hầu\"", thỉnh thoảng sẽ xảy ra hiện tượng không thể nói được\""",1,-1.0,0
310132,Sương độc Phong Hầu,Không thể diễn tả,1,10.0,0
310133,Lửa trại,"Chịu ảnh hưởng của lửa trại, khả năng chịu lạnh tăng lên, sức bền trong giá lạnh được hồi phục.",1,-1.0,0
310134,Bị cóng,Bỏng lạnh,1,60.0,0
310135,trick Chống rét,Đảm bảo người chơi không bị ảnh hưởng,1,1200.0,0
310136,trickChống rét2,Đảm bảo người chơi không bị ảnh hưởng,1,1200.0,0
310137,trick giữ ấm3,Đảm bảo người chơi không bị ảnh hưởng,1,1200.0,0
310138,Mất trí,"Thần trí hỗn loạn, thường xuyên mơ màng, không phân biệt được trái phải, trước sau",1,-1.0,0
310139,Thần trí không minh mẫn,"Tinh thần hỗn loạn, thường xuyên mê man, không phân biệt được trái phải trước sau.",1,5.0,0
310140,Thần trí không minh mẫn,,1,2.0,0
310141,Thử nghiệm buff,Thử nghiệm,1,20.0,0
310142,Nguy kịch,"Đang trong trạng thái nguy kịch, khi giá trị hơi thở cạn kiệt sẽ rơi vào trọng thương. Có thể gọi bạn bè đến cứu giúp.",1,-1.0,0
310143,Khoái ý,Khoái ý,1,30.0,0
310144,Lò Sưởi,"Chịu ảnh hưởng của lò sưởi cao cấp, khả năng chịu lạnh tăng 90, hồi phục sức chịu đựng khi lạnh.",1,-1.0,0
310145,Bạo Kích,Tăng Bạo Kích · Hái cỏ,1,-1.0,0
310146,Bạo Kích,Tăng cường Bạo Kích · Đào Mỏ,1,-1.0,0
310147,Bạo Kích,Tăng Bạo Kích · Chặt cây,1,-1.0,0
310148,Bạo Kích,Tăng cường Bạo Kích · Câu Cá,1,-1.0,0
310149,Bạo Kích,Tăng Bạo Kích · Săn bắn,1,-1.0,0
310150,Ngộ độc rượu,"Do uống rượu quá độ, trời đất quay cuồng",1,-1.0,0
310151,Say bí tỉ,Uống rượu say đến mức không phân biệt được Đông Tây Nam Bắc,1,6.0,0
310152,Gai nhọn,,1,-1.0,0
310153,Bạo Kích,Tăng cường Bạo Kích khi tổ đội,1,-1.0,0
310154,Học tập,,1,1200.0,0
310155,Hơi men ngấm dần,"Uống chút rượu giải sầu, cảm giác thật tuyệt vời!",1,9999.0,0
310156,Say mèm mắt hoa,"Hơi choáng váng, tốc độ di chuyển giảm 5%.",1,9999.0,0
310157,Rượu uống nửa chừng,"Uống rượu say lảo đảo, tốc độ di chuyển giảm 15%.",1,9999.0,0
310158,Uống rượu quá độ,"Uống rượu quá chén không được rút kiếm, tốc độ di chuyển giảm 55%. Cẩn thận say ngất.",1,9999.0,0
310159,Say mềm như bùn,"Uống rượu say bất tỉnh nhân sự, ngã vật xuống đất, xin tìm thầy thuốc chữa trị.",1,9999.0,0
310160,Hiệu ứng đặc biệt,,1,5.0,0
310161,Hiệu ứng đặc biệt,,1,5.0,0
310162,Huyễn Cảnh,Tốc độ di chuyển giảm 75%,1,-1.0,0
310163,Thoát chiến,,1,6.0,0
310164,Ẩn,,1,30.0,0
310165,Đào Hoa Vận,"Đào hoa vận, so tâm với các thiếu hiệp khác sẽ có vận may tốt hơn.",1,1200.0,0
310166,Vận may phú quý,"Vận phú quý, hôm nay xin ăn sẽ gặp may",1,1200.0,0
310167,Vận May Sức Khỏe,"Vận may sức khỏe, đụng vào cây sẽ nhận được trứng chim",1,1200.0,0
310168,Vận may hoa cúc,"Vận hoa cúc, mau khóa chặt tình cảm bền chặt như vàng với các thiếu hiệp khác.",1,1200.0,0
310171,Ngựa bị tập kích,"Ngựa đang bị tấn công, xin mau chóng về chi viện.",1,600.0,0
310172,Thiếu gỗ,Gỗ không đủ,1,3000.0,0
310173,Đá không đủ,Đá không đủ,1,3000.0,0
310174,Lối đi ván gỗ không đủ,Lối đi bằng ván gỗ không đủ,1,3000.0,0
310175,Hàng hóa châu báu không đủ,Hàng hóa châu báu không đủ,1,3000.0,0
310176,Huyễn Cảnh,Tốc độ di chuyển giảm 75%,1,-1.0,0
310177,Dịch bệnh không rõ,"Kinh mạch tắc nghẽn, huyết khí nghịch loạn, tâm trí bị tổn thương, thỉnh thoảng sẽ xuất hiện hiện tượng ngất xỉu",1,-1.0,0
310178,Choáng váng,Choáng váng,1,2.0,0
310181,Khí thế tăng vọt,"Độc hành một mình, thuộc tính Châm Hồ không được tăng thêm.",1,-1.0,0
310182,Khí thế tăng vọt,"2 người thành đội, thuộc tính Châm Bình tăng 5%",1,-1.0,0
310183,Khí thế tăng mạnh,"3 người thành đội, thuộc tính Châm Bình được tăng 10%",1,-1.0,0
310184,Khí thế tăng vọt,"4 người cùng đi, thuộc tính Châm Bình tăng 15%",1,-1.0,0
310185,Khí thế tăng vọt,"5 người thành đội, thuộc tính Hồ Lô tăng 20%",1,-1.0,0
310186,Mắc bệnh,"Bị ảnh hưởng bởi dịch bệnh không rõ nguyên nhân, tốc độ di chuyển giảm 45%",1,-1.0,0
310187,Bị thương do nổ,"Bị ảnh hưởng bởi dịch bệnh không rõ nguyên nhân, tốc độ di chuyển giảm 45%",1,-1.0,0
310188,Che khuất tầm nhìn,,1,-1.0,0
310189,Vận may Cá Chép,"Vận cá chép, bồ câu cũng đẻ trứng vàng",1,1200.0,0
310190,Huyễn Cảnh,Tốc độ di chuyển giảm 50%,1,-1.0,0
310191,Bệnh tật,,1,1.2,0
310194,Giảm sát thương,Tất cả sát thương gây ra giảm mạnh!,1,-1.0,0
310195,Đua tốc độ Lông Bay,Nhanh như bay!,1,1200.0,0
310196,Miễn tử,,1,720.0,0
310197,Vô địch,,1,6.8,0
310198,Che chắn,,1,-1.0,0
310199,Lảo đảo,,1,1.0,0
310200,Hồi phục,Hồi phục Khí Huyết,1,5.1,0
310201,Hồi phục,Hồi phục Khí Huyết,1,5.1,0
310202,Tiểu Thử nhập thể,"Nóng quá! Người tụ tập hoặc sử dụng đồ nướng sẽ làm tăng nhanh trúng nắng, sử dụng đồ ăn lạnh hoặc kỳ thuật 「Bất Lương Nhân」có thể giải nhiệt.",1,-1.0,0
310203,Trúng thử bị thương,"Tốt quá nóng!! Người tụ tập hoặc sử dụng đồ nướng sẽ làm tăng nhanh trúng nắng, sử dụng đồ ăn lạnh hoặc kỳ thuật 「Bất Lương Nhân」 có thể giải nhiệt.",1,-1.0,0
310204,Đại Thử công tâm,"Nóng quá!!! Người tập trung hoặc sử dụng xiên nướng sẽ làm tăng nhanh chóng mặt, cần gấp kỳ thuật \""không nóng người\"" cứu trợ.",1,-1.0,0
310205,Chống nóng trong buff phát lại động tác,,1,2.92,0
310206,Buff phát động động tác trúng nắng,,1,4.25,0
310207,Bất lương nhân,,1,3.0,0
310211,Bất lương nhân,,1,3.0,0
310212,Tương thử vị thử,,1,35.0,0
310213,Ảo hóa gấu · ải đôi,"Khi phát bệnh, trạng thái hình thể đều giống như gấu, người khác nhìn vào cũng giống như một con gấu.",1,-1.0,0
310220,Cẩn thận gậy gỗ,"Giác quan thứ sáu của đệ tử Mặc Sơn Đạo cho bạn biết, hiện tại có người đang lén lút cầm gậy gộc đến gần bạn",1,300.0,0
310223,Đồ họa,,1,300.0,0
320000,Định Thân,"Bị định thân, không thể di chuyển hoặc sử dụng hầu hết kỹ năng",1,60.0,0
320001,Cường hóa,"Suy nhược, sát thương Khí Huyết và Nội Lực gây ra tăng 200%",1,-1.0,0
330000,Đang bị thương,"Đang bị thương, giảm sát thương gây ra",1,-1.0,0
330001,Ẩn nấp,"Giả dạng người này, làm ra hành động phù hợp",1,500.0,0
330002,Lộ diện,,999,500.0,0
330003,Ngụy Trang · Thiên Tuyền,"Giả dạng đệ tử Thiên Tuyền, có thể lén học chiêu thức từ giáo tập Thiên Tuyền",1,3600.0,0
330004,Ngụy Trang · Diện Môn,"Ngụy trang thành đệ tử Diện Môn, có thể lén học nghệ từ giáo tập Diện Môn",1,3600.0,0
330005,Ngụy Trang · Cuồng Lãng,"Giả dạng đệ tử Cuồng Lãng, có thể học trộm tuyệt kỹ từ giáo huấn Cuồng Lãng",1,3600.0,0
330006,Ngụy trang · Thanh Khê,"Ngụy trang thành đệ tử Thanh Khê, có thể trộm học từ các giáo viên Thanh Khê",1,3600.0,0
330007,Ngụy Trang · Cô Vân,"Giả dạng đệ tử Cô Vân, có thể học trộm công pháp từ môn phái Cô Vân",1,3600.0,0
330008,Ngụy trang · Tam Canh Thiên,Ngươi đã cải trang thành Đệ Tử Tam Canh Thiên. Ngươi có thể sử dụng Đánh Cắp Kỹ Năng để học hỏi từ một Cố Vấn Canh Gác Nửa Đêm.,1,3600.0,0
330009,Ngụy Trang · Hồng Trần,"Giả dạng đệ tử Hồng Trần Gian, có thể hướng giáo tập Hồng Trần Gian học trộm công phu",1,3600.0,0
330010,Ngụy Trang · Lông Mày Nhẹ,"Ngụy trang thành đệ tử Thanh Mi Sơn Trang, có thể lén học nghệ từ các giáo tập của Thanh Mi Sơn Trang",1,3600.0,0
330011,Ngụy trang · Đúc kiếm,"Ngụy trang thành đệ tử của Đúc Kiếm Sơn Trang, có thể lén học nghệ từ các giáo tập của Đúc Kiếm Sơn Trang",1,3600.0,0
330101,Thông Dung · Sơ,"Sau khi khuyên giải, lực đạo ra tay của giáo huấn hữu ý yếu đi đôi chút",1,99999.0,0
330102,Thông dung · Trung,"Sau khi được khuyên nhủ, lực đạo ra tay của giáo huấn có ý giảm đi vài phần",1,99999.0,0
330103,Thông Dung · Cực,"Sau khi được khuyên nhủ, lực đạo ra tay của giáo huấn đã cố ý giảm đi rất nhiều",1,99999.0,0
330104,Hồi huyết,,30,1.0,0
330105,Hồi phục sinh lực,,30,1.0,0
330106,Hồi phục sinh lực,,30,1.0,0
330107,Hồi huyết,,30,1.0,0
330108,Trừ máu,,1,1.0,0
330109,Hồi phục thể lực,,1,1.0,0
330110,Ấm dần,"Chịu ảnh hưởng của thức ăn, khả năng chịu lạnh tăng lên, sức chịu đựng trong giá rét được hồi phục.",1,600.0,0
330111,Hồi phục tinh lực,,30,1.0,0
330112,Vận chuyển,Không thể sử dụng khinh công,1,-1.0,0
330113,Hồi phục sinh lực,Khí huyết nhanh chóng hồi phục đầy đủ,1,8.0,0
330134,Chống lại người khác,,1,3600.0,0
340000,Thử nghiệm phần thưởng,,1,-1.0,0
360001,Tiền lão bản dùng,,1,300.0,0
360002,Dùng riêng cho Hồ Tâm,,1,99999.0,0
360003,Suy Yếu,,1,3600.0,0
370002,Bỏng rát,"Trên người bị bốc cháy, liên tục mất máu",1,5.2,0
370003,Độc Trần,Độc kịch từ bên ngoài cơ thể xâm nhập,1,5.2,0
370004,Thực Lực,"Ăn no rồi, sức mạnh tăng lên",1,300.0,0
380000,Hồi máu,Hồi phục Khí Huyết,1,6.0,0
380001,Bỏng rát,"Trên người đang bốc cháy, liên tục mất máu",1,1000.0,0
380002,Bỏng rát,"Trên người bị lửa cháy, liên tục mất máu",1,1000.0,0
380004,Cháy bỏng,"Người đang bốc cháy, liên tục mất máu",1,4.0,0
380005,Trúng độc,"Trúng kịch độc, liên tục mất máu",1,4.0,0
380007,Bất Khả Đánh Ngã,,1,9999.0,0
380008,Bẫy rập,,1,-1.0,0
380009,Bẫy rập,,1,5.0,0
380010,Ngụy Trang · Thiên Tuyền,,1,1800.0,0
380011,Ngụy Trang · Cuồng Lãng Viên,,1,1800.0,0
380012,Ngụy trang · Vô môn vô phái,,1,1800.0,0
380013,Miễn chiến,Người chơi miễn chiến đấu trong thời gian truyền tống,1,120.0,0
380014,Trúng Độc,"Trúng kịch độc, liên tục mất máu",1,4.0,0
380015,Dạ dày khó chịu,"Dạ dày khó chịu, xì hơi liên tục.",1,20.0,0
380016,Dị ứng thuốc,"Dị ứng, ngứa ngáy khó chịu",1,100.0,0
380017,Trúng điểm cười,Bị kích thích nên cười không ngừng,1,100.0,0
380018,Tẩu hỏa nhập ma,,1,1.2,0
380021,Miễn nhiễm thương tích do ngã,"Làm giãn gân cốt, miễn nhiễm với chấn thương do ngã",1,10.0,0
380022,Miễn nhiễm Phong Hàn,"Làm giãn gân cốt, miễn nhiễm phong hàn",1,5.0,0
380023,Miễn nhiễm với khí độc,"Tỉnh táo đầu óc, miễn nhiễm độc chướng",1,5.0,0
380024,Miễn nhiễm độc thú,"Kích hoạt thể chất, miễn nhiễm độc thú",1,5.0,0
380025,Độc chướng,Độc kịch từ ngoài trời xâm nhập cơ thể,1,9999.0,0
380026,Độc Chướng,Độc kịch độc từ ngoài trời xâm nhập cơ thể,1,9999.0,0
380027,Độc Chướng,Độc kịch từ ngoài trời xâm nhập cơ thể,1,9999.0,0
380028,Độc Chướng,Độc kịch từ ngoài trời xâm nhập cơ thể,1,9999.0,0
380029,Độc Chướng,Độc kịch từ ngoài trời xâm nhập cơ thể,1,9999.0,0
380030,Độc Chướng,Độc kịch độc từ ngoài trời xâm nhập cơ thể,1,9999.0,0
380031,Sắp chết,,1,1800.0,0
380032,Hấp Thụ Nghiệp Chướng,Hấp thụ Nghiệp Chướng xung quanh,1,3600.0,0
380033,Độc Chướng,Độc kịch từ ngoài trời xâm nhập cơ thể,1,9999.0,0
380034,Chướng khí độc,Độc kịch từ trời rơi vào cơ thể,1,9999.0,0
380035,Độc Chướng,Độc Ngoại Thiên Thể,1,9999.0,0
380036,Độc Chướng,Độc kịch từ bên ngoài xâm nhập cơ thể,1,9999.0,0
380037,Chướng khí độc,Độc kịch từ bên ngoài thiên giới nhập thể,1,9999.0,0
380038,Độc Chướng,Độc kịch từ ngoài trời xâm nhập cơ thể,1,9999.0,0
380039,Độc chướng,Độc kịch độc từ ngoài trời xâm nhập cơ thể,1,9999.0,0
380040,Độc Chướng,Độc kịch từ ngoài trời xâm nhập cơ thể,1,9999.0,0
380041,Chờ ở Tang Hồn Lâm,,1,180.0,0
380042,Giảm hồi phục,Hiệu quả trị liệu giảm 10%,1,-1.0,0
380043,Giảm hồi phục,Hiệu quả trị liệu giảm 25%,1,-1.0,0
380044,Giảm hồi phục,Hiệu quả trị liệu giảm 40%,1,-1.0,0
380045,Giảm hồi phục,Hiệu quả trị liệu giảm 55%,1,-1.0,0
380046,Giảm hồi phục,Hiệu quả trị liệu giảm 70%,1,-1.0,0
380047,Giảm hồi phục,Hiệu quả trị liệu giảm 85%,1,-1.0,0
380048,Giảm hồi phục,Hiệu quả trị liệu giảm 10%,1,-1.0,0
380049,Trả lời,Hồi phục Khí Huyết,1,2.0,0
380050,Trúng độc,Hiệu quả hồi phục nhận được toàn cục giảm 80%.,1,30.0,0
380052,Điểm hồi sinh,,1,180.0,0
380053,Miễn nhiễm chướng độc,Miễn dịch sát thương chướng ngại vật,1,9999.0,0
380054,Yếu ớt,"Suy yếu, gây sát thương giảm 30%",1,9999.0,0
400027,Phi Tuyết,"Sát thương Chân Khí mỗi tầng tăng 10%, tối đa cộng dồn 6 tầng",6,10.0,0
400029,Tố Nghê,Sát thương khí huyết tăng 30%,1,10.0,0
400030,Đốt cháy,"Liên tục chịu sát thương khí huyết, và sát thương gây ra bởi đối thủ cụ thể tăng 20%",1,12.0,0
400032,Y Nhu loạn vũ,Tăng 20% sát thương nhận vào,1,10.0,0
400033,Cấm cố,Không thể di chuyển,1,2.0,0
400034,Dung Túc Vân,Bị lụa buộc,1,5.0,0
400035,Dưỡng Mạch,Khí huyết trị liệu tăng 8%,1,2.0,0
400036,Thanh Phong Ngân,Dấu vết Gió Thanh,3,8.0,0
400037,Vết Tích Trăng Sáng,Tăng 20% sát thương nhận phải từ Chân Khí,1,10.0,0
400038,Vết tích trăng sáng,Tăng 20% sát thương nhận phải từ Chân Khí,1,10.0,0
400039,Bất Khả Hủy Diệt,Miễn nhiễm phần lớn trạng thái cứng đờ khi bị đánh,1,2.0,0
400040,Miễn khống chế,"Miễn nhiễm phần lớn trạng thái cứng đờ khi bị đánh, miễn nhiễm hiệu ứng khống chế",1,1.5,0
400041,Miễn khống chế,"Miễn nhiễm phần lớn hiệu ứng cứng đờ khi bị đánh, miễn nhiễm hiệu ứng khống chế",1,0.6,0
400042,Dễ nổ,"Thân thể bị dính thuốc súng, gây sát thương bỏng rát liên tục.",1,5.0,0
400043,Phá chướng,"Tăng 10% sát thương Khí Huyết, đồng thời ban cho khả năng kích nổ kẻ địch đang chịu trạng thái Dễ Nổ và khu vực bụi bặm bằng Trường Thương.",1,10.0,0
400044,Dễ nổ,,1,4.0,0
400045,Ho khan,,1,1.5,0
400046,Cười lớn,,1,4.0,0
400047,Trời sương giá,Khinh Kích có thể thực hiện truy kích,3,8.0,0
400048,Trần Tình,Ghi lại số lần liên kích tối đa đối với mục tiêu Trần Tình,1,10.0,0
400049,Dũng Tuyền,Tăng 50% sát thương gây ra lên Khí Huyết,1,5.0,0
400050,Giang Lưu,Gây sát thương khí huyết tăng 100%,1,5.0,0
400051,Bất tử,Miễn nhiễm phần lớn trạng thái cứng đờ khi bị đánh,1,1.2,0
400052,Trừng phạt,,1,12.0,0
400053,Thanh Phong,"Tạo ra lá chắn hấp thụ sát thương khí huyết. Khi lá chắn chưa bị phá vỡ, miễn nhiễm sát thương chân khí.",1,6.0,0
400054,Ý khí,"Tạo ra một lá chắn có thể hấp thụ sát thương khí huyết. Khi lá chắn chưa bị phá vỡ, miễn nhiễm với sát thương chân khí.",5,8.0,0
400055,Ý chí khí phách,"Tạo ra một lá chắn có thể hấp thụ sát thương khí huyết. Khi lá chắn chưa bị phá vỡ, miễn nhiễm với sát thương chân khí.",1,8.0,0
400056,Cháy rụi,"Liên tục chịu sát thương khí huyết, và sát thương gây ra bởi đối thủ cụ thể tăng 20%",1,12.0,0
400057,Tiếp sức,Sát thương thiêu đốt tăng cường,1,6.0,0
400058,Định Thân,"Bị định thân, không thể di chuyển hoặc sử dụng hầu hết kỹ năng",1,0.6,0
400059,Vô Ảnh,,1,5.0,0
400060,Định Thân,"Bị định thân, không thể di chuyển hoặc sử dụng hầu hết kỹ năng",1,0.4,0
400061,Anh Vũ,Có thể sử dụng kỹ năng “Băng Sơn”,1,6.0,0
400062,Ý khí,"Tạo ra một lá chắn có khả năng hấp thụ sát thương Khí Huyết. Khi lá chắn chưa bị phá vỡ, miễn nhiễm với sát thương Chân Khí.",1,5.0,0
400063,Định Thân,"Bị định thân, không thể di chuyển hoặc thi triển hầu hết kỹ năng",1,3.0,0
400064,Anh dũng,Tăng 20% sát thương lên khí huyết,1,6.0,0
400065,Thủy Tích,Tăng 10% sát thương gây ra lên Khí Huyết,1,5.0,0
400066,Băng Giáp,Thử nghiệm · Băng Giáp,1,-1.0,0
400067,Vô Ảnh,,1,6.0,0
400068,Bất tử,Kiểm tra · Bá thể,1,-1.0,0
400069,Định Thân,"Bị định thân, không thể di chuyển hoặc sử dụng hầu hết kỹ năng",1,2.0,0
400070,Định Thân,"Bị định thân, không thể di chuyển hoặc sử dụng hầu hết kỹ năng",1,60.0,0
400071,Bất Khả Đánh Ngã,Thử nghiệm · Bá thể,1,-1.0,0
400072,Bất Khả Đả Đoạn (Bất Khả Phá),Miễn nhiễm phần lớn trạng thái cứng đờ khi bị đánh,1,2.0,0
400073,Dễ Bị Tổn Thương,Nhận thêm 20% sát thương khí huyết,1,5.0,0
400074,Diệp Vạn Sơn,,1,-1.0,0
400075,Vũ Khí,,1,-1.0,0
400076,Khí Kiệt,,1,-1.0,0
400077,Cảm ứng,Có thể sử dụng kỹ năng Cảm nhận,1,6.0,0
400078,Cảm ứng,Có thể sử dụng kỹ năng Cảm Tri,1,6.0,0
400079,Cảm ứng,Có thể sử dụng kỹ năng Cảm Tri,1,6.0,0
400080,Tắt máy,,1,-1.0,0
400081,Khiên Bảo Hộ,"Tạo ra một lá chắn có khả năng hấp thụ sát thương Chân Khí. Trong thời gian lá chắn tồn tại, miễn nhiễm với sát thương Chân Khí.",1,3.0,0
400082,Kiếm hoa,"Kiếm hoa bám trên người, một thời gian sau sẽ nổ tung, gây sát thương.",1,8.0,0
400083,Cảm Giác,Có thể sử dụng kỹ năng Cảm nhận,1,2.5,0
400084,Cảm nhận,Có thể sử dụng kỹ năng Cảm Tri,1,1.5,0
400085,Cảm ứng,Có thể sử dụng kỹ năng Cảm Tri,1,1.5,0
400086,Cảm nhận,Có thể sử dụng kỹ năng Cảm Tri,1,1.5,0
400087,Phép thuật Lửa,Thử nghiệm Thử nghiệm Thử nghiệm,1,-1.0,0
400088,Suy yếu,Thử nghiệm thử nghiệm thử nghiệm,1,5.0,0
400089,Hỏa bị đánh,Thử nghiệm thử nghiệm thử nghiệm,1,-1.0,0
400090,Thủy phụ ma,Thử nghiệm thử nghiệm thử nghiệm,1,-1.0,0
400091,Khai Vật · Hỏa,"Dùng dầu tôi để bôi lên vũ khí, đòn tấn công gây thêm hiệu ứng phụ",1,30.0,0
400092,Khai Vật · Nước,"Dùng Thủy Tôi Lập bôi lên vũ khí, đòn tấn công gây thêm hiệu ứng",1,30.0,0
400093,Khai Vật · Độc,"Sử dụng Túng Độc Tán bôi lên vũ khí, đòn tấn công gây thêm hiệu ứng",1,30.0,0
400094,Hỏa · Đặc biệt,Hiệu ứng đặc biệt của tôi luyện,1,40.0,0
400095,Điệp Diễm,,5,5.0,0
400096,Nước · Đặc biệt,Hiệu ứng đặc biệt của Thủy Luyện,1,40.0,0
400097,Nặng nước,Miễn nhiễm phần lớn trạng thái cứng đờ khi bị đánh,1,5.0,0
400098,Nhược Thủy,,1,15.0,0
400099,Bùng nổ,Đòn tấn công tiếp theo gây thêm sát thương,1,5.0,0
400100,Chấn thương,Bùng nổ,1,1.0,0
400101,Bạo Liệt · Cấp 1,Liên tục chịu sát thương khí huyết,1,4.0,0
400102,Trầm trệ · Cấp 1,Sát thương gây ra giảm,1,4.0,0
400103,Trúng độc · Cấp 1,Liên tục chịu sát thương Khí Huyết và sát thương Chân Khí phụ trợ,1,8.0,0
400104,Thời gian hồi chiêu bùng nổ,,1,5.0,0
400105,Nước nặng,Miễn nhiễm một mức độ bị đánh ngưng trệ,1,40.0,0
400106,Cảm Tri,Có thể sử dụng kỹ năng cảm tri,1,2.5,0
400107,Sân Diễm,,1,20.0,0
400108,Cháy · 5 cấp,Trì tục thụ đáo khí huyết thương hại,1,4.0,0
400109,Trầm Trệ · Cấp 5,Giảm sát thương gây ra,1,4.0,0
400110,Trúng độc · Cấp 5,Liên tục chịu sát thương Khí Huyết và sát thương Chân Khí bổ sung,1,8.0,0
400111,Thiêu đốt,Mỗi giây khấu trừ 0.3% giá trị Khí Huyết tối đa,1,6.0,0
400112,Trầm trệ,Gây sát thương giảm 8%,1,12.0,0
400113,Trúng độc,Mỗi giây khấu trừ 0.9 điểm Chân Khí,1,6.0,0
400114,Khai Vật · Hỏa,,1,30.0,0
400115,Khai Vật · Thủy,,1,30.0,0
400116,Khai Vật·Độc,,1,30.0,0
400117,Xử quyết · Độc,,1,0.5,0
400118,Thủy Trọng,,1,40.0,0
400119,Thiên Công · Cường Hỏa,Thiên Địa kiêm minh · Hỏa phụ ma,1,-1.0,0
400120,Thiên Công · Cường Thủy,Thiên Địa Kiêm Minh · Thủy phụ ma,1,-1.0,0
400121,Thiên Công · Cường Độc,Thiên địa kiêm minh-Độc phụ ma,1,-1.0,0
400122,Kiêm minh hữu thanh · Cường Hỏa,Thiên Địa Kiêm Minh · Hỏa Phụ Ma,5,40.0,0
400123,兼鸣有声·强水,Thiên Địa Kiêm Minh · Thủy Phụ Ma,5,40.0,0
400124,Kiêm minh hữu thanh · Cường độc,Thiên Địa Kiêm Minh · Độc Phụ Ma,5,40.0,0
400125,Thiên Địa Kiêm Minh · Quét lửa,,1,-1.0,0
400126,Thiên Địa Kiêm Minh · Xoa Thủy,,1,-1.0,0
400127,Thiên Địa Kiêm Minh · Quét Độc,,1,-1.0,0
400128,Đốt cháy,Liên tục chịu sát thương Khí Huyết,1,8.0,0
400129,Lạnh lẽo,Tốc độ di chuyển và phòng ngự ngoại công giảm,10,8.0,0
400130,Xâm thực,Chịu sát thương Chân Khí liên tục và sát thương thuộc tính cộng thêm.,5,8.0,0
400131,Băng đông,"Bị đóng băng, không thể hành động",1,8.0,0
400132,Kiêm Minh Hữu Thanh · Hồng,"Vô Danh Kiếm Pháp #YKỹ năng đặc biệt \""Thối Diệc Hữu Phương\""#E cùng với #YKỹ năng phái sinh \""Kiếm Đột Tiến\""#E đều có thể nhận được hiệu quả cường hóa #YKhí Dũng#E, khiến cho lần sau kỹ năng súc lực \""Vô Dĩ Vi Gia\"" có thể phát ra thêm nhiều đạo kiếm khí.",1,40.0,0
400133,Kiêm Minh Hữu Thanh · Ảnh,"""Tích Cựu Cửu Kiếm#Y kỹ năng đặc biệt「Thứ tam hành kính số」#E tiêu hao thể lực giảm 60%.",1,40.0,0
400134,Kiêm Minh Hữu Thanh · Trần,"Túy Mộng Du Xuân#Y Võ học kỹ 「Hồng Tiêu Hương Đoạn」 lập tức điều tức hoàn thành và trong thời gian này thời gian điều tức giảm 10 giây, khi thi triển#E nhất định kích hoạt hoàn mỹ tiếp dù, và mỗi lần thi triển đều gây 40% sát thương thêm và hồi thêm 10 điểm Tàn Hồng.",1,40.0,0
400135,Kiêm Minh Hữu Thanh · Phong,"""Kỹ năng đặc biệt #YChuột Chuột Sinh Uy#E của Lật Tử Du Trần được cường hóa, sát thương chuột triệu hồi tăng lên——Chuột Chuột, nổi giận rồi!",1,40.0,0
400136,Kiêm Minh Hữu Thanh · Ngọc,"""Thanh Sơn Chấp Bút #Y kỹ năng đặc biệt「Xuân Tẫn Sơn Không」#E hồi chiêu giảm 9 giây, và #Y「Phù Không Truy Kích」#E sát thương tăng 40%.",1,40.0,0
400137,Kiêm minh hữu thanh · Lâm,"Khi #YKhí Huyết#E của du hiệp hồi phục đến 100%, sẽ tự động chuyển hóa Khí Huyết thành lá chắn, khi lặp lại chuyển hóa, lá chắn sẽ được đặt lại về giá trị đầy. Đồng thời, mỗi lần chuyển hóa sẽ khiến cho ô dù của Thiên Hương Dẫn Hồn Cổ #Ykỹ năng đặc biệt「Thiên Thì Dư Hưởng」#E tăng thêm một #Y「Khiên Ti Lưu Diễm」#E, #Y「Khiên Ti Lưu Diễm」#E tối đa cùng lúc tồn tại 6 đường, mỗi đường đều có thể dùng quỹ tích độc đáo tấn công kẻ địch, gây ra lượng lớn sát thương.",1,40.0,0
400138,Kiêm Minh Hữu Thanh · Uy,"""Than Sinh Đao Pháp#Y Trọng Kích súc lực kỹ 「Sơn Băng Địa Liệt」#E có thể lập tức hoàn thành súc lực ba nấc.",1,40.0,0
400139,Kiêm Minh Hữu Thanh·Quân,"Chém Tuyết Đao Pháp #Y kỹ năng đặc biệt 「Phi Hồng Đạp Tuyết」#E lập tức điều tức xong. Hơn nữa mỗi lần thả ra Chém Tuyết Đao Pháp #Y Khinh Kích súc lực kỹ 「Trủng Thượng Sương」#E、#Y Trọng Kích phái sinh kỹ 「Bạt Tuyết Tầm Xuân」#E hoặc Thập Phương Phá Trận #Y Trọng Kích súc lực kỹ 「Phần Thử Tâm」#E đều có thể khiến #Y「Phi Hồng Đạp Tuyết」#E giảm 4 giây thời gian điều tức. #Y【Nhiệt Huyết Nan Lương】#E hiệu quả trong thời gian liên tục, #Y「Trủng Thượng Sương」#E và #Y「Phần Thử Tâm」#E tốc độ súc lực tăng lên rất nhiều.",1,40.0,0
400140,Thiên Công Hỏa·Cao Năng phấn trần,,1,-1.0,0
400141,Thiên Địa Kiêm Minh · Cơ quan chiến đấu · Bùa xung kích độc,,1,-1.0,0
400142,Thiên Địa Kiêm Minh · Cơ quan chiến đấu · Phóng ra sóng xung kích lửa,,5,40.0,0
400143,Thiên Địa Kiêm Minh · Cơ quan chiến đấu · Phóng ra sóng xung kích nước,,5,40.0,0
400144,Thiên Địa Kiêm Minh · Cơ quan chiến đấu · Giải phóng sóng xung kích độc,,5,40.0,0
400145,Thiên Địa kiêm minh · Cơ quan chiến đấu · không có quái vật thù hận,,1,-1.0,0
400146,Thiên Địa Kiêm Minh · cao năng phấn trần nội bộ CD,,1,8.0,0
400147,Thiên Công Kiêm Minh · Chuyển Sát Thương Dư Trị Liệu,,1,-1.0,0
410001,Độ Thế,"Đệ Tử Tam Canh Thiên tìm kiếm sự chuộc tội qua chiến đấu, để lộ ra Trận Pháp Phẫn Nộ. Trong khi Chuộc Tội đang kích hoạt, họ sẽ rút máu thông qua các đòn tấn công.",1,30.0,0
410003,Cảm Giác,Có thể sử dụng kỹ năng Cảm Tri.,1,1.5,0
410005,Giảm hồi phục,,1,-1.0,0
410006,Giảm hồi phục,,1,-1.0,0
410007,Giảm hồi phục,,1,-1.0,0
410008,Số lần gây sát thương thêm,,1,-1.0,0
410009,Miễn nhiễm đạn đạo,,1,5.0,0
410010,Chuột Trỗi Oai Phong,"Khi tung đòn nhẹ, chuột sẽ chui lên từ mặt đất và tấn công một lần.",1,-1.0,0
410011,Tư thế tích lực,,1,-1.0,0
410012,Không tích tụ,Có thể sử dụng kỹ năng Cảm Tri.,1,1.5,0
410014,Giảm sát thương,"Trong lúc tích lực miễn nhiễm khống chế, đồng thời giảm 50% sát thương bản thân phải chịu.",1,3.0,0
410015,Giảm sát thương,"Trong lúc tích lực miễn nhiễm khống chế, đồng thời giảm 80% sát thương bản thân phải chịu.",1,3.0,0
410016,Trầm mặc,Không thể thi triển Kỹ năng Võ Học.,1,5.0,0
410017,Mục tiêu bị câm lặng,,1,-1.0,0
410018,Đội ngũ ẩn thân,,1,-1.0,0
410019,Đòn tấn công dịch chuyển tức thời,,1,-1.0,0
410020,Vô Tung,"Ẩn mình, khiến người chơi khó bị một số kẻ địch phát hiện hơn.",1,600.0,0
410021,Sát thủ tăng cường,,1,-1.0,0
410022,Tư thế tích tụ sức mạnh,,1,-1.0,0
410023,Hồi phục Khí Huyết,Liên tục hồi phục Khí Huyết.,1,-1.0,0
410024,Hồi phục chân khí,Liên tục hồi phục chân khí.,1,-1.0,0
410025,Cường hóa Kỹ năng Đặc biệt,Lần sau thi triển Thử Truy Mệnh sẽ nhận được cường hóa.,1,-1.0,0
410026,Tự động phối hợp,,1,-1.0,0
410027,Lệnh truy sát,Đánh dấu đặc biệt của võ học #Y Túc Tử Du Trần#E.,1,10.0,0
410028,Vô Tung,"Ẩn mình, khiến người chơi khó bị một số kẻ địch phát hiện hơn; trong thời gian này, đòn tấn công kèm hiệu ứng hút máu.",1,600.0,0
410029,Lệnh truy sát,,1,15.0,0
410034,Chuột mạnh mẽ,"Khi tung đòn nhẹ, chuột sẽ chui lên từ mặt đất để tấn công một lần.",1,10.0,0
410035,Chuột sinh uy,"Khi tung đòn nhẹ, chuột sẽ chui lên từ mặt đất để tấn công một lần. Ngoài ra, có những con chuột phụ tự động tấn công kẻ địch xung quanh.",1,10.0,0
410038,Chuột gây sát thương tăng 50%,Chuột Chuột tăng 50% Sát thương,1,-1.0,0
411000,Hồi máu,,1,6.0,0
411001,Kích Thế,,1,-1.0,0
411002,Thế Đánh,,1,-1.0,0
411003,Kích Thế,,1,-1.0,0
411004,Thế Đánh,,1,-1.0,0
411005,Thế tấn công,,1,-1.0,0
411006,Kích Thế,,1,-1.0,0
412001,Thử Thử Sinh Uy,"Khi thi triển Khinh Kích hoặc kỹ năng võ học Nê Lê Tam Cấu, chuột sẽ chui ra khỏi mặt đất tiến hành một lần tấn công.",1,-1.0,0
412002,Tự động hiệp đồng,,1,-1.0,0
412003,Bảng thưởng · Trần Giai Vĩ,"Phóng thích Khinh Kích hoặc kỹ năng võ học Nê Lê Tam Cấu, Chuột sẽ chui ra từ mặt đất tiến hành một lần tấn công.",1,10.0,0
412004,Thử Thử Sinh Uy,"Khi tung ra khinh kích hoặc kỹ năng võ học Nê Lê Tam Cấu, chuột sẽ chui ra khỏi mặt đất để tấn công một lần. Ngoài ra, có thêm chuột tự động tấn công kẻ địch xung quanh.",1,10.0,0
420000,Giảm sát thương,,1,0.8,0
420001,Bá thể,,1,0.35,0
420002,Giảm sát thương,,1,0.5,0
420003,Giảm sát thương,,1,0.5,0
420004,Hóa thân,,1,-1.0,0
420005,Vô Địch,,1,-1.0,0
420006,Hóa thân,,1,-1.0,0
420007,Hóa thân,,1,-1.0,0
420008,Hóa thân,,1,-1.0,0
420009,Hóa Thân,,1,-1.0,0
420010,Mở khóa,,1,-1.0,0
420011,Lực đẩy,,1,1.2,0
420012,Vô Tướng,,1,-1.0,0
420013,Quan sát vật lý,,1,3.0,0
420014,Bảng ẩn,,1,-1.0,0
420015,Vô địch,,1,1.0,0
420016,Hình phạt khi sợ chiến,"Trong quá trình chiến đấu với thủ lĩnh, mỗi khi có đồng đội vì khiếp sợ mà thoát khỏi giao chiến, sát thương của thủ lĩnh sẽ tăng thêm!",10,-1.0,0
420017,Bất Khả Đánh Ngã,,1,3.5,0
420018,Ẩn thân,,1,,0
420019,Hồi sinh,,1,0.2,0
420020,Giảm sát thương,,1,-1.0,0
420021,Tấn công Ngoại Công,,1,3.0,0
420022,Cân bằng vật lý,,1,3.0,0
420023,Bất Khả Đánh Ngắt,Miễn nhiễm phần lớn trạng thái khựng đòn,1,0.35,0
420024,Thế Đánh,,1,-1.0,0
420025,Không thể gỡ bỏ thế lực,,1,-1.0,0
420027,Hồi phục trợ chiến,,1,1.0,0
420028,Trợ chiến tăng ích,,1,-1.0,0
420029,Hỗ trợ tăng ích,,1,-1.0,0
420030,AI bản sao tăng thương 1,,1,-1.0,0
420031,Tăng sát thương Phó bản AI 2,,1,-1.0,0
420032,Hồi phục trợ chiến,,1,30.0,0
420033,Hỗ trợ tăng ích,,1,-1.0,0
420034,Trợ chiến tăng thêm,,1,-1.0,0
420101,Hỗ trợ nhiều người,Miễn nhiễm tất cả sát thương Bạo Kích.,1,-1.0,0
420102,Nhiều người khác,"Sau khi miễn nhiễm sát thương Bạo Kích một lần sẽ hồi phục 20% khí huyết, và miễn chịu sát thương trong 1 giây, thời gian điều tức là #Y10#E giây.",1,-1.0,0
420103,Thủ Quan Nguyên,Miễn chịu sát thương trong 2 giây,1,2.0,0
420111,Giảm sát thương,,1,-1.0,0
420121,Giảm sát thương,,1,-1.0,0
420122,Kích Thế,,1,-1.0,0
420131,Giảm sát thương,,1,-1.0,0
420132,Kích Thế,,1,-1.0,0
420141,Giảm sát thương,,1,-1.0,0
420142,Thế đánh,,1,-1.0,0
420151,Giảm sát thương,,1,-1.0,0
420152,Thế đánh,,1,-1.0,0
420161,Giảm sát thương,,1,-1.0,0
420162,Thế đánh,,1,-1.0,0
420171,Giảm sát thương,,1,-1.0,0
420172,Thế đánh,,1,-1.0,0
420181,Giảm sát thương,,1,-1.0,0
420182,Thế Đánh,,1,-1.0,0
420191,Giảm thương,,1,-1.0,0
420192,Kích Thế,,1,-1.0,0
420193,Kích Thế,,1,-1.0,0
420241,Giảm sát thương,,1,-1.0,0
420242,Đòn đánh,,1,-1.0,0
420251,Giảm sát thương,,1,-1.0,0
420252,Kích Thế,,1,-1.0,0
420261,Giảm sát thương,,1,-1.0,0
420262,Kích Thế,,1,-1.0,0
420271,Giảm sát thương,,1,-1.0,0
420272,Thế tấn công,,1,-1.0,0
420281,Giảm sát thương,,1,-1.0,0
420282,Thế đánh,,1,-1.0,0
420291,Giảm thương,,1,-1.0,0
420292,Kích thế,,1,-1.0,0
420301,Giảm thương,,1,-1.0,0
420302,Kích Thế,,1,-1.0,0
420311,Giảm thương,,1,-1.0,0
420312,Kích thế,,1,-1.0,0
420321,Giảm thương,,1,-1.0,0
420322,Kích thế,,1,-1.0,0
420331,Giảm thương,,1,-1.0,0
420332,Kích thế,,1,-1.0,0
420401,Giảm thương,,1,-1.0,0
420402,Kích Thế,,1,-1.0,0
420403,Kích thế,,1,-1.0,0
420411,Giảm thương,,1,-1.0,0
420412,Kích thế,,1,-1.0,0
420421,Giảm thương,,1,-1.0,0
420422,Tấn công Liệt Thạch,,1,-1.0,0
420431,Giảm thương,,1,-1.0,0
420432,Kích thế,,1,-1.0,0
430190,Khí Tức Cạn Kiệt,"Chân khí trống rỗng, sát thương nhận vào tăng",1,9.5,0
430201,Choáng,"Trạng thái Choáng, không thể di chuyển hoặc sử dụng hầu hết kỹ năng",1,4.0,0
430202,Giảm tốc,Tốc độ di chuyển giảm 40%,1,6.0,0
430304,Khóa chân khí,,1,-1.0,0
430305,Miễn tử,,1,-1.0,0
430306,Không thể khóa,,1,-1.0,0
430307,Định Thân,,1,-1.0,0
430308,Không thể khóa,,1,-1.0,0
431000,Cường Tráng,"Tăng cường độ cứng cáp của bản thân, khó bị đánh ngất.",1,-1.0,0
431001,Phá trống,"Sát thương kỹ tích lực tăng 15%, và chỉ một trong hai hiệu ứng Phá Trận có thể có hiệu lực, ưu tiên thấp hơn Phá Trận.",1,6.0,0
431002,Giảm sát thương,Giảm 20% sát thương nhận vào,1,16.0,0
431003,Phá trận,"Sát thương Kỹ năng Trọng Kích tăng 30%, tích lực miễn tiêu hao thể lực",1,12.0,0
431004,Giảm sát thương,Giảm 40% sát thương nhận vào,1,16.0,0
431005,Chấn nhiếp,Giảm 20% sát thương gây ra,1,8.0,0
431010,Cường Tráng,Nhân vật sẽ không rơi vào trạng thái bị đánh trừ khi bị khống chế mạnh,1,6.0,0
431011,Tập trung,Kỹ năng Trọng Kích tiếp theo của Đao Pháp sẽ được tăng tốc độ tích lực đáng kể,1,6.0,0
431100,Táng Hoa,"Đơn điểm trọng kích có thể bỏ qua việc tích lực ném ô, nhấn lại khi ô bay về tay sẽ kích hoạt liên chiêu hoàn mỹ",1,12.0,0
431101,Tăng sát thương,"Tăng sát thương, tối đa 3 tầng.",3,3.0,0
431102,Thay thế,,1,12.0,0
431103,Thay thế,,1,12.0,0
431104,Thay thế,,1,12.0,0
431105,Táng Hoa,"Liên tục ném ô, nhấp lại khi ô bay về tay để kích hoạt combo hoàn hảo",1,12.0,0
431106,Táng Hoa,,1,1.0,0
431107,Giảm trị liệu,Hiệu quả trị liệu nhận được giảm 36%.,1,15.0,0
431108,Cường nhận,,1,-1.0,0
431109,Kiên cường,,1,12.0,0
431110,Thay thế,,1,12.0,0
431111,Thay thế,,1,12.0,0
431112,Thay thế,,1,12.0,0
431113,Giảm trị liệu,Giảm 50% hiệu quả trị liệu nhận được.,1,15.0,0
431200,Súc lực 1 đoạn,,1,-1.0,0
431201,Súc lực 2 đoạn,,1,-1.0,0
431202,Tích lực 3 đoạn,,1,-1.0,0
431203,Thực Cốt,Sau khi tích đủ năm tầng sẽ rơi vào trạng thái kịch độc,7,5.0,0
431204,Độc kịch,"Trúng kịch độc, liên tục mất máu",1,12.0,0
431205,Tẩm độc,"Phi tiêu quần thể, Kỹ năng Trọng Kích lần sau sẽ kèm hiệu ứng ăn mòn xương cốt",1,-1.0,0
431206,Cảm ứng,Liên tục hồi phục tài nguyên võ học hiện tại,1,11.0,0
431207,Trì trệ,Giảm tốc 70%.,1,7.0,0
431208,Hiệu ứng bị động của Tật Tử Hành Vân,,1,-1.0,0
431209,Túc Tử Hành Vân Cường Nhẫn,,1,-1.0,0
431210,Hồi hồn,Giảm lượng tài nguyên tiêu hao của tất cả các kỹ năng võ học.,1,12.0,0
431211,Tăng cường kỹ năng súc lực,Tăng cường xung lực cho kỹ năng súc lực Hành Vân của lần sau.,1,-1.0,0
431212,Chân Khí Dễ Thương,Sát thương Chân Khí nhận được tăng 40%.,1,8.0,0
431213,Trì hoãn thất hồn lạc phách,,1,0.1,0
431300,Thời gian hồi chiêu truy kích giữa không trung,Truy kích giữa không trung đang hồi chiêu,1,6.0,0
431301,Cường hóa Đạn Đạo,Hiệu quả mỗi tầng: Sát thương kỹ năng thuộc loại đạn đạo tăng 20%.,1,15.0,0
431302,Phiêu không,,1,2.0,0
431303,Cưỡi gió,Truy kích giữa không trung cường hóa đã được kích hoạt,1,5.0,0
431305,Miễn chết,,1,-1.0,0
431306,Kiểm tra võ học Mạch Đao trước khi phá trận,,1,2.0,0
431307,Trệ Cốt,Một số kỹ năng có thể gây hiệu ứng bổ sung lên đơn vị Trệ Cốt,1,5.0,0
431310,Thời gian hồi chiêu Truy kích Phi thân,Truy kích giữa không trung đang hồi chiêu,1,4.0,0
431401,Xúc hồn,"Thân nhiễm kịch độc, liên tục mất máu",1,8.1,0
440002,Chết đuối,"Đuối nước khi bơi, liên tục mất sinh lực",1,-1.0,0
440003,Hèn nhát,,1,-1.0,0
440006,Không mất sinh lực,,1,-1.0,0
440007,Cướp Thanh,,1,,0
440008,Cướp Thanh,,1,,0
440009,Khóa máu chuyển sang giai đoạn hai,,1,-1.0,0
440012,Đẩy người chơi ra xa,,1,-1.0,0
440013,Mộc Uyên ẩn giấu,,1,-1.0,0
440014,Mộc Uyên cháy,,1,-1.0,0
440015,Không thể chọn,,1,-1.0,0
440016,Cưỡi Bách Kết Triều Đình,,1,7.0,0
440017,Cưỡi Bách Kết Hồi Cốt,,1,7.0,0
440018,Cưỡi Bách Kết triều đình có thể xử quyết,,1,-1.0,0
440019,Khí Kiệt,"Chân Khí trống rỗng, chịu sát thương tăng",1,7.0,0
440020,Thiên Uy,"Mạo phạm Thiên Uy, tội không thể tha. Thiên Uy không trái nhãn tiền, thân bị thương bởi sấm sét, nếu bị gió mạnh đánh trúng, sẽ sinh ra phong lôi minh động, trọng thương gân mạch.",1,10.0,0
440021,Phong nộ,"Gió đen giận dữ cuộn trào, áo giáp sắt đều bị phá hủy. Gió giận không ngừng hà hiên hiên, thân bị thương bởi gió dữ, nếu bị sấm sét đánh trúng, sẽ sinh ra gió sấm minh đãng, trọng thương gân mạch.",1,10.0,0
440022,Phụ Ma Lôi,,1,-1.0,0
440023,Phong phụ ma,,1,-1.0,0
440024,Triều đình đã chết,,1,-1.0,0
440025,Vu Đột đã chết,,1,-1.0,0
440026,Khí kiệt,"Chân Khí trống rỗng, sát thương tăng",1,9.5,0
440027,Đẩy người chơi ra xa,,1,-1.0,0
440028,Hiệu ứng cường hóa Bách Kết,,1,-1.0,0
440029,Không thể khóa,,1,0.5,0
440030,Đẩy người chơi ra,,1,-1.0,0
440031,Phong Lôi Bạo Tạc,,1,0.5,0
440032,Cho phép Bách Kết thi triển kỹ năng trừng phạt,,1,5.5,0
440033,Miễn dịch Bách Kết Phong Lôi,,1,-1.0,0
440034,Bách Kết Khóa Huyết và hồi phục,,1,-1.0,0
440035,Đẩy người chơi ra 5,,1,-1.0,0
440036,"Khóa tài nguyên giả để phòng tử vong, phòng khí kiệt",,1,-1.0,0
440037,Để Bách Kết đánh chết quái nhỏ trên sân,,1,1.0,0
440038,Tăng giới hạn máu-thông quan đầu,,1,-1.0,0
440039,Tăng giới hạn máu · Trấn thủ,,1,-1.0,0
440040,Tăng giới hạn Khí Huyết · Thí Luyện,,1,-1.0,0
440041,Giảm thương 99.9%,,1,-1.0,0
440042,Có từ chối đề xuất nội bộ của bản thảo này không?,,1,-1.0,0
440043,Điện quyển trúng đích,,1,0.5,0
440044,Nhậm Tuấn Lẫm,,1,10.0,0
440045,Đập vỡ khôi lỗi thay thế F,,1,,0
440046,Trạng thái rơi rớt_Yếu,,1,-1.0,0
440047,Thoát khóa,,1,-1.0,0
440048,Thủy Chuyển Bách Hí,,1,-1.0,0
450001,Giai đoạn hai,,1,-1.0,0
450002,Áo choàng ẩn,,1,-1.0,0
450003,Định Thân,"Định thân, nhận sát thương sẽ trở lại bình thường",1,3.0,0
450004,pb,,1,-1.0,0
450005,Đóng băng,"Bị đóng băng, nhận sát thương sẽ hồi phục bình thường",1,4.0,0
450006,Trọng thương,,1,10.0,1
450007,Sợi nấm ẩn,,1,-1.0,0
450008,Huyễn chứng · Hình dạng lừa,"Khi lên cơn cuồng loạn, thần thái hình dáng đều giống như lừa, người ngoài nhìn vào cũng y hệt một con lừa.",1,6.2,0
450009,Tương tác Mây Sương,,1,-1.0,0
450010,Bất Khả Đánh Ngã,,1,15.0,0
450011,Bất Khả Động,,1,3.5,0
450012,Vô địch,,1,10.0,0
450013,Ký hiệu,,1,-1.0,0
450014,Huyễn Chứng · Hình Lừa,"Khi lên cơn bệnh, thần thái và hình dáng đều giống như lừa, người ngoài nhìn vào cũng y như một con lừa.",1,12.2,0
450015,Dây Leo Điểm Danh,"Bị dây leo trói buộc, cần gây đủ sát thương để giải cứu",1,20.0,0
450019,Bị kinh động,"Hỏng rồi, bụng không khỏe!",1,1.01,0
450020,Định Thân,Phía sau nguy hiểm!,1,1.2,0
450021,Bị kinh động,Phía sau nguy hiểm!,1,5.0,0
450022,Hòa đồng,Hòa đồng,10,20.0,0
450023,Dây leo Điểm Danh,"Bị dây leo trói buộc, cần gây đủ sát thương để giải cứu",5,20.0,0
450024,Tăng sát thương,Sát thương của đòn đánh tiếp theo sẽ tăng lên!,12,20.0,0
450025,Huyễn chứng · Hình dáng lừa,"Khi cơn cuồng loạn phát tác, thần thái và hình dáng đều giống như lừa, người ngoài nhìn vào cũng y hệt một con lừa.",1,120.0,0
450026,Không va chạm với dây leo,,1,23.0,0
450027,3 giây sau loại bỏ va chạm với dây leo,,1,3.0,0
450028,Loại bỏ va chạm với dây leo,,1,1.0,0
450029,Xóa bỏ đánh dấu trong đàn lừa,,1,1.0,0
450030,Người chơi cưỡi lừa có trạng thái bất tử,,1,30.0,0
450031,Lừa mới,"Khi lên cơn cuồng loạn, thần thái và hình dáng đều giống như lừa, người ngoài nhìn vào cũng y hệt một con lừa.",1,120.0,0
450032,Bị làm cho ngất xỉu,"Choáng váng, Tấn công Ngoại Công giảm 10%.",1,8.0,0
450033,Điểm Danh Thuật Phiêu Phù,Thuật Phiêu Lãng,1,4.0,0
450034,Thuật Trói Mây Điểm Danh,Đằng Lao Thuật,1,7.0,0
450035,Trôi nổi,Phiêu Phù Thuật,1,12.0,0
450036,Giải trừ,,1,3.0,0
450037,Vô địch,Vô Địch,1,2.0,0
450038,Bị lừa,,1,5.0,0
450039,Khóa Chân Khí,,1,-1.0,0
450040,Đập đất,,1,6.0,0
450042,Độc,Gây sát thương sinh lực liên tục. Tối đa có thể cộng dồn 10 tầng.,10,5.0,0
450043,Bất Khả Đả Đoạn,,1,-1.0,0
450044,Dị ứng với phân lừa,Dị ứng với phân lừa,1,1800.0,0
450045,Lừa hóa,"Mỗi lần biến thành lừa sẽ giảm 5% giới hạn khí huyết, tối đa cộng dồn 10 lần.",10,1800.0,0
450046,Huyễn chứng · Hình dáng lừa,"Khi phát bệnh, thần thái hình thể đều giống như lừa, người khác nhìn vào cũng như một con lừa.",1,120.0,0
450047,Miễn dịch · biến hình lừa,Trong vòng 5 phút sẽ không kích hoạt hiệu ứng biến hình của lừa,1,300.0,0
450051,Say rượu,,1,30.0,0
450052,Âm Dương Mê Tung Bộ,,1,-1.0,0
450053,附魔火焰,,1,30.0,0
450054,Khóa Máu,,1,-1.0,0
450055,Vô địch,,1,-1.0,0
450056,Định thân,"Kỳ thuật của Triệu Đồ đã đạt đến cảnh giới xuất thần nhập hóa, hiệu quả định thân không thể giải khống",1,8.0,0
450057,Ẩn giấu bảng điều khiển,,1,-1.0,0
450058,Trí manh,,1,8.0,0
450059,Uống rượu hồi máu,,1,1.0,0
450060,"Anh ta đến mượn rượu, ta không cho, đánh nhau, hòa. Anh ta uống xong rượu, cứ ở đây không đi.","Phúc khí này cho ta, ta nhận rồi! Hiệu quả thu thập tinh nguyên tăng 50%, thời gian hồi chiêu kỳ thuật giảm 50%",1,-1.0,0
450061,Nhiệt huyết sôi trào,"Mười năm uống băng, khó làm nguội nhiệt huyết!",1,30.0,0
500001,Cường Hóa,Được tăng cường đáng kể,1,30.0,0
500002,Cường hóa,Miễn nhiễm sát thương,1,30.0,0
500003,Sợ lửa,Tăng sát thương nhận phải từ lửa,1,-1.0,0
800001,Miễn khống chế,"Miễn nhiễm phần lớn hiệu ứng cứng đờ khi bị đánh, miễn nhiễm hiệu ứng khống chế",1,0.6,0
800002,Bất Khả Đánh Ngã,Miễn nhiễm phần lớn trạng thái cứng đờ khi bị đánh,1,2.0,0
800003,Khiêu khích,,1,10.0,0
800004,Châm biếm,Phần trăm sát thương gây ra trong khoảng thời gian tiếp theo sẽ được chuyển cho bên tạo BUFF,1,10.0,0
800005,Mong manh,Tăng sát thương nhận vào,1,10.0,0
900000,Lôi kích,,1,900.0,0
900001,Ngụy trang,"Khi đang trong trạng thái cải trang, có thể dùng thân phận này để hành sự tùy cơ",1,,0
900002,Chuẩn xác,,1,,0
900003,Ngụy trang,"Khi đang trong trạng thái cải trang, có thể dùng thân phận này để hành sự tùy cơ",1,900.0,0
900004,Không thể chọn,,1,-1.0,0
910001,Vô địch không thể chọn,,1,3600.0,0
910002,Đang giữ quân kỳ,"Chịu sự cổ vũ của cờ quân, gây sát thương Khí Huyết tăng 20%.",1,3600.0,0
910003,Thủ hộ,"Được lá chắn bảo vệ, sát thương khí huyết phải chịu giảm 80%.",1,3600.0,0
910004,Cảm Điện,"Bị Điện Giật, liên tục chịu sát thương.",1,15.0,0
910005,Khóa 10% máu,,1,3600.0,0
910006,Khóa 0.01% máu,,1,3600.0,0
910007,Cường hóa quân trận,,1,3600.0,0
910008,Binh lính cung tên điểm danh đánh dấu,,1,12.0,0
910009,Vendetta Mark,,1,3600.0,0
910010,Định thân,,1,12.0,0
910011,Không thể chọn,,1,3600.0,0
910012,Vô Địch,,1,3600.0,0
910013,Quân kỳ thay đổi thanh máu,,1,3600.0,0
910014,Đao binh phong tường ký hiệu,,1,3600.0,0
910015,Vu Đột Phong tử vong cường ẩn,,1,3600.0,0
910016,Dùng để đánh dấu cường hóa quân trận Độn Binh,,1,3600.0,0
910017,Binh lính cung tên đánh dấu trình tự 1,,1,3600.0,0
910018,Binh lính cung tên đánh dấu trình tự 2,,1,3600.0,0
910019,Ký hiệu thứ tự cung tiễn binh 3,,1,3600.0,0
910020,Ký hiệu thứ tự cung tiễn binh 4,,1,3600.0,0
910021,Binh lính cung tên đánh dấu trình tự 5,,1,3600.0,0
910022,Lính bắn cung đánh dấu thứ tự 6,,1,3600.0,0
910023,Tấn công cờ hiệu quân nhân chim,,1,3600.0,0
910024,Người chơi ở trong tường gió đánh dấu,,1,3600.0,0
910025,Đánh dấu điểm danh,,1,3600.0,0
910026,Định thân,Choáng váng.,1,12.0,0
910027,Bá thể,,1,3600.0,0
910028,Miễn khí kiệt,,1,3600.0,0
910029,Điểu nhân tăng thương,Khí Huyết sát thương tăng lên.,10,3600.0,0
910030,Quân kỳ liên tục hồi máu,Liên tục hồi phục sinh mệnh.,1,3600.0,0
910031,Binh lính bắn cung đánh dấu theo thứ tự 7,,1,3600.0,0
910032,Binh lính cung tên đánh dấu thứ tự 8,,1,3600.0,0
910033,Quân kỳ truy tung tiêu buff,,1,3600.0,0
910034,Hồi phục thanh thế của cung tiễn binh,,1,1.0,0
910035,Thay thế điểm kết toán quân kỳ,,1,3600.0,0
910101,AI đồng đội dùng đánh dấu 1,,1,3600.0,0
910102,Đồng đội AI dùng đánh dấu 2,,1,3600.0,0
910103,AI đồng đội dùng đánh dấu 3,,1,3600.0,0
910104,Ổn định giá trị 2,,1,3600.0,0
910105,Ổn định trị 1,,1,3600.0,0
910106,Ẩn thân + thay đổi va chạm,,1,3600.0,0
910107,Nham thạch bạo tạc dễ bị thương,"Vừa bị xung kích nổ đá, lại bị sát thương nổ đá tăng cao.",1,10.0,0
910108,Sát Địa Thần Dễ bị thương,"Choáng váng, sát thương Khí Huyết phải chịu tăng 20%.",1,8.0,0
910109,Điểm danh dấu hiệu điểm 1,,1,3600.0,0
910110,"Than ôi, vội vàng như vậy là muốn làm đại sự gì?",,1,3600.0,0
910111,Đánh dấu điểm danh bão cát 2,,1,3600.0,0
910112,Ổn định trị 0,,1,3600.0,0
910113,Sát thương mặt đất động đất,,1,3600.0,0
910114,Chịu tỷ lệ sát thương chân khí,,1,3600.0,0
910115,Vũ Mã Cuồng Bạo,,1,3600.0,0
910116,Vũ Mã hồi đầy Chân Khí,,1,3.0,0
910117,Hồi phục dược thảo,Liên tục nhận trị liệu.,1,5.5,0
910118,Trúng độc,Trúng độc.,1,12.5,0
910119,Theo dõi buff hoa,,1,3600.0,0
910120,Tăng cường Sát thương,Chịu sát thương do múa ngựa giẫm đạp tăng lên.,10,3600.0,0
930001,Phật quang khóa chặt,,1,5.0,0
930002,Thiên Phạt Khóa Định,,1,5.0,0
930003,Oanh kích khóa chặt,,1,5.0,0
930004,Tượng chắn,,1,5.0,0
930005,Pháp trượng không cộng tồn,,1,5.0,0
930006,Kim Chung Tr罩,,1,3.0,0
930007,Thừa thương chức trách,,1,-1.0,0
930008,Vô Địch,,1,-1.0,0
930009,Khóa Chân Khí,,1,-1.0,0
930010,Vô địch,,1,5.0,0
930011,Trọng thương,,1,10.0,0
930012,Phật quang khóa chặt,,1,5.0,0
930013,Ngọc Môn Quan_Kết thúc_Ngọn đuốc An Tây quân,,1,5.0,0
930014,Phật quang khóa,,1,5.0,0
930015,Dấu hiệu trận pháp chính,,1,5.0,0
930016,Phóng to buff,,1,999.0,0
930017,Phóng to buff,,1,999.0,0
930018,Ẩn thân buff,,1,999.0,0
930019,Aibuff,,1,30.0,0
930020,Aibuff,,1,30.0,0
930021,Aibuff,,1,30.0,0
930022,Aibuff,,1,30.0,0
930023,Aibuff,,1,999.0,0
930024,Không thể chọn,,1,75.0,0
930025,Vô Địch,,1,-1.0,0
930026,Aibuff,,1,30.0,0
930027,Aibuff,,1,999.0,0
930028,Aibuff,,1,999.0,0
930029,Aibuff,,1,999.0,0
930030,Aibuff,,1,999.0,0
930031,Aibuff,,1,999.0,0
930032,Chảy máu liên tục,"Bị thương chảy máu, liên tục mất máu",10,45.0,0
930033,Aibuff,,1,999.0,0
930034,Aibuff,,1,20.0,0
930035,Vô Địch,,1,20.0,0
930036,Vô Địch,,1,-1.0,0
930037,Vô địch không thể chọn,,1,3600.0,0
930038,Bá thể,,1,3600.0,0
930039,Miễn khí kiệt,,1,3600.0,0
930040,Khóa 10% máu,,1,3600.0,0
930041,Không thể chọn,,1,3600.0,0
930042,Vô địch,,1,3600.0,0
930043,Khóa 0.01% máu,,1,3600.0,0
930044,Trừ Chân Khí,,1,1.5,0
930045,Nhận được chiến ý,,1,3600.0,0
930046,Thất bại,,1,10.0,0
930047,Vô địch,"Choáng váng, không thể di chuyển hoặc tung ra hầu hết các kỹ năng",1,2.0,0
930048,Choáng váng,"Choáng váng, không thể di chuyển hoặc tung ra hầu hết các kỹ năng",1,5.0,0
940000,Giai đoạn chuẩn bị,,1,7.0,0
940001,Cửu nhiu tửu chi,"Ngọc Trì chi tửu, tắm hương như say, lâu văn mính đinh, huân nhiên vong quy.",1,5.0,0
950000,Sự kiện đang chuẩn bị,,1,3600.0,0
950001,PC đỉnh hiệu trầm mặc,"Tranh minh thi đấu trung kiểm trắc đến PC đoan đính hào, trầm mặc trạng thái vô pháp sử dụng kỹ năng!",1,-1.0,0
950002,96 cấp bộ Ngọc Đấu,,1,-1.0,0
950003,96 cấp Dịch Tương Bộ,,1,-1.0,0
950004,96 cấp Phi Ưng bộ trang,,1,-1.0,0
950005,96 cấp Bộ Chim ưng,,1,-1.0,0
950006,Trang bị Thời Vũ cấp 96,,1,-1.0,0
950007,96 cấp Quế Nguyệt trang bị,,1,-1.0,0
950008,Trang bị Yến Quy 96 cấp,,1,-1.0,0
950009,96 Cấp Giang Ngưng Trang Bị,,1,-1.0,0
950010,96 cấp Yên Liễu Trùng Trùng bộ,,1,-1.0,0
950011,96 cấp Bất Tri Hàn bộ,,1,-1.0,0
950012,Trang bị 96 cấp Hoán Hoa,,1,-1.0,0
950013,Bộ Yên Liễu 96 cấp,,1,-1.0,0
950014,Trang bị Liên Tinh cấp 96,,1,-1.0,0
950015,96 cấp Bão Ngọc Bộ,,1,-1.0,0
950016,96 giai Đoạn Nhạc bộ,,1,-1.0,0
950017,Bộ 96 cấp Huyền Giáp,,1,-1.0,0
950018,Trang bị 96 cấp Ẩm Vũ,,1,-1.0,0
950019,Bộ Kinh Huyền cấp 96,,1,-1.0,0
950020,96 Cấp Truy Ảnh Bộ,,1,-1.0,0
950021,96 cấp Cấp Phong Sáo,,1,-1.0,0
950022,Bộ trang bị Lăng Ba Bộ cấp 96,,1,-1.0,0
950023,96 cấp Nhạc Sơn Khuynh trang bị,,1,-1.0,0
950024,96 cấp Ngự Vô Khuyết bộ trang,,1,-1.0,0
960000,Trong ngụy trang Mũ Dạ,,1,300.0,0
960001,Giả trang bách tính,"Giả trang thành bách tính, giúp Chư Cát Cáp để gánh xiếc Khánh Khanh tìm lại sự tự tin. Tiếp tục thúc đẩy nhiệm vụ \""Bách Hí Càn Khôn\"", có thể loại bỏ hiệu ứng này.",1,-1.0,0
960002,Tiểu Thiếu Đông Gia,,1,-1.0,0
960003,Vương Thanh,Thân ở trong cục,1,-1.0,0
960004,Ai Đế,,1,-1.0,0
960005,Vương Thanh · Tráng niên,,1,-1.0,0
960006,Vương Thanh 2,,1,-1.0,0
960211,Trúng độc,"Nhiễm kịch độc, liên tục mất máu",5,10.0,0
970001,Giảm tốc,,1,300.0,0
970002,Lá chắn,Mỗi tầng cung cấp tương đương 10% Khí Huyết hộ thuẫn giá trị Khí Huyết tối đa.,30,17.0,0
970005,Chảy máu liên tục,"Chịu tấn công của Huyết Quan Thác Ảnh Trảm, liên tục mất Khí Huyết",10,50.0,0
970006,Đánh dấu quan tài giả,,1,-1.0,0
970007,Ký hiệu quan tài thật,,1,-1.0,0
970009,Giảm tốc,,1,300.0,0
970014,Vô địch,Vô Địch,1,-1.0,0
970015,Ảnh quan ký hiệu,,1,-1.0,0
970016,Đánh dấu quan tài,,1,-1.0,0
970020,,Chính Nghĩa Xử Quyết,1,-1.0,0
970021,Giảm tốc,,1,300.0,0
970022,Lực hấp dẫn,,1,10.0,0
970023,Lực hút,,1,10.0,0
970024,Lực Hút,,1,10.0,0
970025,Bá thể,,1,3600.0,0
970026,Bị đánh ngất,Sát ý bị hóa giải sử đắc ngũ tàn lộ xuất phá trán,100,20.0,0
970027,Biến lớn,,1,3600.0,0
970028,Cuồng bạo,Sát ý bị đánh lui khiến cho lực tấn công của Ngũ Tàn tăng lên rất nhiều,1,3600.0,0
970033,Lực đẩy,,1,-1.0,0
970034,Đếm tầng,,10,50.0,0
970035,Đánh dấu Hỗn Loạn Phá Phòng,,1,20.0,0
970036,Đánh dấu,,1,1.0,0
970037,Rớt năng,"Chịu tấn công của Huyết Quan Tà Ảnh Trảm, liên tục mất máu",10,50.0,0
970038,Tiếp tục mất năng lượng chậm,"Bị công kích bởi Huyết Quan Thác Ảnh Trảm, liên tục mất máu",10,50.0,0
970039,Không thể khóa không thể chọn,,1,3600.0,0
970040,Giảm thương 99%,"Ư Đột sát ý hung dũng, khiến bản thân nhận được giảm thương cao",1,3600.0,0
970041,Sát ý xâm nhập,,1,15.0,0
970042,Tiếp chỉ,"Quỳ xuống tiếp chỉ, không thể di chuyển hoặc thi triển phần lớn kỹ năng",1,5.0,0
970043,"Thánh chỉ tại đây, dám không quỳ?",Cứ cách một khoảng thời gian lại bắt buộc quỳ xuống tiếp chỉ,1,60.0,0
970044,Tăng thêm giới hạn trên máu,,1,-1.0,0
970045,Hiệu ứng · Tan biến khi chết (Dùng chung),,1,10.0,0
970046,Sát thương tăng,Mỗi tầng sát thương tăng 50%,10,-1.0,0
970047,Đếm ngược,,1,75.0,0
970050,Khóa Giả Chân Khí,,1,20.0,0
970051,Hồi phục Khí Huyết,,1,1.0,0
970052,Hồi phục Khí Huyết,,1,1.0,0
970053,Âm phù · Nâu sẫm,,1,-1.0,0
970054,Nốt nhạc · màu vàng,,1,-1.0,0
970055,Nốt nhạc · Xanh lục,,1,-1.0,0
970056,Nốt nhạc · Màu đỏ,,1,-1.0,0
970057,Âm phù · Xanh lam,,1,-1.0,0
970058,Chảy máu liên tục,"Bị âm luật làm rối loạn, liên tục mất Khí Huyết",3,3.0,0
970059,Đếm ngược,,1,30.0,0
970060,Thay thế,,1,3600.0,0
970063,Khóa 1% máu,,1,-1.0,0
970064,Vô Địch,Vô địch,1,5.0,0
970065,Vô Địch,Vô địch,1,0.5,0
970066,Hồi phục Khí Huyết,,1,1.0,0
970067,Âm phù · Nâu,,1,5.0,0
970068,Âm phù · Màu vàng,,1,5.0,0
970069,Âm Phù · Lục Sắc,,1,5.0,0
970070,Âm phù · màu đỏ,,1,5.0,0
970071,Nốt nhạc · Xanh lam,,1,5.0,0
970072,Ẩn thanh máu + Vô địch,,1,-1.0,0
970073,Kết toán Minh Kim bạo tạc,,6,-1.0,0
970074,Lá chắn,"Đàn tấu cổ cầm, tiêu trừ hộ thuẫn",1,40.0,0
970075,Đếm ngược,,1,30.0,0
970076,Điểm tính toán tăng sát thương cho lá chắn,,1,-1.0,0
970077,Sư Hống Công thay thế,,1,10.0,0
970078,Thay thế Sư Hống Công,,1,10.0,0
970079,Đếm,,6,-1.0,0
970080,Hiệu ứng,,1,-1.0,0
970081,Không thể gảy đàn,,1,-1.0,0
970082,Giảm công,Cầm luật công tâm khiến bản thân công kích lực giảm xuống,2,30.0,0
970083,99% giảm thương,,1,60.0,0
1000002,Gãy Xương,Gãy Xương,1,-1.0,0
1000003,Gãy xương nghiêm trọng,Gãy xương nghiêm trọng,1,-1.0,0
1000004,Tẩu Hỏa 1,,1,1.0,0
1000005,Tẩu Hỏa 2,,1,1.0,0
1000006,Tẩu Hỏa 3,,1,1.0,0
1000007,Tẩu Hỏa 4,,1,1.0,0
1000008,Nhập Ma · Tầng hai,"Nội lực phản phệ, kinh mạch rối loạn, ngoại hình cũng sẽ thay đổi. Trong trạng thái nhập ma, khi gây sát thương có xác suất thấp tự phản thương bản thân!",1,-1.0,0
1000009,Nhập Ma · Tam Trọng,"Nội lực phản phệ, kinh mạch rối loạn, ngoại hình cũng sẽ thay đổi. Trong trạng thái nhập ma, khi gây sát thương sẽ có xác suất cao tự phản thương bản thân!",1,-1.0,0
1000010,Nhập Ma · Tứ Trọng,"Nội lực phản phệ, kinh mạch rối loạn, ngoại hình cũng sẽ thay đổi. Trong trạng thái nhập ma, khi gây sát thương chắc chắn sẽ tự phản thương bản thân!",1,-1.0,0
1000011,Minh tâm kiến tính,Có xác suất nhất định kháng lại việc tẩu hỏa nhập ma.,1,-1.0,0
1000012,Nhập Ma · Tầng Một,"Nội lực phản phệ, kinh mạch rối loạn.",1,-1.0,0
1000013,Thần Mê · Tầng Một,"Sẽ tạm thời rơi vào trạng thái xuất thần, thân thể không thể kiểm soát.",1,15.0,0
1000014,Thần mê · Nhị trọng,"Sẽ tạm thời rơi vào trạng thái xuất thần, thân thể không thể điều khiển.",1,20.0,0
1000015,Thần Mê · Tam Trọng,"Sẽ tạm thời rơi vào trạng thái xuất thần, thân thể không thể kiểm soát.",1,25.0,0
1000016,Thần Mê · Tứ Trọng,"Sẽ tạm thời rơi vào trạng thái thất thần, thân thể không thể kiểm soát.",1,30.0,0
1000017,Mặt đỏ,"Thời gian dài ở khu vực có độ cao lớn, trên mặt xuất hiện các mảng đỏ.",1,-1.0,0
1001000,,Trừ đi 5% khí huyết,1,1.11,0
1001001,Phi diêm tẩu bích,,1,10.0,0
1001002,Thay trang phục,,1,-1.0,0
1001003,Thay đổi trang phục,,1,-1.0,0
1001004,Khí lưu gia tốc,Tốc độ di chuyển tăng 30%,1,4.0,2
1001005,Miễn chiến,,1,-1.0,0
1002000,Bất Khuất,,1,-1.0,0
1002001,Bất Khả Động,,1,2.0,0
1002002,Hồi phục,,1,3.5,0
1002003,Định Thân,"Định thân, nhận sát thương sẽ trở lại bình thường",1,80.0,0
1002004,Giảm sát thương,,1,-1.0,0
1002005,Không thể chọn,,1,1.5,0
1002006,Ẩn thân,,1,-1.0,0
1002007,Phù phép,,1,-1.0,0
1002008,Phù Ma,,1,-1.0,0
1002009,Phù ma,,1,-1.0,0
1002010,Phù ma,,1,-1.0,0
1002011,Phụ ma,,1,-1.0,0
1002012,Định Thân,"Định thân, hồi phục bình thường khi nhận sát thương",1,20.0,0
1002013,Trì hoãn,"Trạng thái Trì Trệ, giảm tốc độ 70%, tiêu hao hết thể lực và tốc độ hồi phục thể lực giảm, sau một thời gian sẽ hồi phục bình thường",1,8.0,0
1002014,Không mất chân khí,,1,4.5,0
1002015,Không thể tấn công,,1,-1.0,0
1002016,Trình diễn Bất Khuất,,1,-1.0,0
1002017,Nhất kích tất sát,,1,-1.0,0
1002018,Trúng độc,Liên tục chịu sát thương Khí Huyết,1,6.0,0
1002019,Không tiêu hao chân khí,,1,-1.0,0
1002020,Phù ma,,1,-1.0,0
1002021,Cảnh báo sớm,,1,-1.0,0
1002022,Khóa máu,,1,-1.0,0
1002023,Vô địch,,1,-1.0,0
1002024,Bất Khả Đánh Ngã (Bất Khả Phá Thế),,1,-1.0,0
1002025,Khóa,,1,-1.0,0
1002026,Khiên bảo vệ,,1,20.0,0
1002027,Sát thương duy trì,,1,-1.0,0
1002028,Phù Ma,,1,-1.0,0
1002029,Khóa,,1,10.0,0
1002030,Phá hủy,,1,2.0,0
1002031,Khóa,,1,10.0,0
1002032,Không mất Chân Khí,,1,-1.0,0
1002033,Không thể chọn,,1,-1.0,0
1002034,Khóa mục tiêu,,1,10.0,0
1002035,Hủy từ trường,,1,-1.0,0
1002036,Định Thân,"Định thân, hồi phục bình thường khi nhận sát thương",1,-1.0,0
1002037,Cháy rực,"Trên người đang bốc cháy, liên tục mất máu",1,8.0,0
1002038,Dễ bị thương,"Bị chim gỗ tự nổ làm bị thương, nhận sát thương từ thùng thuốc nổ và chim gỗ tăng lên",1,30.0,0
1002039,Phụ ma,,1,-1.0,0
1002040,Hộ thuẫn,,1,20.0,0
1002041,Khóa mục tiêu,,1,8.0,0
1002042,Phù ma,,1,-1.0,0
1002043,Khóa,,1,-1.0,0
1002044,Mất tay,"Túy Quyền Khách lỡ tay làm vỡ vò rượu, sát thương phải chịu tăng lên",1,20.0,0
1002045,Miễn dịch,,1,-1.0,0
1002046,Vô địch,,1,15.0,0
1002047,Túy tửu,"Vào trạng thái say rượu, giảm 50% độ chính xác",1,15.0,0
1002048,Không thể chọn,,1,-1.0,0
1002049,Va chạm,,1,3600.0,0
1002050,Cấm rượu,,1,10.0,0
1002051,Dễ bị thương,"Phá vỡ một vò rượu, bị khách Túy Quyền ghi hận, lần sau chịu sát thương nộ kích tăng lên",1,600.0,0
1002052,Túy ý,,1,10.0,0
1002053,Dễ bị thương,,1,-1.0,0
1002054,Triệu hồi,,1,-1.0,0
1002055,Triệu hoán,,1,-1.0,0
1002056,Triệu hồi,,1,-1.0,0
1002057,Giảm thương,,1,-1.0,0
1002058,Định thân,"Định thân, chịu sát thương hồi phục bình thường",1,10.0,0
1002059,Ý say,,1,-1.0,0
1002060,Bỏng rát kịch độc,"Xà độc chước thiêu, liên tục tổn thất sinh mệnh trị",5,4.0,0
1002061,Thu nhỏ,,1,-1.0,0
1002062,Bộc phát độc cổ,,1,4.0,0
1002063,Khóa,,1,60.0,0
1002064,Điểm danh,,1,5.0,0
1002065,Viêm,,1,-1.0,0
1002066,Băng,,1,-1.0,0
1002067,Giảm tốc,"Chịu công kích Hàn Xà, giảm tốc 20%, giảm tốc độ hồi phục thể lực",1,8.0,0
1002068,Khóa,,1,30.0,0
1002069,Băng bạo,,1,120.0,0
1002070,Biểu ký,,1,-1.0,0
1002071,Văng ra,,1,-1.0,0
1002072,Đánh dấu,,1,-1.0,0
1002073,Khóa,,1,4.0,0
1002074,Đánh dấu,,1,-1.0,0
1002075,Áp chế Trận Pháp,"Huyền Nguyên Giáo trận pháp áp chế, liên tục mất máu",1,5.0,0
1002076,Khóa,,1,-1.0,0
1002077,Bộc phát độc cổ,,1,4.0,0
1002078,Bộc phát độc cổ,,1,4.0,0
1002079,Sát thương giảm,"Chịu đến cường hóa Lục Lâm cung thủ tấn công, tạo thành sát thương giảm 50%",1,10.0,0
1002080,Kích phát Bá Thể,,1,-1.0,0
1002081,Bá thể,,1,-1.0,0
1002082,Thanh trừ thể lực,,1,8.0,0
1002083,Hộ thuẫn,,1,3600.0,0
1002084,Dễ bị thương,"Bị thùng thuốc nổ nổ bị thương, sát thương tăng 30%",1,20.0,0
1002085,Thanh lý lượng máu,,1,8.0,0
1002086,Giảm thương,,1,-1.0,0
1002087,Khấu Huyết,,1,-1.0,0
1002088,Trừ Khí Huyết 2%,,5,0.2,0
1002089,Khóa,,1,10.0,0
1002090,Năng lượng gậy khóc tang,,1,3600.0,0
1002091,Năng lượng gậy khóc,,1,3600.0,0
1002092,Chịu đựng trách nhiệm,,1,-1.0,0
1002093,Huyết tế,"Bị thi triển hiệu ứng Huyết Tế, có thể thông qua trị liệu để loại bỏ Huyết Chú, sau khi nhận trị liệu đạt yêu cầu Huyết Tế, thời gian còn lại của Huyết Tế sẽ cung cấp 25% tăng sát thương cho bản thân",1,18.0,0
1002094,Nãi thuẫn,,1,3600.0,0
1002095,Nãi thuẫn,,1,3600.0,0
1002097,Huyết tế,"Bị thi triển hiệu ứng Huyết Tế, có thể thông qua trị liệu để xóa bỏ Huyết Chú, sau khi trị liệu đạt yêu cầu Huyết Tế, thời gian còn lại của Huyết Tế sẽ cung cấp 33% tăng sát thương cho bản thân.",1,18.0,0
1002098,Thuẫn sữa,,1,3600.0,0
1002099,Khiên đỡ,,1,3600.0,0
1002100,Trách nhiệm thừa thương,,1,-1.0,0
1002101,Theo dõi đánh dấu vũ khí nhiều người chơi,,1,3600.0,0
1002102,Sở hữu vũ khí,"Sở hữu vũ khí Ngô Công, có thể ngắt kỹ năng Thiết Tâm Ngô Công hoặc đóng đinh vào xác Ngô Công",1,3600.0,0
1002103,Sở hữu vũ khí,"Sở hữu vũ khí con rết, có thể ngắt kỹ năng Thiết Tâm Rết hoặc đóng đinh vào tàn xác con rết",1,3600.0,0
1002104,Sở hữu vũ khí,"Sở hữu vũ khí con rết, có thể ngắt kỹ năng Thiết Tâm Rết hoặc đóng đinh vào tàn xác con rết",1,3600.0,0
1002105,Đánh dấu,,1,-1.0,0
1002106,Đánh dấu,,1,-1.0,0
1002107,Trúng độc 1 tầng,"Thiết Tâm Ngô 1 tầng tôi độc, tấn công lực tăng lên, săn mồi 1 người chơi",1,-1.0,0
1002108,Sơn Hà Túy Ảnh,"Thiết Tâm Ngô 2 tầng tôi độc, công kích lực tăng mạnh, săn mồi 2 người chơi",2,-1.0,0
1002109,Chú độc 3 tầng,"Thiết Tâm Ngô 3 tầng trúng độc, lực tấn công tăng mạnh, săn mồi 3 người chơi",3,-1.0,0
1002110,Đánh dấu,,1,-1.0,0
1002111,Đánh dấu,,1,-1.0,0
1002112,Đánh dấu,,1,-1.0,0
1002113,Đánh dấu,,1,-1.0,0
1002114,Khóa bắt,"Bị Thiết Tâm Ngô săn bắt khóa chặt, không thể sử dụng kỹ năng",1,10.0,0
1002115,Kịch độc rò rỉ,"Nồng độ kịch độc rò rỉ, nồng độ càng cao sát thương càng lớn",1,-1.0,0
1002116,Nồng độ rò rỉ kịch độc 50%,"Nồng độ rò rỉ kịch độc 30%, mỗi giây trừ máu 8%",1,-1.0,0
1002117,Nồng độ kịch độc rò rỉ 99%,"Nồng độ rò rỉ kịch độc 60%, mỗi giây trừ máu 20%",1,-1.0,0
1002118,Kịch độc tiết lộ nồng độ 100%,"Nồng độ rò rỉ kịch độc 100%, mỗi giây trừ máu 50%",1,-1.0,0
1002119,Dễ bị thương,"Thiết Tâm Ngô tê liệt, chịu sát thương tăng 10%",1,11.0,0
1002120,Hồi máu,,1,3.0,0
1002121,Hồi máu,,1,3.0,0
1002122,Đánh dấu,,1,5.0,0
1002123,Khấu máu,,1,3.0,0
1002124,Giảm thương,"Nhận sát thương giảm 90%, có thể dùng vũ khí Ngô Công phá trừ",1,-1.0,0
1002125,Rơi,,1,-1.0,0
1002126,Rơi,,1,-1.0,0
1002127,Rơi,,1,-1.0,0
1002128,Hiệu ứng đặc biệt,,1,-1.0,0
1002129,Hiệu ứng đặc biệt,,1,-1.0,0
1002131,Giảm tốc,,1,8.0,0
1002132,Không rớt Chân Khí,,1,-1.0,0
1002133,Xóa tài nguyên,,1,5.0,0
1002134,Lá chắn,,1,99.0,0
1002135,Trừ 50% lá chắn,,1,3.0,0
1002136,Hồi phục năng lượng,,1,99.0,0
1002137,Trừ lá chắn 100%,,1,3.0,0
1002138,Hiệu ứng đặc biệt,,1,-1.0,0
1002139,Đang giải phóng kỹ năng,,1,3.0,0
1003000,Mặt bị căng tức khó chịu,"Do bị ảnh hưởng bởi Ma Ma Phấn, mặt cảm thấy vô cùng đau nhức",1,600.0,0
1003001,Say mềm như chết,"Bị ảnh hưởng bởi phấn hoa say xỉn, cảm thấy choáng váng mạnh mẽ",1,30.0,0
1003002,Tỉnh lại,,1,2.0,0
1003003,Vô ưu vô ưu,"Phiền não đều quên, trời đất xoay vần, tựa như thân đang ở trên mây, mây mưa cuồn cuộn.",1,8.0,0
1003004,Miễn tử,,1,-1.0,0
1003005,Thay trang phục,Phàn Lâu Giang Hồ Bí Lục · Cấm thay đổi ngoại hình,1,60.0,0
1003006,Ngụy trang Giang Dật,"Giả dạng thành đại sư âm luật Giang Dật, mưu toan trà trộn vào Phàn Lâu. Tiếp tục đẩy mạnh nhiệm vụ Điệp Ảnh Phồn Hoa\"", có thể loại bỏ hiệu ứng này.\""",1,-1.0,0
1003007,Giả dạng Giang Dật,"Giả dạng thành đại sư âm luật Giang Dật, cố gắng trà trộn vào Phàn Lâu. Tiếp tục tiến hành nhiệm vụ Phồn Hoa Điệp Ảnh\"", có thể xóa bỏ hiệu ứng này.\""",1,-1.0,0
1003008,Yểu Vô Hình,"Ẩn mình, khiến người chơi khó bị một số kẻ địch phát hiện hơn.",1,600.0,0
1003009,Pháo hoa một cành xuân,"Cách đốt pháo hoa thịnh hành nhất hiện nay. Đốt nó lên, ngươi chính là kẻ ngầu nhất! Kêu gọi một đội huynh đệ cùng đốt nó, các ngươi chính là kẻ ngầu nhất cả con phố này!",1,30.0,0
1003010,Pháo Hoa Một Cành Xuân,Màu sắc của cây pháo hoa này thật kỳ lạ...,1,30.0,0
1003011,Minh Đăng dẫn đường,"Đứng gần ngọn đèn lồng xanh lục, tạm thời miễn nhiễm với ảnh hưởng của độc vụ.",10,-1.0,0
1003012,Sương Độc Hoàng Tuyền,"Nếu gặp sương độc, mau tìm đèn lồng xanh lá đặt thẳng đứng.",1,-1.0,0
1003013,Che giấu khí tức sinh cơ,"Mặc Âm Binh Giáp, che giấu khí tức người sống.",1,900.0,0
1003014,Bảo Bối Lưng,"Do lưng bị đè nén, sắc da dần thay đổi, máu mũi chảy ròng ròng",1,600.0,0
1003015,Tuyết giá mùa đông,"Người dùng #Y Tuyết Tuế Hàn#E tắm rửa, dung sắc tự nhiên thay đổi.",5,60.0,0
1003016,Ngọc Liễu Tán,"Người dùng liệu tắm bằng #Y Ngọc Liễu Tán#E, dung sắc tự nhiên có thể thay đổi.",5,60.0,0
1003017,Linh Hương Tử,"Người dùng #Y Linh Hương Tử#E để tắm rửa, sắc da tự nhiên sẽ thay đổi.",5,60.0,0
1003018,Pháo Hoa Một Cành Xuân,,1,1.0,0
1003019,Giảm sát thương,,1,-1.0,0
1003020,Tuyết giá mùa đông,,1,3.0,0
1003021,Gia thần,Đại mộng một hồi,1,-1.0,0
1003022,Thích khách,Một giấc mộng lớn,1,-1.0,0
1003023,Đường sử,Một giấc mộng lớn,1,-1.0,0
1003024,Sát cơ vây quanh,"Xung quanh dường như có sát khí vô hình khóa chặt trên người ngươi, cẩn thận với những đòn tấn công có thể xuất hiện bất cứ lúc nào.",1,-1.0,0
1003025,Siêu giảm tốc khi chuyển mùa,,1,10.0,0
1004000,Cảnh giới thăm dò ấm dần,"Chịu ảnh hưởng của thức ăn, tăng khả năng chịu lạnh, hồi phục sức chịu đựng khi lạnh.",1,15.0,0
1004001,Thám Cảnh Hồi Noãn,"Chịu ảnh hưởng của thức ăn, khả năng chịu lạnh tăng lên, sức bền khi bị lạnh được hồi phục.",1,15.0,0
1004002,Thăm Cảnh Hồi Noãn,"Chịu ảnh hưởng của thức ăn, khả năng chịu lạnh tăng lên, sức chịu đựng trong giá lạnh được hồi phục.",1,15.0,0
1004003,Thám Cảnh Hồi Noãn,"Chịu ảnh hưởng của thức ăn, tăng khả năng chịu lạnh, hồi phục sức chịu đựng trong giá rét.",1,15.0,0
1004004,Lò sưởi thăm dò,"Chịu ảnh hưởng của lửa trại, khả năng chịu lạnh tăng lên, sức chịu lạnh hồi phục.",1,-1.0,0
1004005,Lò sưởi ấm thăm dò,"Chịu ảnh hưởng của lửa trại, khả năng chịu lạnh tăng lên, sức bền trong giá lạnh được hồi phục.",1,-1.0,0
1004011,Tiêu hao tài nguyên,Tiêu hao gỗ và khoáng thạch để chế tạo hàng rào nhọn giảm đi mỗi loại 1 đơn vị,1,-1.0,0
1004012,Máu công trình,Máu của hàng rào tăng 30%,1,-1.0,0
1004013,Chuẩn xác,Tốc độ tự mình giương cung tăng 20%,1,-1.0,0
1004014,Tiêu hao tài nguyên,Chế tạo thùng thuốc nổ tiêu hao mỗi loại gỗ và khoáng thạch ít đi 1 cái,1,-1.0,0
1004015,Tiêu hao tài nguyên,Chế tạo tên lửa tiêu hao ít hơn 1 gỗ và 1 khoáng thạch,1,-1.0,0
1004016,Liên Châu,Cung tiễn trúng yếu điểm tăng thêm 30% sát thương,1,-1.0,0
1005000,Hồi phục thể lực,,1,1.0,0
1005001,Hồi phục thể lực,,1,1.0,0
1005002,Lai Nghi Chi Nhạc · Ngũ,Quái vật #YThanh Hà#E có xác suất rơi hai món trang bị,1,-1.0,2
1005003,Tích Thiện Chi Nhạc · Nhị,Tăng số lượng Thông Bảo rơi ra từ quái vật Thanh Hà,1,-1.0,2
1005004,Đại Võ Chi Nhạc · Tam,Số lượng Thông Bảo nhận được khi khiêu chiến Thanh Hà Trấn Thủ tăng lên,1,-1.0,2
1005005,Đại Võ Chi Nhạc · Tứ,Thanh Hà Thủ Vệ · Khi nhận trang bị từ Thử thách có xác suất rơi thêm một món,1,-1.0,2
1005006,Niềm vui Linh Trưởng · Nhị,Số lượng Thông Bảo nhận được khi khiêu chiến tại Cứ Điểm Thanh Hà tăng,1,-1.0,2
1005007,Niềm vui Linh trưởng · Tam,Cứ điểm Thanh Hà · Thử thách nhận thêm một món Trang Bị ngẫu nhiên,1,-1.0,2
1005008,Niềm vui Hiển Nhân · Phần Hai,Tăng số lượng Đồng Bảo nhận được trong cảnh giới Hiệp Khách cấp 15-30 và Thí Kiếm (không bao gồm Thanh Trừ Cộng Lực),1,-1.0,2
1005009,Hiển Nhân Chi Nhạc · Tam,Tăng xác suất nhận thêm nhiều trang bị khi nhận trang bị trong cảnh giới Hiệp Khách cấp 15-30 và Thí Kiếm (không bao gồm Thanh Trừ Hiệp Lực),1,-1.0,2
1005010,Dịch dung,,1,-1.0,0
1005011,Đồng Bì Thiết Cốt,"Miễn nhiễm sát thương khi rơi từ trên cao (không miễn nhiễm trọng thương), mỗi 10 phút chỉ kích hoạt được một lần",1,9.0,0
1005012,Hồi phục thể lực,,1,1.0,0
1005017,,Quái vật Hà Tây rơi trang bị có xác suất rơi hai món,1,-1.0,2
1005018,,Số lượng tăng lên khi quái vật Hà Tây rơi thông bảo,1,-1.0,2
1005019,,Hà Tây trấn thủ · Tăng số lượng thông bảo nhận được từ khiêu chiến,1,-1.0,2
1005020,,Hà Tây trấn thủ · khiêu chiến nhận được trang bị thì xác suất rơi thêm một món,1,-1.0,2
1005021,,Hà Tây · Số lượng thông bảo nhận được từ khiêu chiến tăng lên,1,-1.0,2
1005022,,Hà Tây cứ điểm · Khiêu chiến nhận được trang bị thì xác suất rớt thêm một món,1,-1.0,2
1005023,,Tăng số lượng Thông Bảo nhận được trong Hiệp Cảnh và Thí Kiếm cấp 81 (không bao gồm hiệp lực thanh trừng),1,-1.0,2
1005024,,Khi nhận được trang bị trong Hiệp Cảnh cấp 81 trở lên và Thí Kiếm (không bao gồm hiệp lực thanh trừng) có xác suất rơi thêm nhiều món,1,-1.0,2
1006000,Định Thân,"Định thân, trong thời gian này mất khả năng nhận thức, nhận sát thương sẽ trở lại bình thường.",1,-1.0,0
1006001,Suy nhược,,1,-1.0,0
1006002,Chảy máu,"Do bị tấn công gây chảy máu, khí huyết dần hao tổn, duy trì 5 giây.",1,1.0,0
1006003,Hồi phục Khí Huyết,,1,0.4,0
1006004,Phù phép,,1,-1.0,0
1006005,Không thể chọn,,1,6.0,0
1006006,Tăng sát thương,,1,15.0,0
1006007,Không thể chọn,,1,-1.0,0
1006008,Đánh dấu,,1,-1.0,0
1006009,Hồi phục Khí Huyết,,1,0.4,0
1006010,Hồi phục Chân Khí,,1,0.4,0
1006011,Đóng băng,"Bị đóng băng, hồi phục sát thương trở lại bình thường.",1,6.0,0
1006012,Chim non,,1,-1.0,0
1006013,Hồi phục Khí Huyết,,1,0.4,0
1006014,Hồi phục Khí Huyết,,1,0.4,0
1006015,Giang Vô Lãng hồi máu,,1,0.4,0
1006016,Thể lực Giang Vô Lãng,,1,-1.0,0
1006017,Đánh bay kẻ địch,,1,-1.0,0
1006018,Con rắn lợi hại,,1,-1.0,0
1006019,Trọng lực,,1,2.0,0
1006020,Ý chí,"Tạo ra một lá chắn có thể hấp thụ sát thương khí huyết. Khi lá chắn chưa bị phá vỡ, miễn nhiễm với sát thương chân khí.",1,8.0,0
1006021,Vô địch,,1,-1.0,0
1006022,Giang Vô Lãng ngưng thần,,1,-1.0,0
1006023,Cường hóa,,1,-1.0,0
1006024,Sát thương kết liễu giảm,,1,-1.0,0
1006025,Cực độc,"Khi độc tính tích lũy đầy, sẽ liên tục nhận sát thương khí huyết và sát thương chân khí phụ trợ trong thời gian ngắn.",1,6.0,0
1006026,Đặc hóa chịu đòn,,1,-1.0,0
1006027,Cực độc,"Khi tích lũy độc tính đầy, sẽ nhận sát thương khí huyết và sát thương chân khí phụ trợ trong thời gian ngắn.",1,6.0,0
1006028,Đơn vị di động,,1,-1.0,0
1006029,Tăng cường kháng ngắt khi xoay người,,1,2.0,0
1006030,Chu Tà Cốt Lặc phẫn nộ,,1,-1.0,0
1006031,Bất tử (Miễn bị đánh ngắt),,1,-1.0,0
1006032,Hách khô,"Khi tích lũy khô cạn đầy, không thể chiến đấu, sử dụng thuốc có thể nhanh chóng giải trừ trạng thái bất thường.",1,60.0,0
1006033,Cường hóa,"Hạn Bạt nhận được cường hóa ngắn ngủi, tấn công càng thêm uy hiếp, mỗi lần trúng sẽ tích lũy giá trị khô héo cho mục tiêu.",1,30.0,0
1006034,Cuồng Hóa,"Vô Nhan bị Dược bí mật của Vô Ưu Bang khống chế, hành vi điên cuồng, đòn đánh kèm theo chảy máu, và trong một khoảng thời gian nhất định, chân khí sẽ dần hồi phục nếu không bị thương.",1,-1.0,0
1006035,Sử dụng Tiểu Hoa Đầu tập kích,,1,-1.0,0
1006036,Rắn lợi hại,,1,-1.0,0
1006037,Không thể khóa,,1,-1.0,0
1006038,Bá thể + bảo hộ chân khí,,1,-1.0,0
1006039,Đơn vị Hạn Bạt,,1,-1.0,0
1006040,Diệp Vạn Sơn chuyển giai đoạn khóa máu,,1,-1.0,0
1006041,Hạn Bạt ẩn trong lòng đất,,1,0.1,0
1006042,Rắn được triệu hồi,,1,-1.0,0
1006043,Bạch Lộc Trường Sinh,"Thiên Lộc triển lộ trường sinh chi lực, Khí Huyết tối đa tăng lên, và Chân Khí được bảo vệ, không dễ bị suy giảm.",1,-1.0,0
1006044,Thiên Lộc Tỏa Huyết,,1,-1.0,0
1006045,Hồi phục Khí Huyết,,1,0.4,0
1006046,Thiên Lộc Dễ Thương,,1,-1.0,0
1006047,Hủy bỏ từ trường,,1,7.5,0
1006048,Tấn công kèm tích lũy độc,,1,-1.0,0
1006049,Tăng giới hạn Khí Huyết Thiên Lộc,,1,-1.0,0
1006050,Chuyển giai đoạn bảo hộ,,1,3.0,0
1006051,Thiên Lộc suy yếu kéo dài,,1,1.0,0
1006052,Lực Đẩy,,1,18.5,0
1006053,Giai đoạn thường vũ nữ,,1,-1.0,0
1006054,Thiên Lộc hồi chân khí,,1,-1.0,0
1006055,Thiên Lộc Khí Huyết Lưu Thất,,1,1.5,0
1006056,Thiên Lộc Chân Khí hao tổn,,1,1.5,0
1006057,Choáng váng,,1,1.5,0
1006058,Chặn kỹ năng máu của người chơi,,1,-1.0,0
1006059,Cùng Cùng Sư · Trọng Chùy · Quá Tải,,1,-1.0,0
1006060,Đồ chơi trâu,,1,-1.0,0
1006061,Chân Khí Trì Hoãn Lưu Thất,,1,1.5,0
1006062,Đơn vị này là Mạnh Tế Xuyên,,1,-1.0,0
1006063,Lá chắn,"Sinh ra lá chắn có thể hấp thụ sát thương Khí Huyết hồi phục một phần Chân Khí. Khi lá chắn chưa bị phá vỡ, sát thương Chân Khí phải chịu giảm một nửa và ở trạng thái cường tráng và miễn khống.",1,20.0,0
1006064,Bá thể,,1,1.1,0
1006065,Túy Vũ Phong Hoa,"Người ta không biết người ở đâu, hoa đào vẫn cười gió xuân. Kiếm cơ Đào Diệp múa hoa theo tiếng trống kịch liệt, tấn công kèm theo hiệu ứng \""Phong Hoa Thực Cốt\"". Mục tiêu bị đánh trúng như rơi vào Túy Hoa Hương, giới hạn Khí Huyết giảm.",1,-1.0,0
1006066,Phong Hoa Thực Cốt,Mỗi tầng giới hạn Khí Huyết giảm 2%. Sử dụng Tẩy Thế có thể giảm số tầng tích lũy.,25,90.0,0
1006067,Dấu hiệu hiệu ứng đặc biệt trạng thái thường của vũ nữ,,1,-1.0,0
1006068,Vũ nữ hồi chân khí,,1,4.0,0
1006069,Nữ vũ công khóa máu 60%,,1,-1.0,0
1006070,Mắng chửi một thời gian thì đừng có khen nữa.,,1,12.0,0
1007001,Miễn tử,,1,-1.0,0
1007002,Biến trang,,1,-1.0,0
1007003,Biến thân,,1,-1.0,0
1007004,Biến thân thích khách,,1,-1.0,0
1007005,Biến trang,,1,-1.0,0
1008001,Định Thân,"Định thân, trong thời gian này mất khả năng cảm nhận, nhận sát thương sẽ hồi phục bình thường",1,-1.0,0
1008002,Định Thân,"Định thân, trong thời gian này mất khả năng nhận thức, nhận sát thương sẽ trở lại bình thường",1,-1.0,0
1008003,Định Thân,"Định thân, trong thời gian này mất khả năng cảm nhận, nhận sát thương sẽ hồi phục bình thường",1,-1.0,0
1008004,Định Thân,"Định thân, trong thời gian này mất khả năng cảm nhận, nhận sát thương sẽ trở lại bình thường",1,-1.0,0
1008005,Định Thân,"Định thân, trong thời gian này mất khả năng nhận biết, chịu sát thương sẽ hồi phục bình thường",1,-1.0,0
1008006,Định Thân,"Định thân, trong thời gian này mất khả năng cảm nhận, nhận sát thương sẽ hồi phục bình thường",1,-1.0,0
1008007,Định Thân,"Định thân, trong thời gian này mất khả năng nhận thức, chịu sát thương sẽ khôi phục bình thường",1,-1.0,0
1008008,Định Thân,"Định thân, trong thời gian này mất khả năng nhận thức, nhận sát thương sẽ hồi phục bình thường",1,-1.0,0
1008009,Định Thân,"Định thân, trong thời gian đó mất khả năng nhận thức, nhận sát thương sẽ trở lại bình thường",1,-1.0,0
1008010,Định Thân,"Định thân, trong thời gian này mất khả năng cảm nhận, nhận sát thương sẽ khôi phục bình thường",1,-1.0,0
1008011,Định Thân,"Định thân, trong thời gian này mất khả năng nhận thức, nhận sát thương sẽ trở lại bình thường",1,-1.0,0
1008012,Định Thân,"Định thân, trong thời gian này mất khả năng nhận thức, nhận sát thương sẽ hồi phục bình thường",1,-1.0,0
1008013,Định Thân,"Định thân, trong thời gian này mất khả năng nhận thức, nhận sát thương sẽ khôi phục bình thường",1,-1.0,0
1009000,Không buồn không vui,"Đột nhiên rơi vào trạng thái tứ đại giai không\"", nhân sinh không còn vướng bận.\""",1,60.0,0
1009001,Mùi hôi thối xộc lên,"Mùi hôi nồng nặc, gây tấn công tinh thần, mỗi giây giảm sinh lực.",1,60.0,0
1009002,Hồi phục sinh lực,"Trong 3 giây tiếp theo, hồi phục 600 điểm khí huyết mỗi giây",1,1.0,0
1009003,Đại Ngỗng Bất Tử,Miễn nhiễm với đòn tấn công yếu,1,60.0,0
1009004,Bất bại,,1,-1.0,0
1009005,Cờ Hiệu,,1,-1.0,0
1010000,Mặt nạ Nô,,1,-1.0,0
1010001,Định Thân,"Định Thân, trong thời gian này mất khả năng nhận thức, chịu sát thương sẽ khôi phục bình thường",1,-1.0,0
1010002,Cùng múa với người ở Phàn Lâu,,1,-1.0,0
1010003,Vò rượu Ly Nhân Lệ cuối cùng đang treo,,1,-1.0,0
1010004,Đồng hành,Tốc độ di chuyển giảm 75%,1,-1.0,0
1010005,Mang Sinh Kim Âu,,1,-1.0,0
1010006,Đồng hành,Tốc độ di chuyển giảm 70%,1,-1.0,0
1010007,Ma bố đại,"Túi vải bố, một giấc mộng lớn.",1,-1.0,0
1010008,Túi bố,Túi vải bố mộng lớn một hồi,1,-1.0,0
1010009,Đồng hành,Tốc độ di chuyển giảm 75%,1,-1.0,0
1010010,Bàn hành,Tốc độ di chuyển giảm 35%,1,-1.0,0
1010011,Bạn đồng hành,Giảm tốc độ di chuyển 15%,1,-1.0,0
1010012,Bạn đồng hành,Tốc độ di chuyển giảm 60%,1,-1.0,0
1010013,Bạn hành,Tốc độ di chuyển giảm 45%,1,-1.0,0
1020000,Mở khóa,"Định thân, trong thời gian này mất khả năng nhận thức, nhận sát thương sẽ khôi phục bình thường",1,-1.0,0
1020001,Huyễn Cảnh,Tốc độ di chuyển giảm 58%,1,-1.0,0
1020002,Không thể điểm huyệt,"Đang trong cuộc tranh đoạt Tước Thần, không thể bị điểm huyệt",1,-1.0,0
1020003,Hút tiền,,1,10.0,0
1020010,Ấm áp,"Ánh lửa ấm áp, xua tan giá lạnh, cô bé nhìn thấy bà, còn ngươi thì nhìn thấy ai.",10,-1.0,0
1020011,Lạnh,"Gió lớn thổi, tuyết lớn rơi, đâu là quê hương của ta.",1,-1.0,0
1020012,Ngưng Thần · Tăng Độ Bền,"Sau khi đốt hương tĩnh tâm ngưng thần, giới hạn độ bền tăng 20 điểm, tiêu hao độ bền giảm 50%.",1,900.0,0
1021000,Tiêu hao tinh nguyên giảm,Tinh Nguyên tiêu hao giảm xuống 100%,1,30.0,0
1021001,Tình trạng tiêu cực dùng võ trị tâm,Tốc độ thu được tinh nguyên giảm xuống,1,300.0,0
1021002,Tiêu hao Tinh Nguyên giảm,Tinh nguyên tiêu hao giảm 100%,1,30.0,0
1021003,Kích Thế,Gây sát thương tăng thêm,1,300.0,0
1021004,Tăng giới hạn máu,,1,-1.0,0
1030000,Thảo Bang áo nâu,,1,-1.0,0
1030001,Định Thân,"Bị định thân, không thể di chuyển hoặc sử dụng phần lớn kỹ năng",1,-1.0,0
1030002,Định Thân,"Bị định thân, không thể di chuyển hoặc sử dụng hầu hết kỹ năng",1,-1.0,0
1030003,Định Thân,"Bị định thân, không thể di chuyển hoặc sử dụng hầu hết kỹ năng",1,-1.0,0
1030004,Định Thân,"Bị định thân, không thể di chuyển hoặc thi triển hầu hết kỹ năng",1,-1.0,0
1030005,Định Thân,"Bị định thân, không thể di chuyển hoặc sử dụng hầu hết kỹ năng",1,-1.0,0
1030006,Định Thân,"Bị định thân, không thể di chuyển hoặc sử dụng hầu hết kỹ năng",1,-1.0,0
1030007,Miễn dịch bệnh tật,,1,-1.0,0
1030053,Phù ma: Độc,,1,-1.0,0
1040000,Nguyên liệu tắm: Linh Hương Tử,"Hoa tháng Bảy, sinh ra ở thung lũng núi Linh Lăng, hương thơm ngào ngạt, nghiền thành bột, ngâm nước rửa mặt, làm da thơm tho. Có thể tăng tốc độ ngâm mình trong bồn tắm.",1,60.0,0
1040001,Nguyên liệu tắm: Hổ phách quang,"Giã nát hạt gai dầu, dầu gạo, hoa cúc dại, tầm gửi... thật nhuyễn, ngâm trong nước vo gạo, lọc bỏ cặn rồi gội đầu, tránh gió để dưỡng ẩm. Có thể tăng tốc độ ngâm mình trong bồn tắm.",1,60.0,0
1040002,Nguyên liệu tắm: Tuyết Tuế Hàn,"Chủ yếu dùng Phèn chua, phụ trợ bằng Bạch Chỉ, Bạch Phục Linh, Bạch Phụ Tử, Bạch Đàn Hương, có thể làm mịn da, đẹp dung nhan. Có thể tăng tốc độ ngâm mình trong bồn tắm.",1,60.0,0
1040003,Nguyên liệu tắm: Dăm liễu ngọc,"Mạt gỗ liễu, có thể dùng làm nước tắm, chủ trị phong ngứa, mề đay, có hiệu quả lớn. Có thể tăng tốc độ ngâm mình trong bồn tắm.",1,60.0,0
1040004,Nguyên liệu tắm: Bạch Hạc Khô Ngâm,"Xương cò trắng, có chút độc, giết cây cối, làm rụng tóc người. Ngâm một chút vào nước tắm, tóc sẽ rụng hết, nhưng sẽ không mọc lại. Tuy nhiên, dù bị trọc đầu, tóc sẽ mọc lại khỏe hơn. Có thể tăng tốc độ ngâm mình trong bồn tắm.",1,60.0,0
1040005,Y phục tắm,,1,-1.0,0
1040006,Y phục tắm,,1,-1.0,0
1040007,Y phục tắm,,1,-1.0,0
1040008,Y Phục Tắm,,1,-1.0,0
1040013,Thanh sảng · Hồi phục khí huyết,"Tắm rửa sảng khoái, cảm thấy cơ thể nhẹ nhàng, khôi phục một lượng Khí Huyết nhất định.",1,10.0,0
1040014,Ý cảnh · Tăng cường Khí Huyết,"Tắm đến khi vừa ý, cảm thấy gân cốt mạnh mẽ, tăng nhẹ giới hạn tối đa Khí Huyết.",1,1800.0,0
1040015,Lạc quan · Chữa bệnh,"Tắm suối nước nóng đạt đến cảnh giới, cảm thấy thông suốt sảng khoái, chữa khỏi một số bệnh tật.",1,10.0,0
1040021,,Chỉ số Thể Chất tăng 5%,1,3600.0,2
1040022,,Kinh mạch tăng 5%,1,3600.0,2
1040023,,Nội tạng tăng 5%,1,3600.0,2
1040024,,Chỉ số Tỉnh Táo tăng 5%,1,3600.0,2
1040025,Lửa sáng xua lạnh,"Ánh lửa rực rỡ chiếu rọi, hàn độc khó lòng xâm nhập.",10,-1.0,0
1040026,"Độc tố Sinh ra buổi sáng, tàn lụi buổi tối","Sáng sinh chiều tàn, hàn độc xâm thân, mau tìm chỗ có lò lửa sáng để giải cái lạnh thấu xương.",1,-1.0,0
1040027,Thiếp Lạnh Sương Rừng Sương Mù,"Thuốc được điều chế từ nghiên cứu của ba bên, có thể ức chế sự lan rộng của hàn độc trong cơ thể.",10,-1.0,0
1040028,Tào Nữ Nương,Tào Nữ Nương đại mộng một hồi,1,-1.0,0
1050001,Hình dáng ngựa,Ngươi là một con ngựa (Tạm đặt),1,-1.0,0
1050002,Che mặt,,1,-1.0,0
1050003,Che mặt,,1,-1.0,0
1050004,Hồi máu,,1,1.0,0
1050005,Bền bỉ,,1,-1.0,0
1050006,Miễn tử,,1,-1.0,0
1050007,Tẩu hỏa nhập ma,,1,2.0,0
1050008,Tẩu hỏa nhập ma,,1,2.0,0
1050009,Tẩu hỏa nhập ma,,1,2.0,0
1050010,Mắc bệnh,"Bị ảnh hưởng bởi dịch bệnh không rõ nguyên nhân, tốc độ di chuyển giảm 45%",1,-1.0,0
1050011,Bất khả chiến bại,,1,-1.0,0
1050012,Không thể chọn,,1,-1.0,0
1050013,Hà Tây tuyến chính · An Lưu Ly (nữ),Một giấc mộng lớn,1,-1.0,0
1050014,Nguồn bức xạ,,1,1.0,0
1051000,Giá trị khinh công vô hạn,,1,-1.0,0
1051001,Lễ Nghi Ngũ,Quái vật ở Khai Phong có xác suất rơi ra hai món trang bị khi bị tiêu diệt,1,-1.0,2
1051002,Tích Thiện Chi Nhạc · Nhị,Tăng số lượng Đồng Bảo rơi ra từ quái vật Khai Phong,1,-1.0,2
1051003,Đại Võ Chi Nhạc · Tam,Số lượng Thông Bảo nhận được khi làm mới nhiệm vụ trấn thủ Khai Phong đơn người tăng,1,-1.0,2
1051004,Đại Võ Chi Nhạc · Tứ,"Khi tham gia phó bản Trấn Thủ Khai Phong đơn người và nhận trang bị, có xác suất rơi thêm một món.",1,-1.0,2
1051005,Niềm vui Linh Trưởng · Phần Hai,Số lượng Thông Bảo nhận được khi làm mới cứ điểm Khai Phong tăng lên,1,-1.0,2
1051006,Niềm vui Linh trưởng · Tam,"Khi làm mới cứ điểm Khai Phong, có xác suất nhận thêm một trang bị rơi ra.",1,-1.0,2
1051007,Hiển Nhân Chi Nhạc · Nhị,Số lượng Thông Bảo nhận được khi làm mới lại nhiệm vụ #Cùng Nhau Du Ngoạn · Trấn Thủ# tại Khai Phong tăng lên,1,-1.0,2
1051008,Hiển Nhân Chi Nhạc · Tam,"Khi Trấn Thủ Cùng Nhau Du Ngoạn tại Khai Phong và làm mới lại để nhận trang bị, có xác suất rơi thêm một món",1,-1.0,2
1051009,Chậm chạp,"Địa hình bùn lầy khiến hành động chậm chạp, tốc độ di chuyển giảm",10,-1.0,0
1052001,Tăng tốc bay,Tốc độ bay tăng 25%,1,2.0,0
1053000,Dịch dung,,1,-1.0,0
1053001,Dịch dung,,1,-1.0,0
1053002,Định Thân,"Định thân, trong thời gian này mất khả năng cảm nhận, nhận sát thương sẽ trở lại bình thường",1,-1.0,0
1053003,Định Thân,"Định thân, trong thời gian này mất khả năng nhận thức, nhận sát thương sẽ trở lại bình thường",1,-1.0,0
1053004,Định Thân,"Định thân, trong thời gian này mất khả năng nhận thức, nhận sát thương sẽ hồi phục bình thường",1,-1.0,0
1053005,Định Thân,"Định thân, trong thời gian này mất khả năng nhận thức, nhận sát thương sẽ hồi phục bình thường",1,-1.0,0
1053008,Hóa Đá,,1,-1.0,0
1053010,Kiếm,,1,-1.0,0
1053011,Thiêu Đốt,"Trên người đang bốc cháy, liên tục mất máu",60,-1.0,0
1053012,Miễn nhiễm sát thương,Hỏa Kiếm cung cấp cho Tiểu Thập Thất khả năng giảm 100% sát thương,1,-1.0,0
1053013,Đại Kiếm · Xuất sinh,,1,8.0,0
1053014,Cự Kiếm · Thường Trú,,1,-1.0,0
1053015,Giai đoạn hai,,1,-1.0,0
1053016,Giai đoạn hai,,1,-1.0,0
1053017,Tăng sát thương,Nhận được 2 lần tăng sát thương,1,-1.0,0
1053018,Tăng sát thương,Nhận được tăng thương gấp 4 lần,1,-1.0,0
1053019,Tăng thương,Nhận được tăng thương gấp 8 lần,1,-1.0,0
1053020,Đại Kiếm · Hiệu ứng đặc biệt,,1,-1.0,0
1053021,Kiếm Mảnh · Hiệu ứng đặc biệt,,1,-1.0,0
1053022,Tăng sát thương,Ngọn lửa ban cho Tiểu Thập Thất 50% tăng thương,1,3.0,0
1053023,Tăng sát thương,Nhận được tăng sát thương gấp 2 lần,1,10.5,0
1053024,Tăng sát thương,Nhận được tăng sát thương gấp 4 lần,1,10.5,0
1053025,Tăng sát thương,Nhận được 8 lần tăng sát thương,1,10.5,0
1053026,Tăng sát thương,Nhận được tăng sát thương gấp 16 lần,1,10.5,0
1053027,Tăng sát thương,"Tiểu Thập Thất rơi vào trạng thái cuồng bạo, ra đòn tất sát với tất cả mọi người",1,10.5,0
1053028,Tăng sát thương,"Tiểu Thập Thất lâm vào cuồng bạo, đối với tất cả mọi người đều là nhất kích tất sát",1,10.5,0
1053029,Cửu Kiếm Tích Tụ · Xuyên qua boss nhiều người,,1,10.0,0
1053030,Bất Khả Đả Đoạn,,1,-1.0,0
1053031,Tăng sát thương,"Tiểu Thập Thất cộng hưởng với Cự Kiếm, sát thương gây ra và sát thương nhận vào đều tăng 20%",1,3.0,0
1053032,Biến thành người giấy,,1,-1.0,0
1053033,Biến thành người giấy,,1,-1.0,0
1053034,Làm mù,,1,8.0,0
1053035,Biến thành mô hình trống,,1,8.0,0
1053036,Chạy al,,1,-1.0,0
1053037,Chọn,,1,-1.0,0
1053038,Chọn 2,,1,-1.0,0
1053039,Ẩn thân,,1,-1.0,0
1053040,Hủy bỏ Từ Trường,,1,,0
1053041,Vào kiệu,,1,60.0,0
1053042,Bị đánh khi đang ở trong kiệu,,1,,0
1053043,Kiệu ẩn thân,,1,,0
1053044,Kích hoạt Kiệu,,1,,0
1053045,Chọn,,1,-1.0,0
1053046,Chọn,,1,-1.0,0
1053047,Chọn,,1,-1.0,0
1053048,Kiệu dừng,,1,-1.0,0
1053049,Giảm sát thương,,1,-1.0,0
1053050,Phát sáng,,1,-1.0,0
1053051,Bất khả chiến bại,,1,-1.0,0
1053052,Tàng hình vô địch,,1,-1.0,0
1053053,Tắt từ trường,,1,-1.0,0
1053054,Vô địch,,1,-1.0,0
1053055,Chọn,,1,-1.0,0
1053056,Đặt lại tài nguyên lối chơi,,1,-1.0,0
1053057,Khiêng kiệu,,1,-1.0,0
1053058,Kiệu miễn tử,,1,-1.0,0
1053059,Bất tử,,1,-1.0,0
1053060,Hồi phục sinh lực,,1,1.0,0
1053061,Dịch chuyển,,1,2.0,0
1053062,Phá hủy,,1,2.0,0
1053063,Tăng sát thương,,1,-1.0,0
1053064,Hoa,,1,-1.0,0
1053065,Tăng sát thương,,1,5.0,0
1053066,Tăng sát thương,,1,5.0,0
1053067,Tăng sát thương,,1,5.0,0
1053068,Tăng sát thương,,1,5.0,0
1053069,Tăng sát thương,,1,5.0,0
1053070,Tăng sát thương,,1,30.0,0
1053071,Trừ máu,,1,1.0,0
1053072,Vật lý,,1,-1.0,0
1053073,Biến mất,,1,3.0,0
1053074,Giảm sát thương,,1,-1.0,0
1053075,Hư nhược,Giảm 50% sát thương gây ra,1,15.0,0
1053076,Giảm sát thương,,1,-1.0,0
1053077,Giảm sát thương,,1,-1.0,0
1053078,Chọn 3,,1,-1.0,0
1053079,Chọn 4,,1,-1.0,0
1053080,Miễn khí kiệt,,1,-1.0,0
1053081,Cấm tương tác,,1,10.0,0
1053082,Thuần biểu hiện,,1,-1.0,0
1053083,Vô Địch,,1,3600.0,0
1053084,Biến lớn,,1,3600.0,0
1053085,Biến lớn,,1,3600.0,0
1053086,Đánh địa thử,,1,3600.0,0
1053087,Gây Mù,"Rơi vào bóng tối, tầm nhìn giảm mạnh",1,8.0,0
1053088,Biểu hiện thuần túy,,1,3600.0,0
1053089,Khóa 70% máu,,1,3600.0,0
1053090,Khóa 40% máu,,1,3600.0,0
1053091,Hậu trường,,1,3600.0,0
1053092,Khóa 60% máu,,1,3600.0,0
1053093,Khóa 30% máu,,1,3600.0,0
1053094,Trừ 30% Khí Huyết,,1,1.0,0
1053095,Khấu 20% Khí Huyết,,1,1.0,0
1053096,Trừ 10% Khí Huyết,,1,1.0,0
1053097,Mục tiêu cừu hận Tiểu Phúc,,1,3600.0,0
1053098,Mục tiêu cừu hận Tiểu Lộc,,1,3600.0,0
1053099,Mục tiêu cừu hận Tiểu Thọ,,1,3600.0,0
1053100,Khấu quang trói buộc,,1,1.0,0
1053101,Giảm thương,,2,3600.0,0
1053102,Vũ khí ẩn giấu,,1,3600.0,0
1053103,Bắt đầu Thái Cực,,1,3600.0,0
1053104,Mục tiêu Thái Cực,,1,3600.0,0
1053105,Hợp Thể Ký Phán,,1,3600.0,0
1053106,Biến lớn,,1,3600.0,0
1053107,Biến lớn,,1,3600.0,0
1053108,Biến lớn,,1,3600.0,0
1053109,Biến lớn,,1,3600.0,0
1053110,Biến lớn,,1,3600.0,0
1053111,Chảy máu,"Vết thương bị xé rách, liên tục chịu sát thương.",1,10.0,0
1053112,Biểu hiện thuần túy,,1,3600.0,0
1053113,Thuần biểu hiện,,1,3600.0,0
1053114,Biểu hiện thuần túy,,1,3600.0,0
1053115,Đếm ngược,,1,3600.0,0
1053116,Chỉ thị khí,,1,3600.0,0
1053117,Chỉ thị khí,,1,3600.0,0
1053118,Điểm Danh,,1,10.0,0
1053119,Điểm danh,,1,10.0,0
1053120,Điểm danh,,1,10.0,0
1053121,Choáng váng ui,,1,3600.0,0
1053122,Ngủ ui,,1,30.1,0
1053123,Nổ al,,1,3600.0,0
1053124,Choáng váng ui,,1,3600.0,0
1053125,Chỉ thị,,1,3600.0,0
1053126,Miễn dịch Thái Cực,,1,5.0,0
1053127,Khôi phục chế độ bảng tên,,1,10.0,0
1053128,Phục hồi chế độ bảng tên,,1,10.0,0
1053129,Đánh dấu cường hóa ràng buộc,,1,3600.0,0
1053130,Ràng buộc tạm dừng tăng trưởng,,1,3600.0,0
1053131,Tăng thương,,3,3600.0,0
1053132,Giảm thương,Giảm thương 50%.,1,3600.0,0
1053133,Phá hủy,,1,2.0,0
1053134,Hắc yên bao vây,,1,3600.0,0
1053135,Vây quanh khói đen,,1,3600.0,0
1053136,Điểm danh,,1,10.0,0
1053137,Hủy bỏ hiệu ứng liên kết,,1,3600.0,0
1053138,Hủy bỏ từ trường,,1,3600.0,0
1053139,Chuột chuột nổ tung đánh dấu giọng nói,,1,1.0,0
1053140,"Gia cường bằng tia laser, đánh dấu bằng giọng nói",,1,1.0,0
1053141,Thiên phú · Dấu ấn Đạo Chủ,,1,3600.0,0
1053142,Tia laser đánh trúng Đại Đạo Chủ,,1,2.0,0
1053143,Đánh dấu thực thể hậu trường trống,,1,3600.0,0
1053144,Hoãn khấu trói buộc,,1,100.0,0
1053145,Khóa Chân Khí,,1,3600.0,0
1053146,Tăng thương,,1,3600.0,0
1053147,Tăng thương,,1,3600.0,0
1053148,Biểu hiện thuần túy,,1,3600.0,0
1053149,Biểu hiện thuần túy,,1,3600.0,0
1053150,Biểu hiện thuần túy,,1,3600.0,0
1053151,Dấu ấn Khóa Huyết Đạo Chủ,,1,3600.0,0
1053152,Đa nhân đạo chủ · tiểu thọ điểm danh,,1,3600.0,0
1053153,Hợp thể Đạo Chủ đánh dấu,,1,3600.0,0
1053154,Không thể chọn không thể lock hủy bỏ từ trường,,1,3600.0,0
1053155,Tăng 30 điểm ràng buộc,,1,1.0,0
1053156,Tăng 60 điểm ràng buộc,,1,1.0,0
1053157,Tăng thương 50%,,1,3600.0,0
1053158,Tăng thương -50%,,1,3600.0,0
1053159,Tăng thương 300%,,1,3600.0,0
1053160,Giảm thương 80%,,1,3600.0,0
1053161,Vô địch,,1,-1.0,0
1053162,Khóa chân khí,,1,3600.0,0
1053163,Kiểm tra dấu vết theo dõi,,1,3600.0,0
1053164,Biến lang,,1,7.0,0
1053165,Chảy máu,"Vết thương bị xé rách, liên tục chịu sát thương.",1,5.5,0
1053166,Dấu ấn dễ bị thương,,1,30.0,0
1053167,Trì hoãn biến sói,,1,10.0,0
1053168,Gãy xương,"Gãy xương, mất khả năng chạy nước rút, né tránh và nhảy",1,40.0,0
1053169,Hồi máu,,1,1.0,0
1053170,Số tầng phi tiêu,,20,3600.0,0
1053171,Miễn dịch,Tạm thời miễn dịch hóa lang,1,5.0,0
1053172,Đánh dấu ngã xuống,,1,4.0,0
1053173,Miễn tử,,1,-1.0,0
1053174,Miễn dịch biến Lang,,1,-1.0,0
1053175,Ai đánh dấu,,1,-1.0,0
1053176,Hồi máu 1,,1,3.0,0
1053177,Miễn Dịch Phi Tiêu Sát Thương,,1,5.0,0
1053178,Miễn khí kiệt,,1,60.0,0
1053179,Vô Địch,,1,60.0,0
1053180,Nổ tung sương máu tại chỗ,,1,1.0,0
1053181,Miễn dịch biến thành sói,,1,10.0,0
1053182,Số tầng phi tiêu 1,,15,25.0,0
1053183,"Hô —— Nguy hiểm! Nguy hiểm!…… Ê? Hiệp khách, là ngươi! Ngươi còn sống!",,1,25.0,0
1053184,Số tầng phi tiêu 3,,1,25.0,0
1053185,Hồi Huyết 2,,1,3.0,0
1053186,Hồi máu 3,,1,3.0,0
1053187,Trèo cây,,1,60.0,0
1053188,Giảm thương,,3,3600.0,0
1053189,Miễn dịch thuộc tính giảm thương,,1,3600.0,0
1053190,Hồi máu,,1,1.0,0
1053191,Ngưu Đầu Nhân miễn tử,,1,-1.0,0
1053192,Kinh Cức đánh dấu,,1,3600.0,0
1053193,Kinh Cức Chiên Nhiệt,,1,3600.0,0
1053194,Thuyền Cứu Mạng,,1,-1.0,0
1053195,Vận hành al,,1,3.0,0
1053196,Đánh dấu thuyền trên cây,,1,3600.0,0
1053197,Đánh dấu mảnh vỡ,,1,3600.0,0
1053198,Da đỏ đèn lồng ánh trăng,,1,3600.0,0
1053199,Da màu tối,,1,3600.0,0
1053200,Gợi ý vòng gai,,1,3600.0,0
1053202,Đánh dấu rương báu,,1,3600.0,0
1053203,Bùa lợi chân bốc lửa · trái trước,,1,60.0,0
1053204,Buff chân bốc lửa · trái sau,,1,60.0,0
1053205,Chân trúng hỏa buff-phải trước,,1,60.0,0
1053206,Hiệu ứng Bốc Hỏa · Sau Phải,,1,60.0,0
1053207,Hấp dẫn,Người chơi liên tục bị lực hấp dẫn cực cao kéo,1,3600.0,0
1053208,Duẫn hứa giao hỗ nguyệt lượng 1,,1,3600.0,0
1053209,Cho phép tương tác trăng 2,,1,3600.0,0
1053210,Cho phép tương tác mặt trăng 3,,1,3600.0,0
1053211,Gia tăng sát thương lửa,,1,3600.0,0
1053212,Hỏa diễm gia thương,,1,3600.0,0
1053213,Gia tăng sát thương hỏa diễm,,1,3600.0,0
1053214,Tăng Sát thương Hỏa Diễm,,1,3600.0,0
1053215,Dấu hiệu thuyền cây,,1,3600.0,0
1053216,Ký hiệu Ngưu Đầu Nhân khổng lồ,,1,3600.0,0
1053217,Bị ám sát,,1,3600.0,0
1053218,Miễn ám sát,,1,3600.0,0
1053219,Trừ 40% máu,,1,1.0,0
1053220,Ngưu Đầu Nhân bị mắc kẹt đánh dấu,,1,3600.0,0
1053221,Cường Lực Xạ Kích,,1,3600.0,0
1053222,Tầng cát độc,,60,3600.0,0
1053223,Giảm số tầng độc tố,,1,3600.0,0
1053224,Giảm sát thương thuyền cây,Nguyệt Thực Mê Dịch Chu nhận giảm thương,8,3600.0,0
1053226,Vô địch,,1,-1.0,0
1053227,Bùa chân bốc lửa · Tứ chi,,1,30.0,0
1053230,Hậu trường,,1,5.0,0
1053231,Ngưu đầu nhân khổng lồ vô địch,,1,3600.0,0
1053232,Ngưu đầu nhân boss vật lý,,1,3600.0,0
1053233,Hậu trường,,1,3600.0,0
1053235,Chia sẻ lượng máu,,1,-1.0,0
1053236,Ám sát khấu 30% máu,,1,1.0,0
1053237,Khai pháo trừ 20% Khí Huyết,,1,1.0,0
1053238,Bắn tên khấu trừ 100% máu,,1,1.0,0
1053239,Thuyền cây miễn tử,,1,-1.0,0
1053240,Số rương báu đã tương tác,,3,-1.0,0
1053241,Nhược Lực Xạ Kích,,1,3600.0,0
1053242,Ngưu Đầu Nhân đập thuyền,,1,1.0,0
1053243,Điểu nhân phun thuyền,,1,1.0,0
1053244,Trâu đầu người lớn đánh thuyền,,1,1.0,0
1053245,Hồi máu,,1,1.0,0
1053246,Tăng sát thương,Hoạch đắc 2 lần tăng thương,1,-1.0,0
1053247,Bắn tên khấu trừ 10% máu,,1,1.0,0
1053248,Khóa Chân Khí,,1,3600.0,0
1053249,Thanh máu Ngưu Đầu Nhân,,1,20.0,0
1053250,Tăng sát thương,,1,30.0,0
1053251,Tăng thương,,1,30.0,0
1053252,Tăng thương,,1,3600.0,0
1053253,Khấu 1% máu,,1,1.0,0
1053254,Trừ 1% máu,,1,1.0,0
1053255,Trừ 7% máu,,1,1.0,0
1053256,Dấu hiệu con bò nhỏ,,1,3600.0,0
1053257,Bắn boss thay thế,,1,3600.0,0
1053258,Khóa chân khí,,1,3600.0,0
1054000,Giảm tiêu hao điểm khinh công,,1,300.0,0
1055000,Bất Hoại Thân Lv2,,1,-1.0,0
1055001,Bất Hoại Kim Thân Lv3,,1,-1.0,0
1055002,Say rượu,,1,-1.0,0
1055003,Cấm bị khóa,,1,-1.0,0
1055004,Khởi Thế,"Sau khi Giải Thế thành công, sát thương sinh lực gây ra trong thời gian ngắn tăng 2%, tối đa cộng dồn 10 tầng.",10,5.0,0
1055005,Say xỉn,,2,-1.0,0
1055006,Khóa máu 59.9,,1,-1.0,0
1055007,Hiệu chỉnh sát thương Lửa,,1,-1.0,0
1056000,Cường công,"Khiến toàn đội ta gây sát thương tăng 10%, duy trì 5 giây",1,15.0,0
1056001,Bảo vệ thành,Khiến cho hàng rào người và Đại Ngỗng phe ta không bị thương trong 20 giây,1,20.0,0
1056002,Hành quân cấp tốc,"Tăng 100% tốc độ di chuyển khi phe ta khiêng cây phát tài, duy trì 10 giây.",1,10.0,0
1056003,Nhìn cái gì?,"Khiến toàn bộ đồng đội nhận thêm 100% sát thương lên Bích Nhân Thuật, kéo dài 10 giây",1,10.0,0
1056004,Nhổ lông,"Tăng sát thương gây ra lên toàn đội lên Đại Nga thêm 100%, duy trì 10 giây",1,10.0,0
1056005,Cường công,"Thành viên phe thắng trận trong 5 phút tiếp theo, sát thương lên tháp phòng ngự tăng 20% (cộng dồn với tinh thần, kỹ năng chỉ huy)",1,300.0,0
1056006,Kiên Nhẫn,Trụ phòng ngự của phe thắng sẽ được tăng phòng ngự 20% trong 5 phút tiếp theo,1,300.0,0
1056007,Kim Thân Phá Toái · Thượng,"Sát thương nhận vào tăng 50%, sát thương gây ra giảm 25%",1,3600.0,0
1056008,Kim Thân Phá Toái · Trung,"Sát thương nhận vào tăng 50%, sát thương gây ra giảm 25%",1,3600.0,0
1056009,Kim Thân Phá Toái · Hạ,"Sát thương nhận vào tăng 50%, sát thương gây ra giảm 25%",1,3600.0,0
1056010,Bất khả chiến bại,,1,3600.0,0
1056011,Bất Khả Động,"Tường đồng vách sắt, rào chắn vạn vật, miễn nhiễm bị đánh ngưng trệ",1,3600.0,0
1056012,Tăng 8% tấn công,Tăng 8% tấn công,1,120.0,0
1056013,Tăng 8% tấn công; Tăng 12% phòng ngự,Tăng 8% tấn công; Tăng 12% phòng ngự,1,120.0,0
1056014,Tăng 20% tấn công; Tăng 12% phòng ngự,Tăng 20% tấn công; Tăng 12% phòng ngự,1,120.0,0
1056015,Tăng 20% Tấn công; Tăng 12% phòng ngự; Tăng 15% khí huyết,Tăng 20% tấn công; Tăng 12% phòng ngự; Tăng 15% khí huyết,1,120.0,0
1056016,Tăng 20% tấn công; Tăng 12% phòng ngự; Tăng 15% khí huyết; Tăng 15% sát thương gây ra,Tấn công tăng 20%; Phòng thủ tăng 12%; Khí huyết tăng 15%; Sát thương gây ra tăng 15%,1,120.0,0
1056017,Bất Khả Đánh Ngã (Bá Thể),"Tường đồng vách sắt, rào chắn trăm nghề, miễn nhiễm cứng đờ khi bị đánh",1,3600.0,0
1056018,Phá phủ trầm chu,"Trong 1 phút, thời gian hồi sinh của toàn đội ta giảm 50%, và trong 2 phút tiếp theo, thời gian hồi sinh tăng 25%.",1,60.0,0
1056019,Tử Cấm Chi Đỉnh,"Trong 5 phút, sát thương lên tường người địch tăng 20%, phòng ngự tường người phe ta tăng 20%, thời gian hồi sinh toàn đội giảm 30%",1,300.0,0
1056020,Cường Công LV1,"Khi ở gần tường người địch, gần Đại Nga, hoặc gần Cây Phát Tài đang được phe ta vận chuyển, gây sát thương tăng 8%",1,10.0,0
1056021,Cường công LV2,"Khi gây sát thương gần tường người địch, gần Đại Nga, hoặc gần Cây Phát Tài đang được phe ta vận chuyển, sát thương tăng 12%",1,10.0,0
1056022,Cường công LV3,"Khi ở gần tường người địch, Đại Nga, hoặc gần Cây Phát Tài đang được phe ta vận chuyển, gây sát thương tăng 16%",1,10.0,0
1056023,Cường công LV4,"Khi ở gần hàng rào địch, Đại Nga, hoặc gần Cây Phát Tài đang được phe ta vận chuyển, gây sát thương tăng 20%",1,10.0,0
1056024,Cường Công LV5,"Khi ở gần tường người địch, Đại Ngỗng, hoặc gần Cây Phát Tài của địch mà phe ta đang vận chuyển, gây sát thương tăng 25%",1,10.0,0
1056025,Cố thủ LV1,"Khi ở gần hàng rào người của phe ta, gần Đại Ngỗng, hoặc gần Cây Tiền đang được địch vận chuyển, sát thương nhận vào giảm 6%",1,10.0,0
1056026,Cố Thủ LV2,"Khi ở gần hàng rào người phe ta, gần Đại Ngỗng, hoặc gần Cây Phát Tài mà phe địch đang vận chuyển, sát thương nhận vào giảm 9%",1,10.0,0
1056027,Cố Thủ LV3,"Khi ở gần hàng rào phe ta, Đại Nga, hoặc gần Cây Phát Tài đang được phe địch vận chuyển, nhận sát thương giảm 12%",1,10.0,0
1056028,Cố Thủ LV4,"Khi ở gần hàng rào đồng đội, Đại Ngỗng, hoặc gần Cây Phát Tài đang được địch nhân khiêng đi, nhận sát thương giảm 15%",1,10.0,0
1056029,Cố thủ LV5,"Khi ở gần hàng rào đồng đội, Đại Ngỗng, hoặc gần Cây Phát Tài đang được địch nhân khiêng, sát thương nhận vào giảm 20%",1,10.0,0
1056030,Nhanh nhẹn LV1,"Khi tự mình di chuyển Cây Phát Tài của địch, tốc độ di chuyển và Khí Huyết tối đa tăng 8%.",1,2100.0,0
1056031,Nhanh nhẹn LV2,"Khi tự mình tha cây Phát Tài của địch, tốc độ di chuyển và Khí Huyết tối đa tăng 12%.",1,2100.0,0
1056032,Nhanh Nhẹn LV3,"Khi tự mình vận chuyển Cây Phát Tài của địch, tốc độ di chuyển và Khí Huyết tối đa tăng 16%.",1,2100.0,0
1056033,Nhanh Nhẹn LV4,"Khi tự mình di chuyển Cây Phát Tài của địch, tốc độ di chuyển và giới hạn máu tối đa tăng 20%.",1,2100.0,0
1056034,Nhanh nhẹn LV5,"Khi tự mình tha cây Phát Tài của địch, tốc độ di chuyển và Khí Huyết tối đa tăng 25%.",1,2100.0,0
1056035,Tường đồng vách sắt LV1,"Khi biến thành Nhân Tường, sát thương kỹ năng bản thân gây ra tăng 3%, đồng thời giảm 2% sát thương phải chịu của Nhân Tường, có thể cộng dồn với các thành viên khác của Nhân Tường.",1,2100.0,0
1056036,Đồng Tường Thiết Bích LV2,"Khi biến thân thành Bích Nhân Tường, sát thương kỹ năng bản thân gây ra tăng 4.5%, đồng thời giảm 3% sát thương phải chịu của Bích Nhân Tường, có thể cộng dồn với các thành viên khác trong Bích Nhân Tường.",1,2100.0,0
1056037,Đồng Tường Thiết Bích LV3,"Khi biến thân thành Bức Tường Người, sát thương kỹ năng bản thân gây ra tăng 6%, đồng thời giảm 4% sát thương phải chịu của Bức Tường Người, có thể cộng dồn với các thành viên khác của Bức Tường Người.",1,2100.0,0
1056038,Tường đồng vách sắt LV4,"Khi biến thân thành Bức Tường Người, sát thương kỹ năng bản thân gây ra tăng 7.5%, đồng thời giảm sát thương nhận vào của Bức Tường Người 5%, có thể cộng dồn với các thành viên khác của Bức Tường Người.",1,2100.0,0
1056039,Đồng Tường Thiết Bích LV5,"Khi biến thân thành Bức Tường Người, sát thương kỹ năng bản thân gây ra tăng 10%, đồng thời giảm 6% sát thương phải chịu của Bức Tường Người, có thể cộng dồn với các thành viên khác của Bức Tường Người.",1,2100.0,0
1056040,Kiên cường,"Miễn khống chế, nhận thêm 60% giảm sát thương",1,3600.0,0
1056041,Kiên cường,Miễn nhiễm tất cả khống chế,1,-1.0,0
1056042,Bất Khả Hủy,,1,3600.0,0
1056043,Thôi Thành Đoạn Nhạc,"Trong vòng 2 phút, tăng 40% sát thương lên tường người.",1,120.0,0
1056044,Huyết Hà Niết Bàn,"Trong vòng 5 phút, đối với người tường địch phương tăng 20% sát thương, bên ta gây sát thương tăng 50%, thời gian hồi sinh toàn viên giảm 30%",1,300.0,0
1056045,Cấp độ sĩ khí 1,Đối với tường người và đại nga vịt #Y sát thương tăng 8%#E,1,-1.0,0
1056046,Cấp bậc sĩ khí 2,"Tăng #Y12%#E sát thương cho người tường và ngỗng lớn, #Ytốc độ di chuyển nhanh hơn 6%",1,-1.0,0
1056047,Cấp sĩ khí 3,"Đối với người tường và đại nga #Y sát thương tăng thêm 16%#E, #Y tốc độ di chuyển nhanh hơn 12%#E",1,-1.0,0
1056048,Cấp bậc sĩ khí 4,"Đối với tường người và đại nga vịt #Y sát thương tăng 20%#E; #Y tốc độ di chuyển tăng 18%#E, gây #Y sát thương tăng 5%#E, #Y đẩy xe tốc độ di chuyển tăng 7%#E",1,-1.0,0
1056049,Sĩ khí cấp 5,"Tăng #Y25%#E sát thương lên tường người và đại nga; #Ytốc độ di chuyển tăng 24%#E, gây #Ytăng 10% sát thương#E, #Ytốc độ di chuyển xe đẩy tăng 14%#E",1,-1.0,0
1056050,Tử Cấm Chiên,"Thành viên bên thắng trong 2 phút tiếp theo, sát thương lên tháp phòng thủ tăng 40% (cộng dồn với sĩ khí, kỹ năng chỉ huy)",1,120.0,0
1056051,Cấp độ sĩ khí 1,Khiến toàn viên phe ta tăng 8% sát thương lên người tường,1,-1.0,0
1056052,Cấp bậc sĩ khí 2,Khiến toàn bộ thành viên phe ta tăng 12% sát thương lên người tường,1,-1.0,0
1056053,Cấp bậc sĩ khí 3,Khiến toàn bộ thành viên phe ta tăng 16% sát thương lên Tường Người,1,-1.0,0
1056054,Cấp bậc sĩ khí 4,Khiến toàn bộ thành viên phe ta tăng 20% sát thương lên người tường,1,-1.0,0
1056055,Cấp độ sĩ khí 5,Khiến toàn bộ thành viên phe ta tăng 25% sát thương lên người tường,1,-1.0,0
1056056,Cấp độ sĩ khí 2,Di chuyển tốc độ tăng 6%,1,-1.0,0
1056057,Cấp bậc sĩ khí 3,Tốc độ di chuyển tăng 12%,1,-1.0,0
1056058,Cấp độ sĩ khí 4,Tốc độ di chuyển tăng nhanh 18%,1,-1.0,0
1056059,Cấp độ sĩ khí 5,Di chuyển tốc độ tăng 24%,1,-1.0,0
1056060,Cấp độ sĩ khí 6,Tốc độ di chuyển tăng nhanh 30%,1,-1.0,0
1056061,Cấp bậc sĩ khí 4,Đơn vị,1,-1.0,0
1056062,Cấp bậc sĩ khí 5,Tốc độ di chuyển của cây phát tài tăng 14%,1,-1.0,0
1056063,Cấp bậc sĩ khí 4,Gây sát thương tăng 5%,1,-1.0,0
1056064,Lv.5 Sĩ Khí,Tăng 10% sát thương,1,-1.0,0
1056065,Cấp sĩ khí 6,Gây sát thương tăng 15%,1,-1.0,0
1056066,Cộng thêm sát thương,Gây thêm 50% sát thương,1,300.0,0
1056067,Vô thị chặn,"Trong 30 giây, vận chuyển cây phát tài bỏ qua đánh chặn",1,30.0,0
1056068,Bá thể,"Tường đồng vách sắt, rào cản Bách Nghiệp, miễn nhiễm bị đánh cứng đờ",1,3600.0,0
1056069,Giam cầm,Cấm cố,1,3.0,0
1056070,Dễ bị thương,Sát thương nhận được tăng 40%,1,10.0,0
1056071,Cấp bậc sĩ khí 6,Khiến toàn thể thành viên phe ta tăng 35% sát thương lên người tường,1,-1.0,0
1056072,Cấp độ sĩ khí 7,Khiến phe mình toàn viên đối với người tường sát thương tăng lên 45%,1,-1.0,0
1056073,Sĩ khí cấp 8,Khiến toàn bộ thành viên phe ta tăng 65% sát thương lên người tường,1,-1.0,0
1056081,Sĩ khí cấp 7,Tốc độ di chuyển tăng nhanh 36%,1,-1.0,0
1056082,Cấp độ sĩ khí 8,Tốc độ di chuyển tăng 42%,1,-1.0,0
1056091,Cấp bậc sĩ khí 6,Tốc độ di chuyển của cây phát tài tăng thêm 21%,1,-1.0,0
1056092,Cấp độ sĩ khí 7,Tốc độ di chuyển của cây phát tài tăng 28%,1,-1.0,0
1056093,Cấp bậc sĩ khí 8,Tăng tốc độ di chuyển của cây phát tài lên 35%,1,-1.0,0
1056099,Phá Phủ Trầm Chu,"Trong vòng 1 phút, thời gian hồi sinh của tất cả đồng đội giảm 60%",1,60.0,0
1056100,Cường công,Tăng 5% sát thương,1,180.0,0
1056101,Cường công,Tăng sát thương 7%,1,180.0,0
1056102,Cường công,Tăng sát thương 9%,1,180.0,0
1056103,Cường công,Tăng sát thương 11%,1,180.0,0
1056104,Cường công,Tăng sát thương 13%,1,180.0,0
1056105,Cường công,Tăng Sát Thương 15%,1,180.0,0
1056106,Cường công,Tăng sát thương 17%,1,180.0,0
1056107,Cường công,Tăng sát thương 19%,1,180.0,0
1056108,Cường công,Tăng thêm sát thương 21%,1,180.0,0
1056109,Cường công,Tăng sát thương 23%,1,180.0,0
1056110,Cường công,Tăng sát thương 25%,1,180.0,0
1056111,Cường công,Tăng sát thương 27%,1,180.0,0
1056112,Cường công,Tăng sát thương 29%,1,180.0,0
1056113,Cường công,Tăng sát thương 31%,1,180.0,0
1056114,Cường công,Tăng sát thương 33%,1,180.0,0
1056115,Cường công,Tăng sát thương 35%,1,180.0,0
1056116,Cường công,Tăng sát thương 37%,1,180.0,0
1056117,Cường công,Tăng sát thương 39%,1,180.0,0
1056118,Cường công,Tăng sát thương 41%,1,180.0,0
1056119,Cường công,Tăng sát thương 43%,1,180.0,0
1056120,Phá Khí,Tốc độ phá khí 5%,1,180.0,0
1056121,Phá Khí,Tốc độ phá khí 7%,1,180.0,0
1056122,Phá Khí,Tốc độ phá khí 9%,1,180.0,0
1056123,Phá Khí,Tốc độ phá khí 11%,1,180.0,0
1056124,Phá Khí,Tốc độ phá khí 13%,1,180.0,0
1056125,Phá Khí,Tốc độ phá khí 15%,1,180.0,0
1056126,Phá Khí,Tốc độ Phá Khí 17%,1,180.0,0
1056127,Phá Khí,Tốc độ phá khí 19%,1,180.0,0
1056128,Phá Chân Khí,Tốc độ Phá Khí 21%,1,180.0,0
1056129,Phá Khí,Tốc độ phá khí 23%,1,180.0,0
1056130,Phá Khí,Tốc độ phá khí 25%,1,180.0,0
1056131,Phá Khí,Tốc độ phá khí 27%,1,180.0,0
1056132,Phá Khí,Tốc độ phá khí 29%,1,180.0,0
1056133,Phá Khí,Tốc độ phá khí 31%,1,180.0,0
1056134,Phá Khí,Tốc độ phá khí 33%,1,180.0,0
1056135,Phá Khí,Tốc độ phá khí 35%,1,180.0,0
1056136,Phá Khí,Tốc độ phá khí 37%,1,180.0,0
1056137,Phá Khí,Tốc độ phá khí 39%,1,180.0,0
1056138,Phá Khí,Tốc độ phá khí 41%,1,180.0,0
1056139,Phá Khí,Tốc độ phá khí 43%,1,180.0,0
1056200,Phong Túc LV1,"Trong chiến trường Bang Hội, Đậu Bích nhận thêm 10%",1,2100.0,0
1056201,Phong Túc LV2,"Trong Chiến Trường Bang Hội, nhận Đậu Bạc tăng thêm 15%",1,2100.0,0
1056202,Phong Túc LV3,"Trong chiến trường Bang Hội, xu bạc nhận được tăng thêm 20%",1,2100.0,0
1056203,Phong Phú LV4,"Trong chiến trường Bang Hội, Đậu Bì nhận được tăng thêm 25%",1,2100.0,0
1056204,Phong Túc LV5,"Trong chiến trường Bang Hội, xu nhận được tăng thêm 32%",1,2100.0,0
1056300,Sĩ khí cấp 6,"Đối với tường người và đại nga vịt #Y sát thương tăng 35%#E; #Y tốc độ di chuyển tăng 30%#E, gây #Y sát thương tăng 15%#E, #Y tốc độ đẩy xe tăng 21%#E",1,-1.0,0
1056301,Cấp độ sĩ khí 7,"Tăng #Y sát thương#E lên người và đại nga lên #Y45%#E; #Y Tốc độ di chuyển tăng nhanh 36%#E, gây #Y sát thương tăng 20%#E, #Y Tốc độ di chuyển xe đẩy tăng nhanh 28%#E",1,-1.0,0
1056302,Cấp bậc sĩ khí 8,"Đối với tường người và đại nga #Ysát thương tăng 65%#E;#Ytốc độ di chuyển nhanh hơn 42%#E, tạo thành #Ysát thương tăng 25%#E, #Ytốc độ di chuyển xe đẩy nhanh hơn 35%#E",1,-1.0,0
1056303,Cấp độ sĩ khí 7,Tăng sát thương 20%,1,-1.0,0
1056304,Cấp bậc sĩ khí 8,Gây sát thương tăng 25%,1,-1.0,0
1058001,Phù Sinh Cổ,"Đơn vị bị đánh dấu, sát thương nhận vào sẽ được chia sẻ cho đồng đội xung quanh.",1,99.0,0
1058002,Phù Sinh Cổ,"Đơn vị bị đánh dấu, sát thương nhận vào sẽ được phân chia cho đồng đội xung quanh.",1,99.0,0
1058003,Phù Sinh Cổ,Đơn vị bị đánh dấu sẽ bị phân chia sát thương cho đồng đội xung quanh.,1,99.0,0
1058004,Phù Sinh Cổ,"Đơn vị bị đánh dấu, sát thương nhận vào sẽ được phân chia cho đồng đội xung quanh.",1,99.0,0
1058005,Phù Sinh Cổ,"Đơn vị bị đánh dấu, sát thương nhận vào sẽ được phân chia cho đồng đội xung quanh.",1,99.0,0
1058006,Phù Sinh Cổ,Đơn vị bị đánh dấu sẽ chia sẻ sát thương nhận được cho đồng đội xung quanh.,1,99.0,0
1058007,Phù Sinh Cổ,"Đơn vị bị đánh dấu, sát thương phải chịu sẽ được phân chia cho đồng đội xung quanh.",1,99.0,0
1058008,Phù Sinh Cổ,"Đơn vị bị đánh dấu, sát thương nhận vào sẽ được phân chia cho đồng đội ở gần.",1,99.0,0
1058009,Phù Sinh Cổ,Đơn vị bị đánh dấu sẽ bị phân chia sát thương cho đồng đội xung quanh.,1,99.0,0
1058011,Thay thế,,1,60.0,0
1058012,Thay thế,,1,100.0,0
1058013,Thay thế,,1,100.0,0
1058014,Thay thế,,1,100.0,0
1058015,Thay thế,,1,100.0,0
1058016,Thay thế,,1,100.0,0
1058017,Thay thế,,1,100.0,0
1058018,Thay thế,,1,100.0,0
1058019,Thay thế,,1,100.0,0
1058021,Đánh dấu,,1,-1.0,0
1058022,Đánh dấu,,1,-1.0,0
1058023,Đánh dấu,,1,-1.0,0
1058024,Đánh dấu,,1,-1.0,0
1058025,Đánh dấu,,1,-1.0,0
1058026,Đánh dấu,,1,-1.0,0
1058027,Đánh dấu,,1,-1.0,0
1058028,Đánh dấu,,1,-1.0,0
1058029,Đánh dấu,,1,-1.0,0
1058031,Tăng sát thương,Sát thương gây ra tăng 15%.,1,12.0,0
1058041,Thiên Thập Dư Âm,"Chiếc ô sẽ đi theo người chơi, tự động trị liệu cho đồng đội gần đó có lượng máu thấp nhất hoặc bản thân. Hiệu quả trị liệu do người chơi gây ra tăng 15%, và liên tục nhận được #J Lộ Thủy#E.",1,60.0,0
1058050,Áo choàng lạnh,"Hiệu quả trị liệu tăng 5%, liên tục nhận được sương đọng (giới hạn nhận 30 điểm).",1,15.0,0
1058100,Triều Vũ,Bản thân và một đồng minh gần đó hồi phục sinh lực liên tục.,1,3.11,0
1059000,Xà Trì Xà,,1,,0
1059001,Lạc đà tiêu tán,,1,20.0,0
1059002,NPC tiêu tán,,1,20.0,0
1059003,Chuyển đổi trận doanh Long Nữ,,1,-1.0,0
1059004,Tiểu Thiếu Đông gia,An Lưu Ly thế thân,1,-1.0,0
1059010,Thiếu đông gia (bản miễn thương),Thiếu đông gia,1,-1.0,0
1059011,Hồi đầy máu,,1,2.0,0
1059012,Thiếu niên (sẽ bị thương),,1,-1.0,0
1059013,Trần Tử Hề nãi Thiếu Đông gia,,1,2.0,0
1060000,Định Thân,"Định Thân, nhận sát thương sẽ hồi phục bình thường",1,5.0,0
1060001,Thay trang phục,,1,-1.0,0
1060002,Thay đổi trang phục,,1,-1.0,0
1060004,Sa Nhân Tiêu Tán,,1,-1.0,0
1060005,Sa Nhân Sáng Thế,,1,-1.0,0
1060006,Miễn chiến,,1,-1.0,0
1060007,Không bị thương,,1,-1.0,0
1060008,Đèn dầu_Yếu,,1,-1.0,0
1060009,Đèn dầu_giữa,,1,-1.0,0
1060010,Đèn dầu_Mạnh,,1,-1.0,0
1060012,Hạt + chất liệu Giếng Càn Nhi,,1,-1.0,0
1060013,Biến trang,,1,-1.0,0
1061000,Hiệu ứng đặc biệt người chơi Lôi Công Tự tầng 1,,1,40.0,0
1061001,Hiệu ứng đặc biệt cấp 2 của người chơi Lôi Công Tức,,1,40.0,0
1061002,Hiệu ứng người chơi Lôi Công Tức tầng 3,,1,40.0,0
1061003,Hiệu ứng đặc biệt của người chơi Lôi Công Tự tiêu tán,,1,3.0,0
1061004,Thoát chiến,,1,1.0,0
1061005,Bị cóng,"Do bị bỏng lạnh gây ra, khí huyết dần hao tổn cho đến khi trọng thương, có thể hồi phục khi rời khỏi phạm vi lạnh giá.",1,-1.0,0
1061006,“Cuồng Khuyển”,,1,-1.0,0
1061007,"\""Cuồng Khuyển\""",,1,0.1,0
1061008,Giải thoát,,1,3.0,0
1062000,Thái Cực ném chén ngọc chim miễn tử,,1,-1.0,0
1070002,Hắc Tài Thần P2 Phù Ma,,1,-1.0,0
1070007,Tham lam,,1,-1.0,0
1070008,Tham lam,,1,0.3,0
1070009,Định Thân,"Định Thân, nhận sát thương sẽ hồi phục bình thường",1,3.0,0
1070010,Tương tác mây mù,,1,-1.0,0
1070013,Vô địch,,1,-1.0,0
1070019,Bão cát hút tụ,,1,10.0,0
1070027,Vũ khí ẩn,,1,0.8,0
1070028,Hiển thị vũ khí,,1,0.8,0
1070040,Khóa máu 59.9,,1,-1.0,0
1070041,Khóa máu 74.9,,1,-1.0,0
1070042,Khóa Huyết 49.9,,1,-1.0,0
1070043,Khóa máu 1,,1,-1.0,0
1070101,Bá thể cấp 2,,1,-1.0,0
1070102,Bá thể cấp 3,,1,-1.0,0
1070103,Giảm sát thương,,1,-1.0,0
1070104,Khóa chân khí,,1,-1.0,0
1070105,Miễn tử,,1,-1.0,0
1070106,Khóa máu,,1,-1.0,0
1070107,Bất tử (Không thoát khóa),,1,-1.0,0
1070108,Vô địch (Mở khóa),,1,-1.0,0
1070109,Miễn khí kiệt,,1,-1.0,0
1070110,Bá thể cấp 1,,1,-1.0,0
1070111,"Giữ trên không, chống rơi",,1,-1.0,0
1070112,Hắc Kim Hồng Quang,,1,-1.0,0
1070113,Tuyệt kỹ,,1,-1.0,0
1070114,Chặn đỡ,,1,-1.0,0
1070115,"Giữ trên không, chống rơi",,1,-1.0,0
1070116,Bá thể cấp 3 + miễn khí kiệt,,1,-1.0,0
1071000,Trúng độc,"Xà độc, gây sát thương khí huyết liên tục. Tối đa có thể cộng dồn 10 tầng.",10,15.0,0
1071001,Độc kịch,,1,15.0,0
1071002,Độc Dược Cực Mạnh,,1,15.0,0
1071003,Độc nhẹ,"Xà độc, gây sát thương khí huyết liên tục. Tối đa có thể cộng dồn 10 tầng.",10,15.0,0
1071004,Xà Linh Hộ Thể,"Xà Độc, gây sát thương khí huyết liên tục. Tối đa có thể cộng dồn 10 tầng.",10,60.0,0
1080001,Công pháp phản phệ,"Người chưa được “Hà” công nhận, nếu cưỡng ép thôi thúc sức mạnh Đoạn Lãng, sẽ mang lại hậu quả không thể vãn hồi……",1,-1.0,0
1080002,Làm chậm (Mạnh),"Thủy âm xâm mạch, da dẻ trì trệ, xương cốt ngưng trệ. Thanh trừ toàn bộ thể lực, giảm tốc 70%, tiêu hao thể lực tăng 200%, sau một thời gian nhất định sẽ khôi phục bình thường.",1,6.0,0
1080003,Phù Ma,"Nhu Pháp Đoạn Lãng, những đợt sóng đính kèm trên đầu thương, chính là sức mạnh Hà\"" bảo hộ Tào Bang\""",1,-1.0,0
1080004,Chết Đuối,,1,1.0,0
1080006,Giai đoạn một,,1,-1.0,0
1080007,Đã đánh qua,,1,-1.0,0
1080008,Giám sát hiệu ứng thi hành của người chơi,,1,-1.0,0
1080009,Vừa mới bị xử tử,,1,7.0,0
1080010,Vừa bị điểm yếu đánh tan,,1,7.0,0
1080011,Giai đoạn một,,1,-1.0,0
1080012,Bộc phá điểm yếu cành cây,,1,1.0,0
1080013,Mặt Trăng Đèn điểm yếu nổ,,1,1.0,0
1080014,Hồi phục sinh mệnh,,1,1.0,0
1080015,Mặt nạ,"Nhu pháp Đoạn Lãng, những đợt sóng bám trên đầu thương chính là sức mạnh Hà\"" bảo vệ Tào Bang\""",1,-1.0,0
1080016,Không thể khóa,,1,-1.0,0
1080017,Giảm chân khí,,1,1.0,0
1080018,Chân Khí tăng lên,,1,1.0,0
1080019,Chân Khí giảm bớt,,1,10.0,0
1080020,Mê tân thất hướng,"Mê Tân Giả âm thư đoạn tuyệt, bài hành vô phản, dần thành khô cốt",1,-1.0,0
1080021,Điểm Quang Nguyên,,1,-1.0,0
1080022,Vừa bị cắm,,1,1.0,0
1080023,Mê Nguyệt Định Ảnh,"Nhiều lần nhận được công kích ánh trăng của Mê Dịch Chu dẫn đến choáng váng, sẽ khiến bản thân rơi vào trạng thái định thân trong thời gian ngắn",1,1.0,0
1080024,Bệnh Kinh Cốt,"Sau khi nhiều lần chạm vào gai của Chu Luân Chu, sẽ tích lũy thương tích nghiêm trọng, sẽ gây ra trạng thái chảy máu liên tục.",1,6.0,0
1080025,Nghịch Hồi Tố,,1,2.0,0
1080026,Hóa thành mặt trăng,,1,10.0,0
1080027,Hóa thành mặt trăng,,1,2.0,0
1080028,Định thân,,1,1.5,0
1080029,Trọng thương,,1,10.0,0
1080030,Đang thả kỹ năng cốt lõi,,1,-1.0,0
1080031,Nguyệt Hồi Thố đánh dấu,,1,-1.0,0
1080032,Thỉ Nhược Phi Tinh,,1,-1.0,0
1080033,Cầm Tú Cầu,,1,-1.0,0
1080034,Thay đổi Thuộc Tính Vật Lý của Chủ Nhân,,1,3.0,0
1080035,Cố lệnh quy chu,"Mang theo tín vật cố hữu, nâng cao khả năng kháng cự kỹ năng Mê Dịch Chu, nâng cao sát thương Chân Khí gây ra cho nó.",1,-1.0,0
1080036,Giấu Vũ Khí,,1,-1.0,0
1080037,Không thể khóa,,1,3.0,0
1080038,Chỉ Va Chạm Với Vật Thể Tĩnh,,1,-1.0,0
1080039,Cầm Tú Cầu,,1,10.0,0
1080040,Không thể khóa,,1,15.0,0
1080041,Mai Hoa Huyễn Âm,"Mai Hoa Huyễn Âm, sẽ dẫn đến Linh Đài Tẫn Diệt",1,5.0,0
1080042,Âm thanh đàn,,1,10.0,0
1080043,Trọng thương,,1,10.0,0
1080044,Phù ma,,1,-1.0,0
1080045,Thay đổi thuộc tính vật lý của chủ sở hữu,,1,30.0,0
1080046,Huyễn hóa,,1,-1.0,0
1080047,Huyễn Hóa,,1,3.0,0
1080048,Khóa máu,,1,-1.0,0
1080049,Hồi phục sinh mệnh,,1,1.0,0
1080050,Mai Hoa Huyễn Âm,,1,2.0,0
1080051,Khi Cốt Hàn Âm,,1,2.0,0
1080052,Phản ứng của kỹ năng Âm nhạc,,1,-1.0,0
1080053,Không thể khóa,,1,-1.0,0
1080054,Phụ ma,,1,-1.0,0
1080055,Khóa máu,,1,-1.0,0
1080057,Bá thể,,1,-1.0,0
1080058,Hồi phục sinh mệnh,,1,1.0,0
1080059,Khóa máu,,1,-1.0,0
1080060,Phần Sân,Chịu sát thương liên tục,1,10.0,0
1080061,Vô địch (thoát khóa),,1,360.0,0
1080062,Thay đổi thuộc tính vật lý của chủ sở hữu,,1,30.0,0
1080063,Chịu đòn thay đổi,,1,-1.0,0
1080064,Đảm hàn,Dễ dàng hơn khi bị đánh rơi vào trạng thái cứng người.,1,7.0,0
1091000,Ngon miệng,Hồi phục Khí Huyết,1,5.1,0
1091001,Khó chịu đường ruột,"Dạ dày khó chịu, xì hơi liên tục.",1,10.0,0
1091002,Tẩu hỏa nhập ma,Suy Sụp Tinh Thần,1,5.0,0
1092000,Chó hình ảo giác,"Khi cơn điên phát tác, thần thái và hình dáng đều giống như chó, người ngoài nhìn vào cũng như một con chó vậy.",1,-1.0,0
1092001,Chó hình Ảo Giác,,1,2.0,0
1092002,Chó ảo giác,,1,3.0,0
1092003,Chó hình trạng thái Huyễn Chứng,,1,6.0,0
1092004,Chó hình Huyễn Chứng,,1,2.0,0
1092005,Chứng cuồng loạn hình chó,,1,3.0,0
1093000,Miễn chiến,Thiên Tuyền đặc huấn miễn chiến,1,-1.0,0
1093001,Y phục tắm,,1,-1.0,0
1094000,Chó hình thái bệnh cuồng,"Khi phát bệnh, thần thái và hình thể đều giống chó, người ngoài nhìn vào cũng như một con chó.",1,-1.0,0
1094001,Hình dạng chó bệnh,,1,2.0,0
1094002,Hình dạng chó của chứng cuồng loạn,,1,3.0,0
1094003,Huyễn chứng khuyển hình,,1,6.0,0
1094004,Khuyển hình bệnh cuồng,,1,2.0,0
1094005,Hình dạng chó bệnh,,1,3.0,0
1094006,Chúc Phúc Nguyện Sao,"Từ phúc lành của sao băng, nguyện ánh sao soi sáng tiền đồ của du hiệp.",1,60.0,0
1094007,Nhặt buff Mưa Sao Băng,,1,60.0,0
1100000,Tào Nữ Nương,Tào Nữ Nương một giấc mộng lớn,1,-1.0,0
1100001,Đồng hành,Tốc độ di chuyển giảm 75%,1,-1.0,0
1110001,Vô địch,,1,-1.0,0
1110002,Giảm phòng ngự,,1,-1.0,0
1110003,Khóa máu,,1,-1.0,0
1110004,Cực độc,"Khi tích độc đạt mức tối đa, sẽ liên tục chịu sát thương khí huyết và sát thương chân khí phụ trợ trong thời gian ngắn.",1,10.0,0
1110005,Khóa máu,,1,-1.0,0
1110006,Hồi huyết,,1,6.0,0
1110007,Chân khí hồi phục,,1,4.8,0
1110008,Ký Quán Chủ hồi chân khí giai đoạn hai,,1,-1.0,0
1110009,Bá thể cấp 3,,1,4.8,0
1110010,Trừ chân khí,,1,0.5,0
1110011,Hiệu ứng thường trú Chủ Quán trọ P2,,1,-1.0,0
1110012,Hỏa Diễm Đao của Chủ Ký Quán P2,,1,-1.0,0
1110013,Hút sinh lực,,1,-1.0,0
1110014,Lôi Kiếm max,,1,20.0,0
1110015,Hiệu ứng hỗ trợ thường trực Lôi Kiếm,,1,-1.0,0
1110022,Chuyển đổi,,1,-1.0,0
1110023,Dải lụa Long Nữ 1,,1,-1.0,0
1110024,Long Nữ Phiêu Đới 2,,1,-1.0,0
1110025,Vũ khí Long Nữ P2,,1,-1.0,0
1110026,Vũ khí Long Nữ P2,,1,-1.0,0
1110027,Long Nữ P2 thân thể,,1,-1.0,0
1110028,Khóa máu 59.9,,1,-1.0,0
1110030,Khóa máu 71.9,,1,-1.0,0
1110032,Miễn khống,,1,-1.0,0
1110034,Trừ 40.1 Khí Huyết,,1,2.0,0
1110045,Khóa máu 75,,1,-1.0,0
1110046,Khóa máu 50,,1,-1.0,0
1110047,Loài sinh thái,,1,-1.0,0
1110048,Choáng váng,,1,-1.0,0
1110049,2 Bá Thể + khóa Chân Khí + giảm thương 90%,,1,-1.0,0
1110052,Ẩn thân,,1,-1.0,0
1110054,Đốt cháy,"Trên người bốc cháy, liên tục mất Khí Huyết",1,5.0,0
1110055,Hồi phục Chân Khí,,1,4.8,0
1110101,Bá thể cấp 2,,1,-1.0,0
1110102,Bá thể cấp 3,,1,-1.0,0
1110103,Giảm sát thương,,1,-1.0,0
1110104,Khóa chân khí,,1,-1.0,0
1110105,Miễn tử,,1,-1.0,0
1110106,Khóa Máu,,1,-1.0,0
1110107,Bất bại (Không thoát khóa),,1,-1.0,0
1110108,Bất bại (Mở khóa),,1,-1.0,0
1110109,Miễn khí kiệt,,1,-1.0,0
1110110,Bất hoại cấp 1,,1,-1.0,0
1110111,"Giữ trên không, chống rơi",,1,-1.0,0
1110112,Hắc Kim Hồng Quang,,1,-1.0,0
1110113,Tuyệt kỹ,,1,-1.0,0
1110114,Chặn đỡ,,1,-1.0,0
1120000,Quái rương báu ẩn thân,,1,-1.0,0
1120001,Giữ máu 59.9,,1,-1.0,0
1120002,Nhãn Dũng Khí,,1,-1.0,0
1120003,Phù phép,,1,-1.0,0
1120004,推力,,1,5.0,0
1120005,Tắt vật lý,,1,-1.0,0
1120006,Hiệu ứng thường thấy,,1,-1.0,0
1120007,Hiệu ứng thường thái,,1,-1.0,0
1120008,Khóa máu 3%,,1,-1.0,0
1120009,Ống kính thiêu đốt,,1,-1.0,0
1120010,Kháng cự nộ hỏa,,1,7.0,0
1120011,Phong áp,Gió áp thêm thân,1,-1.0,0
1120012,Nhãn hiệu che chắn bị đánh,,1,20.0,0
1120013,Chúng khổ phần tâm,Chúng Khổ Phần Tâm,1,3.5,0
1120014,Chúng khổ phần tâm,,1,3.0,0
1120015,Chư Khổ Gia Thân,,1,-1.0,0
1120016,Phẫn nộ nhãn,,1,-1.0,0
1120017,Bá thể cấp 3,,1,-1.0,0
1120018,Trọng thương,,1,10.0,0
1120019,Khóa máu 59.9,,1,-1.0,0
1120020,Tùy chỉnh xử quyết,,1,7.0,0
1120021,Tùy chỉnh xử quyết,,1,7.0,0
1120022,Xử quyết tùy chỉnh,,1,7.0,0
1120023,Giai đoạn đánh dấu · Quách Hân,,1,-1.0,0
1120024,Giai đoạn đánh dấu · Bạch Kết,,1,-1.0,0
1120025,Đánh dấu giai đoạn · Sư tử lửa,,1,-1.0,0
1120026,Đánh dấu giai đoạn · Tinh Lạc,,1,-1.0,0
1120027,P1 Mông bì,,1,-1.0,0
1120028,P2 Mông bì,,1,-1.0,0
1120029,Xử quyết,,1,-1.0,0
1120030,Thường thái đặc hiệu,,1,-1.0,0
1120031,Ẩn thân,,1,-1.0,0
1120032,Ẩn billboard,,1,-1.0,0
1120033,Hiệu ứng thường thái,,1,-1.0,0
1120034,Khóa máu 39.9,,1,-1.0,0
1120035,Mô hình ẩn,,1,-1.0,0
1120036,Khóa máu 84.9,,1,-1.0,0
1120037,Trọng thương,,1,10.0,0
1120038,Thay thế xử quyết,,1,-1.0,0
1120039,Trọng thương,,1,10.0,0
1130000,Sát thương liên kết Tấm gai nhọn trong Hang giải đố,,1,-1.0,0
1130001,Giải đố hang động đinh bản liên cơ sát thương,,1,-1.0,0
1130002,Giải đố động quật đinh bản liên cơ sát thương,,1,-1.0,0
1130003,Giải đố động quật thích bản liên cơ sát thương,,1,-1.0,0
1130004,Sát thương liên kích của mê cung giải đố,,1,-1.0,0
1130005,"Giải đố hang động, liên kích bảng gai gây sát thương",,1,-1.0,0
1130006,Mờ mịt không hình bóng,"Ẩn mình, khiến một số kẻ địch khó phát hiện ra người chơi hơn.",1,-1.0,0
1130007,Định thân,"Định thân, chịu sát thương sẽ hồi phục bình thường",1,-1.0,0
1140000,Miễn Tử,,1,-1.0,0
1140001,Yến Xảo,"Giảm 20% thể lực tiêu hao khi nhảy, tăng giới hạn thể lực.",1,1800.0,0
1140002,Oản Yến,"Giảm 30% thể lực tiêu hao khi nhảy, tăng giới hạn thể lực.",1,1800.0,0
1140003,Yến Khéo,"Giảm 40% thể lực tiêu hao khi nhảy, tăng giới hạn thể lực.",1,1800.0,0
1140004,Yến Xảo,"Giảm 50% thể lực tiêu hao khi nhảy, tăng giới hạn thể lực.",1,1800.0,0
1140005,Ghi lại số lần mát-xa tại phòng tắm nhỏ trong thời gian ngắn,,3,3600.0,0
1140006,Nhận bệnh nứt xương,,1,10.0,0
1140008,Tăng cường 1_Người gọi,,1,1.0,0
1140009,Tăng ích 2_Người gọi,,1,1.0,0
1140010,Tăng ích 3_Người gọi,,1,1.0,0
1140011,Tăng phúc 4_Người gọi,,1,1.0,0
1140012,Người gọi tính số lần mát-xa,,1,1.0,0
1140013,Bạch Linh,,1,-1.0,0
1150002,Trượt băng,Bắt đầu trượt băng,1,900.0,0
1160000,Chấp niệm,,4,-1.0,0
1160001,Cuồng bạo,Giảm bớt một lượng sát thương máu và chân khí,1,-1.0,0
1160002,Thanh Kim Hội sẽ bị cướp mất khi tiến độ đầy,"Chấp Thanh, thanh tiến độ đầy sẽ bị Kim Thanh đoạt mất",1,45.0,0
1160003,Thanh Cổ Mê Hành,Ô nhiễm đầy tầng,1,10.0,0
1160004,Kết nối,Liên kết,1,20.0,0
1160005,Khi thanh tiến trình đầy sẽ bị mê hoặc,,1,6.0,0
1160006,Mê Đương,"Không thể thao tác, cưỡng chế di chuyển",1,10.0,0
1160007,Định Thân,Định Thân,1,10.0,0
1160008,Thanh Đại,,1,-1.0,0
1160009,Kiểm tra kết nối,Kiểm tra kết nối,1,-1.0,0
1160010,Chấp niệm đầy tầng,Chấp niệm đầy tầng,1,1.0,0
1160011,Mảnh Tiểu Thanh,"Thu thập đủ 3 cái, kích hoạt kỹ năng giảm sát thương",3,-1.0,0
1160012,Sự bảo vệ của Tiểu Thanh,"Kịp thời mở giảm sát thương, chống đỡ sát thương",1,30.0,0
1160013,Khiên bảo vệ,Tăng lượng lớn phòng ngự trong thời gian ngắn,1,5.0,0
1160014,Ngã gây thương tích,Dễ bị thương trong thời gian này,1,10.0,0
1160015,Lối lên Thiên Thê,,1,-1.0,0
1160016,Bất Khả Đánh Ngã,,1,-1.0,0
1160017,Đại Thanh,,1,-1.0,0
1160018,Thanh UI thanh thời gian,,1,13.0,0
1160019,Giao diện người dùng Tiểu Thanh,,1,-1.0,0
1160020,Thanh thời gian UI Tiểu Thanh,,1,15.0,0
1160021,Bảng tên Quái đồng tiền,,1,-1.0,0
1160022,Chảy máu,Chảy máu dữ dội,1,10.0,0
1160023,"Miễn nhiễm sát thương và chân khí, không thể chọn",Đồng Tiền Phân Thân nhận được 100% giảm sát thương từ Đồng Tiền,1,-1.0,0
1160024,Khóa mục tiêu,Khóa,1,-1.0,0
1160025,Kích động,"Mỗi lần thi triển Thanh, cộng 1 tầng Kích Nộ, cường hóa tấn công",10,-1.0,0
1160026,Tính giờ,Tính giờ,2,30.0,0
1160027,Chảy máu,Chảy máu dữ dội,1,10.0,0
1160028,Vô địch,Vô địch,1,-1.0,0
1160029,Miễn nhiễm bẩm sinh với một số hiệu ứng,Miễn nhiễm bẩm sinh với một số hiệu ứng nhất định,1,-1.0,0
1160030,"Giữ trên không, chống rơi",Khóa tài nguyên,1,15.0,0
1160031,Cấm tương tác,Cấm tương tác,1,-1.0,0
1160032,Không thể chọn,Không thể chọn,1,-1.0,0
1160033,Miễn nhiễm sát thương,Đồng tiền mang lại khả năng giảm sát thương lớn cho Múa Lân,1,-1.0,0
1160034,Đánh dấu Chấp Niệm Mãn,,1,-1.0,0
1160035,Đã khóa dấu ấn,,1,20.0,0
1160036,Miễn khí tuyệt|3 Bá thể,Khóa tài nguyên,1,20.0,0
1160037,"Miễn nhiễm sát thương và chân khí, không thể chọn trúng",Miễn nhiễm sát thương và không thể bị chọn,1,40.0,0
1160038,Bất khả chiến bại,,1,60.0,0
1160039,Tăng sát thương cung tên,Sát thương cơ bản của Cung tên tăng,1,60.0,0
1160040,2 giây hồi 20%,2 giây hồi 20%,1,-1.0,0
1160041,Giây diệt đoàn,"Giai đoạn bạo phát, lần AOE thứ tư quét sạch đội hình",1,10.0,0
1160042,Mê hoặc đã đánh dấu,,1,-1.0,0
1160043,Minh Cổ Giải Nhận,Giảm sát thương 30%,1,-1.0,0
1160044,Che chở,Giảm sát thương kỹ năng đặc biệt từ Huynh đệ Múa Lân Kim Thanh,6,-1.0,0
1160045,Thiết bị che chở,,1,2.0,0
1160046,Cộng dồn sát thương,45% máu nhận 50% tăng thêm,1,4.0,0
1160047,Cộng dồn sát thương,5% Máu nhận 100% cộng thêm,1,4.0,0
1160048,Cường công,Kỳ thuật đoạt được Thanh Lộc sẽ nhận thêm tăng sức tấn công,10,-1.0,0
1160049,Thanh tiến độ đầy sẽ bị Kim Thanh Hội cướp mất,"Thanh Nhiếp, thanh tiến độ đầy sẽ bị cướp đi, AI cục sẽ đầy lâu hơn",1,75.0,0
1160050,Miễn nhiễm ô nhiễm 1160002,Miễn nhiễm ô nhiễm 1160002,1,-1.0,0
1160051,Miễn nhiễm ô nhiễm 1160049,Miễn nhiễm ô nhiễm1160049,1,-1.0,0
1160052,Dễ bị thương,"Trong thời gian này dễ bị thương, có thể cộng dồn 10 tầng",10,-1.0,0
1160053,"Tiến độ đầy, Kim Thanh Hội sẽ bị cướp đi","Giữ Thanh, tiến độ đầy sẽ bị đoạt mất Kim Thanh",1,30.0,0
1160054,Thanh tiến độ đầy sẽ bị Kim Thanh Hội cướp mất,"Thanh tiến trình Thanh Ngọc sẽ bị cướp khi đầy, nếu là trận AI thì cần thời gian đầy lâu hơn",1,60.0,0
1160055,Miễn nhiễm Ô nhiễm 1160053,Miễn nhiễm ô nhiễm 1160053,1,-1.0,0
1160056,Miễn nhiễm ô nhiễm1160054,Miễn nhiễm ô nhiễm 1160054,1,-1.0,0
1160057,Giảm công,"Bị đánh trúng giảm công, có thể cộng dồn 8 tầng, duy trì 10 giây",8,10.0,0
1160058,Bất Khả Đánh Ngã,,1,10.0,0
1160059,Vô địch,Bất bại,1,-1.0,0
1160060,Giảm sát thương khi bổ nhào,,1,4.0,0
1160100,Tham niệm ác hóa,Tốc độ tăng tham niệm nhanh hơn,6,3600.0,0
1160101,Kháng Tham Niệm,Tốc độ tăng của tham niệm chậm lại,1,60.0,0
1160103,Tăng giá trị tham niệm,"Hắc động trúng, giá trị tham niệm tăng lên",1,6.0,0
1160104,Viện trợ bách tính,"Bách tính viện trợ, hồi máu liên tục, miễn nhiễm tham niệm tăng lên",1,20.0,0
1160105,Trừng giới,"Tham niệm đầy sẽ cộng thêm hiệu quả giảm công, có thể cộng dồn 6 tầng",6,-1.0,0
1160107,Tham lam,Tham lam,1,6.0,0
1160108,Tham lam lớp,Tham lam lớp,1,1.0,0
1160109,Cường hóa mặt nạ,Mặt Nạ Cường Hóa,1,-1.0,0
1160110,Giá trị khiên tiền tăng lên,Giá trị lá chắn tiền tăng lên,1,1.0,0
1160112,Miễn khí kiệt|miễn tử|3 bá thể,Miễn Tử,1,-1.0,0
1160114,Vô Địch Ẩn Thân,Vô địch ẩn thân,1,-1.0,0
1160115,Che chở,Nhận được hiệu ứng tăng ích của Tiểu Tiền Gia,1,1.0,0
1160116,Kháng tính,Hiệu ứng tăng ích do giết Đại Tiền Gia,1,40.0,0
1160117,Tăng công,Gia tăng tấn công,10,30.0,0
1160118,Cường hóa lá chắn,Tăng cường lá chắn,1,15.0,0
1160119,Hiệu ứng tương tác mây biển,Phùng Như Chi _ bản dã ngoại boss _ thí luyện,1,3600.0,0
1160120,Hiệu ứng tương tác khói đen,Hiệu ứng tương tác khói đen,1,3600.0,0
1160121,Dễ bị thương,Trong thời gian đó dễ bị thương,1,12.0,0
1160122,"Miễn nhiễm sát thương và Chân Khí, đồng thời không thể bị chọn làm mục tiêu",Miễn dịch sát thương và chân khí và không thể chọn,1,-1.0,0
1160124,Gia công,Gia công,10,60.0,0
1160126,Yếu đuối dễ bị thương,Trong thời gian dễ bị thương,1,13.0,0
1160127,Giảm thương thuẫn,"Trong thời gian giảm thương, có thể cộng dồn 5 tầng",5,20.0,0
1160128,Gia công,Tăng công lớn,1,40.0,0
1160130,Giảm thương,Giảm thương lớn,1,-1.0,0
1160131,Bá thể,,1,10.0,0
1160132,Hộ Tráo,Hộ tráo,1,-1.0,0
1160133,Vô Địch Ẩn Thân,Vô địch ẩn thân,1,-1.0,0
1160134,Đếm ngược,,1,10.0,0
1160135,Hiệu ứng Tiêu Tán,Hiệu ứng tiêu tán,1,-1.0,0
1160136,Hiệu ứng tiêu tán,Hiệu ứng tiêu tán,1,-1.0,0
1160137,"Không hiển thị bảng tên, không thể chọn, miễn thương",,1,-1.0,0
1160138,Khóa,Khóa,1,-1.0,0
1160139,Hiệu ứng tiền nhỏ,Khóa,1,10.5,0
1160140,"Vỏ bảo hộ không thể nhận trị liệu, và miễn dịch với sát thương đạn đạo của con quay",Không thể nhận trị liệu,1,-1.0,0
1160141,Kích nộ,"Mỗi lần tổng hợp 1 lần, chồng 1 tầng kích nộ, cường hóa tấn công",10,3600.0,0
1160142,Trạng thái lơ lửng chống rơi,Khóa tài nguyên,1,15.0,0
1160143,Hồi phục Chân Khí,,1,15.0,0
1160144,Giảm công,Giảm công,1,60.0,0
1160145,Tăng phòng,Tăng phòng,10,30.0,0
1160146,Tăng phòng,Tăng phòng,10,60.0,0
1160147,Giảm công,"Mặt nạ lớn trúng gia tăng giảm công, có thể cộng dồn 10 tầng",10,20.0,0
1160148,Giảm thương,Giảm thương Chân Khí,1,3600.0,0
1160149,Dễ bị thương,,1,-1.0,0
1160150,Vô địch và không thể chọn,Vô địch và không thể chọn,1,-1.0,0
1160151,Giảm thương,AI cục bách tính giảm thương lớn,1,3600.0,0
1160152,Cường hóa mặt nạ,Mặt Nạ Cường Hóa,1,-1.0,0
1160153,Bá thể,,1,15.0,0
1160154,Chảy máu giảm công,Chảy máu giảm công,1,20.0,0
1160200,Khóa máu 0.75,Khóa máu 0.75,1,3600.0,0
1160201,Trạng thái Ẩn Vụ,"Trong sương mù, liên tục chảy máu",1,3600.0,0
1160202,Giữ Đèn,Trong thời gian cầm đèn sẽ tăng tốc tiêu hao năng lượng,1,3600.0,0
1160203,Sương mù đèn lớn P1,Phạm vi chiếu sáng rộng,1,3600.0,0
1160204,P2 Đèn Lớn Sương Mù,Trong phạm vi chiếu sáng,1,3600.0,0
1160205,Miễn thương,Miễn thương,1,3600.0,0
1160206,Năng lượng đom đóm,"Mỗi lần chỉ có thể nộp 1 cái, nhặt lại sẽ gây lãng phí",1,15.0,0
1160207,Trạng thái mê muội,"Mất phương hướng, liên tục chảy máu",1,45.0,0
1160208,Kịch thống,Chảy máu giảm công,1,3600.0,0
1160209,Khóa máu 0.5,Khóa máu 50%,1,3600.0,0
1160210,Khóa Khí Huyết 0.35,Khóa máu 0.35,1,3600.0,0
1160211,Ràng buộc,Ràng buộc khống chế đơn vị,1,20.0,0
1160212,Đau kích,Phóng đại phần trăm sát thương năng lượng,1,3600.0,0
1160213,Trạng thái sương mù,"Trong sương mù, vô địch",1,3600.0,0
1160214,Trạng thái sương mù,Khóa máu,1,3600.0,0
1160215,Trạng thái sương mù,"Trong sương mù, vô địch",1,3600.0,0
1160216,Trạng thái sương mù,"Trong sương mù, vô địch",1,3600.0,0
1160217,Sương mù đèn lớn đặc biệt,Phạm vi chiếu rọi nhỏ,1,70.0,0
1160218,Ẩn Nấp,"Trong ẩn nấp, vô địch",1,45.0,0
1160219,Miễn Khí Kiệt|Miễn Tử|3 Bá Thể,Khóa tài nguyên,1,52.0,0
1160220,Giảm năng,Giảm đáng kể năng lượng đèn lớn,1,1.5,0
1160221,Giảm năng,Giảm năng lượng đèn lớn ở mức trung bình,1,1.5,0
1160222,Giảm năng,Giảm nhẹ năng lượng đèn lớn,1,1.5,0
1160223,Thanh hao thuẫn,"Trong nghi thức Thiên Lộc, được lá chắn thanh hao bảo vệ",1,45.0,0
1160224,Không thể tương tác,Không thể tương tác,1,20.0,0
1160225,Thanh Hao tử vong,Thanh hao thuẫn khấu 25%,1,1.5,0
1160226,Tài nguyên năng lượng,Tài nguyên năng lượng,1,3600.0,0
1160227,P1 đánh dấu,Đánh dấu P1,1,-1.0,0
1160228,Đánh dấu P2,P2 ký hiệu,1,-1.0,0
1160229,Vòng vây sương mù người chơi Vĩnh Dạ,Người chơi Vĩnh Dạ bị sương mù bao quanh,1,3600.0,0
1160230,Tạm dừng rơi,Khóa tài nguyên,1,15.0,0
1160231,Bắt đầu phát động hiệu,Bắt đầu phát hiệu ứng động,1,4.0,0
1160232,Một lần,Một lần,1,2.0,0
1160233,Vô địch,Vô địch,1,3600.0,0
1160234,"Làm mù, tài nguyên đèn lớn","Trúng mù, tài nguyên đèn lớn",1,3600.0,0
1160235,Gây Mù,Gây mù,1,10.0,0
1160236,Chồng chất làm mù,Hiệu ứng Mù Lòa,1,1.0,0
1160237,Đặt dấu ấn cho kỹ năng dẫn trùng,Đánh dấu kỹ năng phóng đạo trùng,1,3600.0,0
1160238,Sói bạo tẩu,Càn Khôn Định,1,3600.0,0
1160239,Cấm cố,Khống chế đơn vị,1,20.0,0
1160240,Bị sói bạo tẩu đánh dấu,Đánh dấu,1,4.4,0
1160241,Đổ đầy,Cơ chế dẫn trùng bắt đầu nạp đầy năng lượng đèn lớn,1,1.5,0
1160242,Gây áp lực,Giai đoạn P2 cứ 10 giây sẽ có sương mù nổ và phát ra buff đường đạn · Tháp Thanh Hao,1,3600.0,0
1160243,Gây áp lực,"Pha 2, cứ mỗi 10 giây sẽ nhận buff Mê Vụ Bạo · Thiên Lộc",1,20.0,0
1160244,Đánh dấu AI sử dụng 01,Đánh dấu AI sử dụng 01,1,3600.0,0
1160245,Đánh dấu AI sử dụng 02,Đánh dấu AI sử dụng 02,1,3600.0,0
1160246,Đánh dấu AI sử dụng 03,Đánh dấu AI sử dụng 03,1,3600.0,0
1160247,Xóa,Cơ chế đạo trùng bắt đầu dọn sạch năng lượng đèn lớn,1,1.5,0
1160248,Đèn cầm trên tay từ từ về không.,Biểu thị lượng đèn chậm chạp về 0,1,30.0,0
1160249,Hiệu ứng · Giải thể tử vong chung,,1,10.0,0
1160250,Trừng phạt đêm dài,"Toàn thể Dễ bị Thương, có thể cộng dồn 5 tầng",5,3600.0,0
1160251,Giảm năng,Giảm đáng kể năng lượng đèn lớn,1,1.5,0
1160252,Hiệu ứng sương mù,Hiệu ứng sương mù,1,6.0,0
1160253,Tăng Cường Mê Vụ,"Ghi lại số tầng Thiên Lộc bị sương mù cường hóa, mỗi tầng tăng công 1%, và dùng làm điều kiện mở khóa thiên phú",99,3600.0,0
1160254,Che phủ,"Sương mù nhỏ bao phủ, có thể đến gần đăng huỳnh để xua tan",1,15.0,0
1160255,Tán đi sương mù nhỏ,Xua tan sương mù nhỏ,1,3600.0,0
1160256,Đổ đầy,Đầy,1,1.5,0
1160257,AI toàn trình cấp bậc cao nhất bá thể,,1,3600.0,0
1160258,Hiệu ứng che khuất màn hình của côn trùng dẫn đường,Hiệu ứng che khuất màn hình của Trùng Dẫn Đường,1,4.0,0
1160259,Năng lượng bằng 0 tính lần,"Ghi lại số lần năng lượng đèn lưu huỳnh là 0, 1 tầng đại diện cho 1 lần, dùng làm điều kiện mở khóa thiên phú",99,3600.0,0
1160260,Tiểu lang toàn bộ cấp độ bá thể cao nhất,,1,3600.0,0
1160261,2 giây miễn thương và 2 cấp Bá Thể,2 giây miễn thương và 2 cấp Bá Thể,1,2.0,0
1160300,Hộ tráo,Hộ tráo,1,3600.0,0
1160301,Lá chắn không thể nhận trị liệu,Không thể chịu trị liệu,1,3600.0,0
1160304,Giữ quân kỳ,"Giữ quân kỳ, giơ khiên có thể cản được tên vàng của cung thủ và kỹ năng \""Quán Nhật Kinh Đình\"" của thủ lĩnh",1,3600.0,0
1160305,Kiên Nhẫn,"Chịu sát thương giảm 80%, miễn dịch sát thương Chân Khí, bỏ qua khống chế",1,3600.0,0
1160306,Tiêu hao Chân Khí,,1,1.5,0
1160307,Phản thương thuẫn,"Gánh chịu sát thương phải chịu cho người chơi trong bán kính 10 mét. Không đánh vỡ trong 15 giây, lá chắn sẽ đầy lại",1,15.0,0
1160308,Thuẫn phản thương,"Chia đều sát thương phải chịu cho người chơi trong bán kính 10 mét. Không đánh vỡ lá chắn trong 20 giây, lá chắn sẽ đầy lại",1,20.0,0
1160309,Nguồn độc,"Người chơi sở hữu nguồn độc sẽ bị thêm hiệu ứng độc tố, giảm 30% sát thương Khí Huyết; khi biểu đồ lượng độc đầy, sẽ không biến mất, sẽ lây sang người chơi gần nhất; người chơi có thể nuốt độc trước",1,11.0,0
1160310,Giảm sát thương,"Giảm mạnh sát thương Khí Huyết, duy trì 60 giây",1,60.0,0
1160311,Dễ bị thương,"Cứ mỗi 3 giây phóng ra cầu bí pháp cho người chơi gần nhất, gây sát thương và cộng dồn 5 giây dễ bị thương, có thể cộng dồn 5 tầng, 1/2/3/4/5 tầng tương ứng 10%/30%/60%/100%/150%",5,5.0,0
1160312,Phản Thương Thuẫn,"Gán sát thương phải chịu cho người chơi trong bán kính 10 mét. 25 giây không đánh vỡ, lá chắn sẽ đầy lại",1,25.0,0
1160313,Thuẫn phản thương,"Chia đều sát thương phải chịu cho người chơi trong bán kính 10 mét. 25 giây không đánh vỡ, lá chắn sẽ đầy lại",1,25.0,0
1160314,Phản thương thuẫn dịch thương,"Khiên phản thương không bị vỡ sẽ nổ một lần, gắn thêm cho người chơi dễ bị thương, có thể cộng dồn 5 tầng, duy trì 30 giây",5,30.0,0
1160315,Giáp Kích Cương,Phản lại 30% sát thương đã nhận cho kẻ tấn công,1,3600.0,0
1160316,Đánh dấu,,1,60.0,0
1160317,Tụ quái,"Vị trí gánh chịu nhận được 1 kỹ năng tụ quái, điều tức 30 giây",1,3600.0,0
1160318,Miễn dịch hoạt ảnh,,1,3600.0,0
1160319,Bá thể cấp 2,,1,3600.0,0
1160320,Giảm sát thương,"Thôn độc, giảm sát thương Khí Huyết trong thời gian dài, có thể xếp lớp, 1/2/3/4/5 lớp tương ứng với 10%/15%/20%/25%/30%",5,3600.0,0
1160321,Đánh dấu,,1,-1.0,0
1160322,Bá Thể 1 cấp,,1,3600.0,0
1160323,Đánh dấu,,1,-1.0,0
1160324,Đánh dấu,,1,-1.0,0
1160325,Can nhiễu,"Sau 6 giây gây cho đồng đội trong phạm vi 6 mét hiệu ứng lơ lửng, bao gồm cả bản thân",1,6.5,0
1160326,Đánh dấu,,1,20.0,0
1160327,Đánh dấu,,1,20.0,0
1160328,Đánh dấu,,1,20.0,0
1160329,Khiên dẫn,Người chơi liên tục bị lực hút trọng lực thấp kéo về,1,2.8,0
1160330,Khiên dẫn,Người chơi liên tục bị trọng lực kéo,1,2.8,0
1160331,Khiên dẫn,Người chơi liên tục bị lực hấp dẫn cao kéo,1,2.8,0
1160332,Khiên dẫn,Người chơi liên tục bị siêu cao trọng lực kéo,1,2.8,0
1160333,Minh Quang cường hóa,"Chịu cường hóa ánh sáng, gây ra sát thương khí huyết và hiệu quả trị liệu tăng 20%, duy trì 30 giây",1,30.0,0
1160334,Không thể nhận trị liệu,Không thể nhận được trị liệu,1,3600.0,0
1160335,Miễn thương và không thể chọn,Miễn thương và không thể chọn,1,3600.0,0
1170000,Mạc Kim tiêu hao Mạc Kim Thủ,Đã sử dụng một lần Mạc Kim Thủ,1,1.0,0
1170001,Đang rút lui,,1,-1.0,0
1170002,Đồng tâm,Túy Tửu,1,180.0,0
1170003,Đồng tâm,Túy tửu,1,58.0,0
1170004,Bế khí ngưng thần,"Nín thở ngưng thần, tiêu hao oxy giảm bớt",1,300.0,0
1180000,Điểu nhân không trung bá thể,,1,-1.0,0
1180001,Dấu hiệu xoay vòng,,1,-1.0,0
1180002,Tắt đâm sau lưng,,1,-1.0,0
1180003,Tuyền Vòng Vô Địch,,1,-1.0,0
1180004,Bá thể Miễn Khí Kiệt,,1,-1.0,0
1180005,Bá thể Miễn khí kiệt Miễn tử,,1,-1.0,0
1180006,Dấu hiệu tàn huyết,,1,-1.0,0
1180007,Miễn dịch hồng trần,,1,-1.0,0
1190000,Tỉnh lại,,1,2.0,0
1190001,Miễn tử,,1,-1.0,0
1190002,Dẫn Lộ Minh Đăng,"Đứng gần đèn lồng màu xanh lá cây, tạm thời miễn nhiễm với ảnh hưởng của sương độc.",10,-1.0,0
1190003,Mê Tân Thất Hướng,"Diêu Lão Tửu đang đau đầu vì con trai muốn đi giang hồ, đã chặn người giang hồ lại, muốn bày một ván để #a66829 Diêu Tiểu Khoái#E biết giang hồ hiểm ác. Cầm lấy 《Giáng Cẩu Thập Lục Côn》, xem thử bản lĩnh của đứa trẻ này ra sao.",1,-1.0,0
1190004,Lạnh lẽo,"Cực hàn thấu xương, nhanh chóng trở về khu vực ấm áp",1,-1.0,0
1190005,Lạnh lẽo,"Cực hàn thấu xương, nhanh chóng trở về khu vực ấm áp",1,-1.0,0
1190006,Lạnh,"Giá rét thấu xương, mau chóng quay về khu vực ấm áp",1,-1.0,0
1190007,Lạnh giá,"Giá rét thấu xương, mau chóng quay về khu vực ấm áp",1,-1.0,0
1190008,Hàn lãnh,"Cực hàn thấu xương, nhanh chóng trở về khu vực ấm áp",1,-1.0,0
1200000,Dư vị thỏ múa,,1,1.5,0
1200001,Trượt cát,,1,10.0,0
1200002,Cương Cân Thiết Cốt,"Rơi từ trên cao miễn nhiễm sát thương (không thể miễn nhiễm trọng thương), cứ 10 phút chỉ có thể kích hoạt một lần",1,12.0,0
1200004,Hóa Phong,,1,10.0,0
1210000,Ngưu Đầu,,1,-1.0,0
1210001,Mã Diện,,1,-1.0,0
1210002,Ngưu Đầu,,1,-1.0,0
1210003,Mã Diện,,1,-1.0,0
1220000,Hồi phục Thể Lực,,1,0.2,0
1230000,Hiệu ứng gió cát,,1,-1.0,0
1230004,Đọc kinh thư,,1,2.0,0
1230005,Đánh dấu sau khi đọc kinh thư,,1,1.0,0
1230006,Già Lam Bộ,Tốc độ di chuyển tăng 50%.,1,240.0,0
1230007,Vô Lượng Thân,Miễn dịch với hầu hết các cứng người bị đánh.,1,240.0,0
1230008,Niêm Hoa Ý,"Tỷ lệ Hội Tâm tăng 60%, sát thương Hội Tâm tăng 25%.",1,240.0,0
1230009,Kim Cương Kính,Sát thương tăng 50%.,1,240.0,0
1230010,Trứ Ma Âm,,1,2.0,0
1230011,Biến thân,,1,-1.0,0
1230012,Biến thân,,1,-1.0,0
1230013,Trứ Ma Âm,,1,2.0,0
1240000,Chó bị ảo giác,"Khi lên cơn cuồng loạn, thần thái và hình dáng đều giống chó, người ngoài nhìn vào cũng như một con chó.",1,40.0,0
1240001,Chứng cuồng loạn hình lừa,"Khi lên cơn kinh chứng, thần thái và hình dáng đều giống như lừa, người ngoài nhìn vào cũng như một con lừa vậy.",1,40.0,0
1240002,Lộc Hình Ảo Giác,"Khi lên cơn cuồng loạn, thần thái và hình dáng đều giống như hươu, người ngoài nhìn vào cũng như một con hươu vậy.",1,40.0,0
1240003,Gấu Huyễn Chứng,"Khi chứng bệnh cuồng loạn phát tác, thần thái và hình thể đều giống gấu, người ngoài nhìn vào cũng như một con gấu vậy.",1,40.0,0
1240004,Chim Điên Dại,"Khi lên cơn cuồng loạn, thần thái và hình dáng đều giống như chim, người ngoài nhìn vào cũng như một con chim vậy.",1,40.0,0
1250000,Túi bố,Ma bố đại mộng nhất tràng,1,-1.0,0
1250001,Túi vải bố,Túi vải bố mộng lớn một giấc,1,-1.0,0
1250002,Túi vải bố,Túi vải bố mộng lớn một hồi,1,-1.0,0
1250003,Hồi máu,,1,1.0,0
1250004,Tốc độ hồi phục Chân Khí 1,,1,-1.0,0
1250005,Tốc độ 2 hồi phục Chân Khí,,1,-1.0,0
1250006,Điều chỉnh cứng đờ lực va chạm,,1,3.0,0
1250007,Quan vật lý,,1,5.0,0
1250008,Buff lửa của Liễu Tiểu Hoành Đao,,1,-1.0,0
1250009,Khóa máu 49.9,,1,-1.0,0
1250010,Khóa máu 1,,1,-1.0,0
1250011,Thu nhỏ theo tỷ lệ nhân vật chính,,1,-1.0,0
1260000,Thay hình đổi dạng,"Hành động kín đáo trong tửu quán Phong Sa, đã thay đổi ngoại hình và tên ngẫu nhiên.",1,-1.0,0
1260001,Thay hình đổi dạng,"Hành sự kín đáo trong quán rượu Phong Sa, đã thay đổi ngoại hình và tên ngẫu nhiên.",1,-1.0,0
1260002,Thay hình đổi dạng,"Hành sự kín đáo trong quán rượu Phong Sa, đã thay đổi ngoại hình và tên ngẫu nhiên.",1,-1.0,0
1260003,Thay hình đổi dạng,"Hành sự kín đáo trong tửu quán Phong Sa, đã thay đổi ngoại hình và tên ngẫu nhiên.",1,-1.0,0
1260004,Thay hình đổi dạng,"Hành sự kín đáo trong quán rượu Phong Sa, đã thay đổi ngoại hình và tên ngẫu nhiên.",1,-1.0,0
1260005,Thay hình đổi dạng,"Hành sự kín đáo trong quán rượu gió cát, đã thay đổi ngoại hình và tên ngẫu nhiên.",1,-1.0,0
1260006,Thay hình đổi dạng,"Hành sự kín đáo trong quán rượu Phong Sa, đã thay đổi ngoại hình và tên ngẫu nhiên.",1,-1.0,0
1260007,Thay hình đổi dạng,"Hành sự kín đáo trong quán rượu Phong Sa, đã thay đổi ngoại hình và tên ngẫu nhiên.",1,-1.0,0
1260008,Thay hình đổi dạng,"Hành sự kín đáo trong quán rượu Phong Sa, đã thay đổi ngoại hình và tên ngẫu nhiên.",1,-1.0,0
1260009,Thay hình đổi dạng,"Hành sự kín đáo trong tửu quán Phong Sa, đã thay đổi ngoại hình và tên ngẫu nhiên.",1,-1.0,0
1260010,Thay hình đổi dạng,"Hành sự kín đáo trong quán rượu Phong Sa, đã thay đổi ngoại hình và tên ngẫu nhiên.",1,-1.0,0
1260011,Thay hình đổi dạng,"Hành sự kín đáo trong quán rượu Phong Sa, đã thay đổi ngoại hình và tên ngẫu nhiên.",1,-1.0,0
1260012,Thay hình đổi dạng,"Hành động kín đáo trong quán rượu Phong Sa, đã thay đổi ngoại hình và tên ngẫu nhiên.",1,-1.0,0
1260013,Thay hình đổi dạng,"Hành sự kín đáo trong quán rượu gió cát, đã thay đổi ngoại hình và tên ngẫu nhiên.",1,-1.0,0
1260014,Thay hình đổi dạng,"Hành động kín đáo trong Tửu Quán Phong Sa, đã thay đổi ngoại hình và tên ngẫu nhiên.",1,-1.0,0
1260015,Thay hình đổi dạng,"Hành sự kín đáo trong tửu quán Phong Sa, đã thay đổi ngoại hình và tên ngẫu nhiên.",1,-1.0,0
1260016,Thay hình đổi dạng,"Hành sự kín đáo trong tửu quán Phong Sa, đã thay đổi ngoại hình và tên ngẫu nhiên.",1,-1.0,0
1260017,Thay hình đổi dạng,"Hành sự kín đáo trong tửu quán Phong Sa, đã thay đổi ngoại hình và tên ngẫu nhiên.",1,-1.0,0
1260018,Thay hình đổi dạng,"Hành sự kín đáo trong tửu quán Phong Sa, đã thay đổi ngoại hình và tên ngẫu nhiên.",1,-1.0,0
1260019,Thay hình đổi dạng,"Hành sự kín đáo trong tửu quán Phong Sa, đã thay đổi ngoại hình và tên ngẫu nhiên.",1,-1.0,0
1260020,Thay hình đổi dạng,"Hành sự kín đáo trong quán rượu Phong Sa, đã thay đổi ngoại hình và tên ngẫu nhiên.",1,-1.0,0
1260021,Thay hình đổi dạng,"Hành sự kín đáo trong quán rượu Phong Sa, đã thay đổi ngoại hình và tên ngẫu nhiên.",1,-1.0,0
1260022,Thay hình đổi dạng,"Hành sự kín đáo trong tửu quán Phong Sa, đã thay đổi ngoại hình và tên ngẫu nhiên.",1,-1.0,0
1260023,Thay hình đổi dạng,"Hành sự kín đáo trong quán rượu Phong Sa, đã thay đổi ngoại hình và tên ngẫu nhiên.",1,-1.0,0
1260024,Thay hình đổi dạng,"Hành sự kín đáo trong quán rượu Phong Sa, đã thay đổi ngoại hình và tên ngẫu nhiên.",1,-1.0,0
1260025,Thay hình đổi dạng,"Hành sự kín đáo trong quán rượu Phong Sa, đã thay đổi ngoại hình và tên ngẫu nhiên.",1,-1.0,0
1260026,Thay hình đổi dạng,"Hành động kín đáo trong quán rượu Phong Sa, đã thay đổi ngoại hình và tên ngẫu nhiên.",1,-1.0,0
1260027,Thay hình đổi dạng,"Hành sự kín đáo trong tửu quán Phong Sa, đã thay đổi ngoại hình và tên ngẫu nhiên.",1,-1.0,0
1260028,Thay hình đổi dạng,"Hành sự kín đáo trong Phong Sa Tửu Quán, đã thay đổi ngoại hình và tên ngẫu nhiên.",1,-1.0,0
1260029,Thay hình đổi dạng,"Hành sự kín đáo trong quán rượu Phong Sa, đã thay đổi ngoại hình và tên ngẫu nhiên.",1,-1.0,0
1260030,Thay hình đổi dạng,"Hành sự kín đáo trong Phong Sa Tửu Quán, đã thay đổi ngoại hình và tên ngẫu nhiên.",1,-1.0,0
1260031,Thay hình đổi dạng,"Hành sự kín đáo trong quán rượu Phong Sa, đã thay đổi ngoại hình và tên ngẫu nhiên.",1,-1.0,0
1260032,Thay hình đổi dạng,"Hành sự kín đáo trong quán rượu Phong Sa, đã thay đổi ngoại hình và tên ngẫu nhiên.",1,-1.0,0
1260033,Thay hình đổi dạng,"Hành sự kín đáo trong tửu quán Phong Sa, đã thay đổi ngoại hình và tên ngẫu nhiên.",1,-1.0,0
1260034,Thay hình đổi dạng,"Hành sự kín đáo trong quán rượu Phong Sa, đã đổi ngoại hình và tên ngẫu nhiên.",1,-1.0,0
1260035,Thay hình đổi dạng,"Hành động kín đáo trong tửu quán Phong Sa, đã thay đổi ngoại hình và tên ngẫu nhiên.",1,-1.0,0
1260036,Thay hình đổi dạng,"Hành sự kín đáo trong quán rượu Phong Sa, đã thay đổi ngoại hình và tên ngẫu nhiên.",1,-1.0,0
1260037,Thay hình đổi dạng,"Hành sự kín đáo trong tửu quán Phong Sa, đã thay đổi ngoại hình và tên ngẫu nhiên.",1,-1.0,0
1260038,Thay hình đổi dạng,"Hành sự kín đáo trong tửu quán Phong Sa, đã thay đổi ngoại hình và tên ngẫu nhiên.",1,-1.0,0
1260039,Thay hình đổi dạng,"Hành sự kín đáo trong Phong Sa Tửu Quán, đã thay đổi ngoại hình và tên ngẫu nhiên.",1,-1.0,0
1260040,Thay hình đổi dạng,"Hành động kín đáo trong quán rượu Phong Sa, đã thay đổi ngoại hình và tên ngẫu nhiên.",1,-1.0,0
1260041,Thay hình đổi dạng,"Hành sự kín đáo trong quán rượu Phong Sa, đã thay đổi ngoại hình và tên ngẫu nhiên.",1,-1.0,0
1260042,Thay hình đổi dạng,"Hành sự kín đáo trong quán rượu Phong Sa, đã thay đổi ngoại hình và tên ngẫu nhiên.",1,-1.0,0
1260043,Thay hình đổi dạng,"Hành động kín đáo trong quán rượu gió cát, đã thay đổi ngoại hình và tên ngẫu nhiên.",1,-1.0,0
1260044,Thay hình đổi dạng,"Hành sự kín đáo trong quán rượu Phong Sa, đã thay đổi ngoại hình và tên ngẫu nhiên.",1,-1.0,0
1260045,Thay hình đổi dạng,"Hành động kín đáo trong quán rượu Phong Sa, đã thay đổi ngoại hình và tên ngẫu nhiên.",1,-1.0,0
1260046,Thay đổi dung mạo,"Hành động kín đáo trong tửu quán Phong Sa, đã thay đổi ngoại hình và tên ngẫu nhiên.",1,-1.0,0
1260047,Thay hình đổi dạng,"Hành sự kín đáo trong tửu quán Phong Sa, đã thay đổi ngoại hình và tên ngẫu nhiên.",1,-1.0,0
1260048,Thay hình đổi dạng,"Hành sự kín đáo trong quán rượu Phong Sa, đã thay đổi ngoại hình và tên ngẫu nhiên.",1,-1.0,0
1260049,Thay hình đổi dạng,"Hành sự kín đáo trong tửu quán Phong Sa, đã thay đổi ngoại hình và tên ngẫu nhiên.",1,-1.0,0
1260050,Thay hình đổi dạng,"Hành sự kín đáo trong quán rượu Phong Sa, đã thay đổi ngoại hình và tên ngẫu nhiên.",1,-1.0,0
1260051,Thay Hình Đổi Dạng,"Hành sự kín đáo trong quán rượu Phong Sa, đã thay đổi ngoại hình và tên ngẫu nhiên.",1,-1.0,0
1260052,Cải Đầu Hoán Diện,"Hành sự kín đáo trong Quán rượu Gió Cát, đã thay đổi ngoại hình và tên ngẫu nhiên.",1,-1.0,0
1260053,Thay hình đổi dạng,"Hành sự kín đáo trong Phong Sa Tửu Quán, đã thay đổi ngoại hình và tên ngẫu nhiên.",1,-1.0,0
1260054,Thay hình đổi dạng,"Hành sự kín đáo trong tửu quán Phong Sa, đã thay đổi ngoại hình và tên ngẫu nhiên.",1,-1.0,0
1260055,Thay hình đổi dạng,"Hành sự kín đáo trong quán rượu Phong Sa, đã thay đổi ngoại hình và tên ngẫu nhiên.",1,-1.0,0
1260056,Thay hình đổi dạng,"Hành sự kín đáo trong tửu quán Phong Sa, đã thay đổi ngoại trang và tên ngẫu nhiên.",1,-1.0,0
1260057,Thay Đổi Diện Mạo,"Hành sự kín đáo trong tửu quán Phong Sa, đã thay đổi ngoại hình và tên ngẫu nhiên.",1,-1.0,0
1260058,Thay hình đổi dạng,"Hành sự kín đáo trong quán rượu Phong Sa, đã thay đổi ngoại hình và tên ngẫu nhiên.",1,-1.0,0
1260059,Thay hình đổi dạng,"Hành sự kín đáo trong quán rượu Phong Sa, đã thay đổi ngoại hình và tên ngẫu nhiên.",1,-1.0,0
1260060,Thay hình đổi dạng,"Hành sự kín đáo trong quán rượu Phong Sa, đã thay đổi ngoại hình và tên ngẫu nhiên.",1,-1.0,0
1260061,Thay hình đổi dạng,"Hành sự kín đáo trong tửu quán Phong Sa, đã thay đổi ngoại hình và tên ngẫu nhiên.",1,-1.0,0
1260062,Thay hình đổi dạng,"Hành sự kín đáo trong quán rượu Phong Sa, đã thay đổi ngoại hình và tên ngẫu nhiên.",1,-1.0,0
1260063,Thay hình đổi dạng,"Hành sự kín đáo trong quán rượu Phong Sa, đã thay đổi ngoại hình và tên ngẫu nhiên.",1,-1.0,0
1260064,Thay hình đổi dạng,"Hành sự kín đáo trong tửu quán Phong Sa, đã thay đổi ngoại hình và tên ngẫu nhiên.",1,-1.0,0
1260065,Thay hình đổi dạng,"Hành sự kín đáo trong quán rượu Phong Sa, đã thay đổi ngoại hình và tên ngẫu nhiên.",1,-1.0,0
1260066,Thay hình đổi dạng,"Hành sự kín đáo trong tửu quán Phong Sa, đã thay đổi ngoại hình và tên ngẫu nhiên.",1,-1.0,0
1260067,Thay hình đổi dạng,"Hành sự kín đáo trong Tửu Quán Phong Sa, đã thay đổi ngoại hình và tên ngẫu nhiên.",1,-1.0,0
1260068,Thay hình đổi dạng,"Hành sự kín đáo trong Tửu Quán Phong Sa, đã thay đổi ngoại hình và tên ngẫu nhiên.",1,-1.0,0
1260069,Thay hình đổi dạng,"Hành động kín đáo trong Tửu Quán Phong Sa, đã thay đổi ngoại hình và tên ngẫu nhiên.",1,-1.0,0
1260070,Thay hình đổi dạng,"Hành sự kín đáo trong quán rượu Phong Sa, đã thay đổi ngoại hình và tên ngẫu nhiên.",1,-1.0,0
1260071,Thay hình đổi dạng,"Hành sự kín đáo trong tửu quán Phong Sa, đã thay đổi ngoại hình và tên ngẫu nhiên.",1,-1.0,0
1260072,Thay hình đổi dạng,"Hành sự kín đáo trong Phong Sa Tửu Quán, đã thay đổi ngoại hình và tên ngẫu nhiên.",1,-1.0,0
1260073,Thay hình đổi dạng,"Hành sự kín đáo trong quán rượu Phong Sa, đã thay đổi ngoại hình và tên ngẫu nhiên.",1,-1.0,0
1260074,Thay hình đổi dạng,"Hành sự kín đáo trong tửu quán Phong Sa, đã thay đổi ngoại hình và tên ngẫu nhiên.",1,-1.0,0
1260075,Thay hình đổi dạng,"Hành sự kín đáo trong tửu quán Phong Sa, đã thay đổi ngoại hình và tên ngẫu nhiên.",1,-1.0,0
1260076,Thay hình đổi dạng,"Hành động kín đáo trong tửu quán Phong Sa, đã thay đổi ngoại hình và tên ngẫu nhiên.",1,-1.0,0
1260077,Thay hình đổi dạng,"Hành sự kín đáo trong quán rượu Phong Sa, đã thay đổi ngoại hình và tên ngẫu nhiên.",1,-1.0,0
1260078,Thay hình đổi dạng,"Hành động kín đáo trong tửu quán Phong Sa, đã thay đổi ngoại hình và tên ngẫu nhiên.",1,-1.0,0
1260079,Thay hình đổi dạng,"Hành sự kín đáo trong tửu quán Phong Sa, đã thay đổi ngoại hình và tên ngẫu nhiên.",1,-1.0,0
1260080,Thay hình đổi dạng,"Hành động kín đáo trong quán rượu Phong Sa, đã thay đổi ngoại hình và tên ngẫu nhiên.",1,-1.0,0
1260081,Thay hình đổi dạng,"Hành sự kín đáo trong quán rượu Phong Sa, đã thay đổi ngoại hình và tên ngẫu nhiên.",1,-1.0,0
1260082,Thay hình đổi dạng,"Hành sự kín đáo trong quán rượu gió cát, đã thay đổi ngoại hình và tên ngẫu nhiên.",1,-1.0,0
1260083,Thay hình đổi dạng,"Trong tửu quán phong sa hành sự khiêm tốn, đã thay đổi ngoại hình, tên ngẫu nhiên.",1,-1.0,0
1260084,Thay hình đổi dạng,"Hành sự kín đáo trong quán rượu Phong Sa, đã thay đổi ngoại hình và tên ngẫu nhiên.",1,-1.0,0
1260085,Thay hình đổi dạng,"Hành sự kín đáo trong Phong Sa Tửu Quán, đã thay đổi ngoại hình và tên ngẫu nhiên.",1,-1.0,0
1260086,Thay hình đổi dạng,"Hành sự kín đáo trong quán rượu Phong Sa, đã thay đổi ngoại hình và tên ngẫu nhiên.",1,-1.0,0
1260087,Thay hình đổi dạng,"Hành sự kín đáo trong quán rượu Phong Sa, đã thay đổi ngoại hình và tên ngẫu nhiên.",1,-1.0,0
1260088,Thay hình đổi dạng,"Hành sự kín đáo trong tửu quán Phong Sa, đã thay đổi ngoại hình và tên ngẫu nhiên.",1,-1.0,0
1260089,Thay hình đổi dạng,"Hành sự kín đáo trong tửu quán Phong Sa, đã thay đổi ngoại hình và tên ngẫu nhiên.",1,-1.0,0
1260090,Thay hình đổi dạng,"Hành sự kín đáo trong quán rượu Phong Sa, đã thay đổi ngoại hình và tên ngẫu nhiên.",1,-1.0,0
1260091,Thay hình đổi dạng,"Hành sự kín đáo trong tửu quán Phong Sa, đã thay đổi ngoại hình và tên ngẫu nhiên.",1,-1.0,0
1260092,Thay hình đổi dạng,"Hành sự kín đáo trong tửu quán Phong Sa, đã thay đổi ngoại hình và tên ngẫu nhiên.",1,-1.0,0
1260093,Thay hình đổi dạng,"Hành sự kín đáo trong quán rượu Phong Sa, đã thay đổi ngoại hình và tên ngẫu nhiên.",1,-1.0,0
1260094,Đổi đầu tráo mặt,"Hành sự kín đáo trong tửu quán Phong Sa, đã thay đổi ngoại hình và tên ngẫu nhiên.",1,-1.0,0
1260095,Thay hình đổi dạng,"Hành động kín đáo trong quán rượu Phong Sa, đã thay đổi ngoại hình và tên ngẫu nhiên.",1,-1.0,0
1260096,Thay hình đổi dạng,"Hành sự kín đáo trong quán rượu Phong Sa, đã thay đổi ngoại hình và tên ngẫu nhiên.",1,-1.0,0
1260097,Thay hình đổi dạng,"Hành sự kín đáo trong quán rượu Phong Sa, đã thay đổi ngoại hình và tên ngẫu nhiên.",1,-1.0,0
1260098,Thay hình đổi dạng,"Hành sự kín đáo trong quán rượu Phong Sa, đã thay đổi ngoại hình và tên ngẫu nhiên.",1,-1.0,0
1260099,Thay hình đổi dạng,"Hành sự kín đáo trong Phong Sa Tửu Quán, đã thay đổi ngoại hình và tên ngẫu nhiên.",1,-1.0,0
1260100,Thay hình đổi dạng,"Hành sự kín đáo trong tửu quán Phong Sa, đã thay đổi ngoại hình và tên ngẫu nhiên.",1,-1.0,0
1260101,Thay hình đổi dạng,"Hành sự kín đáo trong Phong Sa Tửu Quán, đã thay đổi ngoại hình và tên ngẫu nhiên.",1,-1.0,0
1260102,Thay hình đổi dạng,"Hành sự kín đáo trong tửu quán Phong Sa, đã thay đổi ngoại hình và tên ngẫu nhiên.",1,-1.0,0
1260103,Thay hình đổi dạng,"Hành sự kín đáo trong tửu quán Phong Sa, đã thay đổi ngoại hình và tên ngẫu nhiên.",1,-1.0,0
1260104,Thay hình đổi dạng,"Hành sự kín đáo trong tửu quán Phong Sa, đã thay đổi ngoại hình và tên ngẫu nhiên.",1,-1.0,0
1260105,Thay hình đổi dạng,"Hành sự kín đáo trong quán rượu gió cát, đã thay đổi ngoại hình và tên ngẫu nhiên.",1,-1.0,0
1260106,Thay hình đổi dạng,"Hành động kín đáo trong quán rượu Phong Sa, đã thay đổi ngoại hình và tên ngẫu nhiên.",1,-1.0,0
1260107,Thay hình đổi dạng,"Hành sự kín đáo trong quán rượu Phong Sa, đã thay đổi ngoại hình và tên ngẫu nhiên.",1,-1.0,0
1260108,Thay hình đổi dạng,"Hành sự kín đáo trong Quán Rượu Phong Sa, đã thay đổi ngoại hình và tên ngẫu nhiên.",1,-1.0,0
1260109,Thay hình đổi dạng,"Hành sự kín đáo trong Quán rượu Phong Sa, đã thay đổi ngoại hình và tên ngẫu nhiên.",1,-1.0,0
1260110,Thay hình đổi dạng,"Hành sự kín đáo trong Phong Sa Tửu Quán, đã thay đổi ngoại hình và tên ngẫu nhiên.",1,-1.0,0
1260111,Thay hình đổi dạng,"Hành sự kín đáo trong tửu quán Phong Sa, đã thay đổi ngoại hình và tên ngẫu nhiên.",1,-1.0,0
1260112,Thay hình đổi dạng,"Hành sự kín đáo trong quán rượu Phong Sa, đã thay đổi ngoại hình và tên ngẫu nhiên.",1,-1.0,0
1260113,Thay hình đổi dạng,"Hành sự kín đáo trong tửu quán Phong Sa, đã thay đổi ngoại hình và tên ngẫu nhiên.",1,-1.0,0
1260114,Thay hình đổi dạng,"Hành sự kín đáo trong Quán rượu Phong Sa, đã thay đổi ngoại hình và tên ngẫu nhiên.",1,-1.0,0
1260115,Thay hình đổi dạng,"Hành sự kín đáo trong tửu quán Phong Sa, đã thay đổi ngoại hình và tên ngẫu nhiên.",1,-1.0,0
1260116,Thay hình đổi dạng,"Hành sự kín đáo trong quán rượu Phong Sa, đã thay đổi ngoại hình và tên ngẫu nhiên.",1,-1.0,0
1260117,Thay hình đổi dạng,"Hành sự kín đáo trong Quán rượu Phong Sa, đã thay đổi ngoại hình và tên ngẫu nhiên.",1,-1.0,0
1260118,Thay hình đổi dạng,"Hành sự kín đáo trong tửu quán Phong Sa, đã thay đổi ngoại hình và tên ngẫu nhiên.",1,-1.0,0
1260119,Thay hình đổi dạng,"Hành động kín đáo trong quán rượu Phong Sa, đã thay đổi ngoại hình và tên ngẫu nhiên.",1,-1.0,0
1260120,Thay hình đổi dạng,"Hành sự kín đáo trong quán rượu Phong Sa, đã thay đổi ngoại hình và tên ngẫu nhiên.",1,-1.0,0
1260121,Thay hình đổi dạng,"Hành sự kín đáo trong tửu quán Phong Sa, đã thay đổi ngoại hình và tên ngẫu nhiên.",1,-1.0,0
1260122,Thay hình đổi dạng,"Hành sự kín đáo trong quán rượu Phong Sa, đã thay đổi ngoại hình và tên ngẫu nhiên.",1,-1.0,0
1260123,Thay hình đổi dạng,"Hành sự kín đáo trong tửu quán Phong Sa, đã thay đổi ngoại hình và tên ngẫu nhiên.",1,-1.0,0
1260124,Thay hình đổi dạng,"Hành sự kín đáo trong tửu quán Phong Sa, đã thay đổi ngoại hình và tên ngẫu nhiên.",1,-1.0,0
1260125,Thay hình đổi dạng,"Hành sự kín đáo trong tửu quán Phong Sa, đã thay đổi ngoại hình và tên ngẫu nhiên.",1,-1.0,0
1260126,Thay hình đổi dạng,"Hành sự kín đáo trong quán rượu Phong Sa, đã thay đổi ngoại hình và tên ngẫu nhiên.",1,-1.0,0
1260127,Thay hình đổi dạng,"Hành động kín đáo trong tửu quán Phong Sa, đã thay đổi ngoại hình và tên ngẫu nhiên.",1,-1.0,0
1260128,Thay hình đổi dạng,"Hành sự kín đáo trong quán rượu Phong Sa, đã thay đổi ngoại hình và tên ngẫu nhiên.",1,-1.0,0
1260129,Thay hình đổi dạng,"Hành động kín đáo trong quán rượu Phong Sa, đã thay đổi ngoại hình và tên ngẫu nhiên.",1,-1.0,0
1260130,Thay hình đổi dạng,"Hành sự kín đáo trong quán rượu Phong Sa, đã thay đổi ngoại hình và tên ngẫu nhiên.",1,-1.0,0
1260131,Thay hình đổi dạng,"Hành sự kín đáo trong quán rượu Phong Sa, đã thay đổi ngoại hình và tên ngẫu nhiên.",1,-1.0,0
1260132,Thay hình đổi dạng,"Hành sự kín đáo trong tửu quán Phong Sa, đã thay đổi ngoại hình và tên ngẫu nhiên.",1,-1.0,0
1260133,Thay hình đổi dạng,"Hành sự kín đáo trong tửu quán Phong Sa, đã thay đổi ngoại hình và tên ngẫu nhiên.",1,-1.0,0
1260134,Thay Đổi Diện Mạo,"Hành sự kín đáo trong tửu quán Phong Sa, đã thay đổi ngoại hình và tên ngẫu nhiên.",1,-1.0,0
1260135,Thay hình đổi dạng,"Hành sự kín đáo trong quán rượu Phong Sa, đã thay đổi ngoại hình và tên ngẫu nhiên.",1,-1.0,0
1260136,Thay hình đổi dạng,"Hành sự kín đáo trong Phong Sa Tửu Quán, đã thay đổi ngoại hình và tên ngẫu nhiên.",1,-1.0,0
1260137,Thay hình đổi dạng,"Hành sự kín đáo trong Phong Sa Tửu Quán, đã thay đổi ngoại hình và tên ngẫu nhiên.",1,-1.0,0
1260138,Thay hình đổi dạng,"Hành sự kín đáo trong quán rượu Phong Sa, đã thay đổi ngoại hình và tên ngẫu nhiên.",1,-1.0,0
1260139,Thay hình đổi dạng,"Hành sự kín đáo trong Phong Sa Tửu Quán, đã thay đổi ngoại hình và tên ngẫu nhiên.",1,-1.0,0
1260140,Thay hình đổi dạng,"Hành sự kín đáo trong Túy Quán Phong Sa, đã thay đổi ngoại hình và tên ngẫu nhiên.",1,-1.0,0
1260141,Thay hình đổi dạng,"Hành sự kín đáo trong Phong Sa Tửu Quán, đã thay đổi ngoại hình và tên ngẫu nhiên.",1,-1.0,0
1260142,Thay hình đổi dạng,"Hành sự kín đáo trong Phong Sa Tửu Tứ, đã thay đổi ngoại hình và tên ngẫu nhiên.",1,-1.0,0
1260143,Thay hình đổi dạng,"Hành sự kín đáo trong Phong Sa Tửu Tứ, đã thay đổi ngoại trang và tên ngẫu nhiên.",1,-1.0,0
1260144,Xảo Yến,"Giảm 10% tiêu hao Thể lực khi nhảy, tăng giới hạn Thể lực.",1,900.0,2
1290000,Hà Tây chủ tuyến · An Lưu Ly (nữ),Túi vải bố lớn một giấc mộng,1,-1.0,0
1290001,Hà Tây Chủ Tuyến · Tào Nữ Nương,Túi bố mộng lớn một hồi,1,-1.0,0
1300000,Hồi phục Thể lực,,1,1.0,0
1300001,Tăng Uy,,1,1.0,0
1300002,Vật thể tương tác rỗng ở đáy dây cáp trượt dọc,,1,1.0,0
1300003,Nộ Uy đề thăng,,1,1.0,0
1300004,Giảm Nộ Uy,,1,1.0,0
1300005,Sóng triều tăng trưởng,,1,1.0,0
1300006,Triệu hoán sóng triều,,1,35.0,0
1300007,Lá chắn,,1,30.0,0
1300008,Nộ Uy,,1,-1.0,0
1300009,Nộ Uy,,1,-1.0,0
1300010,Triệu hoán sóng triều,,1,35.0,0
1300011,Triệu hoán sóng triều,,1,35.0,0
1300012,Triệu hoán Lãng Triều,,1,35.0,0
1300013,Triệu hoán sóng triều,,1,35.0,0
1300014,Mục tiêu buff,,1,10.0,0
1300015,Mục tiêu buff,,1,10.0,0
1300016,Mục tiêu buff,,1,10.0,0
1300017,Hiệu ứng mục tiêu,,1,10.0,0
1300018,Bá thể,,1,3600.0,0
1300019,Điệp Lãng,,1,15.0,0
1300020,Điệp Lãng,,1,15.0,0
1300021,Điệp Lãng,,1,15.0,0
1300022,Điệp Lãng,,1,15.0,0
1300023,Thiết lập loại va chạm: 1,,1,25.0,0
1300024,Nộ Uy tăng dấu ấn vị trí 1,,1,25.0,0
1300025,Nộ Uy tăng vị trí đánh dấu 2,,1,25.0,0
1300026,Nộ Uy tăng đánh dấu vị 3,,1,25.0,0
1300027,Nộ Uy tăng thêm vị trí đánh dấu 4,,1,25.0,0
1300028,Nộ Uy tăng vị trí đánh dấu 5,,1,25.0,0
1300029,Tăng 6 điểm Nộ Uy,,1,25.0,0
1300030,Nộ uy tăng gia tiêu ký vị 7,,1,25.0,0
1300031,Triệu hồi sóng triều,,1,35.0,0
1300032,Triệu Hoán Cuồng Lãng,,1,35.0,0
1300033,Triệu hoán Cuồng Lãng,,1,35.0,0
1300034,Triệu hoán sóng triều,,1,35.0,0
1300035,Triệu hoán sóng triều,,1,35.0,0
1300036,Không thể chọn,,1,3600.0,0
1300037,Thiết lập loại va chạm: 67,,1,30.0,0
1300038,Dấu ấn Điệp Lãng,,1,30.0,0
1300039,Miễn Tử,,1,30.0,0
1300040,Mục tiêu Cuồng Lãng,,1,25.0,0
1300100,Trấn Quan Hống · P2 đánh dấu buff,,1,3600.0,0
1300101,Tâm ma đốt thân,"Vì sợ hãi chịu ma tâm, thân thể không chịu khống chế.",1,100.0,0
1300102,Minh Tâm Kiến Tính,,1,10.0,0
1300103,Tâm ma đốt thân · Cảnh báo,"Bị Trấn Quan Hống sợ hãi, sắp phải chịu tâm ma.",1,7.0,0
1300104,Minh Tâm Hộ Thuẫn,,1,30.0,0
1300105,Chúng khổ phần tâm,,1,10.0,0
1300106,Đạn đạn nhạc · AL vận hành buff,,1,3.0,0
1300107,Đạn Đạn Nhạc · Hiệu ứng người phát động,,1,,0
1300108,Đạn Đạn Nhạc · Hiệu ứng người bị đánh,,1,,0
1300109,Đàn Đàn Nhạc · Buff người bị đánh,,1,,0
1300110,Thái Dương,,1,3600.0,0
1300111,Vụ nổ thiên thạch · Buff AL đang chạy,,1,3.0,0
1300112,Trấn Quan Hống · Vận Thạch Truy Tung Tiêu markbuff,,1,3.0,0
1300113,Trấn Quan Hống · Pháp thuật triệu hồi cầu nhỏ AL,,1,1800.0,0
1300114,AImarkbuff-1,,1,25.0,0
1300115,AImarkbuff-2,,1,25.0,0
1300116,AImarkbuff-3,,1,25.0,0
1300117,Trấn Quan Hống · Nổ phạm vi,,1,3.0,0
1300119,Trấn Quan Hống · Bùa đỏ Sư Tử,,1,3600.0,0
1300121,Không thể chọn,,1,8.0,0
1300126,Miễn tử,,1,30.0,0
1300129,Miễn tử,,1,30.0,0
1300130,Miễn tử,,1,3600.0,0
1300133,Mặt trời,,1,3600.0,0
1300200,Khiên,"Sau khi những con rối múa khác chết, nhận được lá chắn",12,-1.0,0
1300204,Đồng tâm,"Khi ở gần rối múa, hiệu quả giảm thương nhận được",1,-1.0,0
1300214,Liên Nhận,"Trong vòng một phút lại chịu ảnh hưởng của \""Nhận Trường Ca\"", thì tử vong",1,60.0,0
1300219,Triền ti,"Bị thủ lĩnh khóa, không thể nhảy",1,5.0,0
1300220,Chấn thương,,1,1.0,0
1300221,Chấn thương,,1,1.0,0
1300222,Vết thương,,1,1.0,0
1300223,Sang chấn,,1,1.0,0
1310000,Tào nữ nương,Tào Nữ Nương một giấc mộng lớn,1,-1.0,0
1310001,Giảm tốc,Tốc độ di chuyển giảm 75%,1,-1.0,0
1320000,Giảm Tốc,Tốc độ di chuyển giảm 75%,1,-1.0,0
1320001,Tầm nhìn bị hạn chế,,1,,0
1320002,Chó con rình mò,Ha là cưỡi phiêu lên rồi!,1,8.0,0
1320003,Phì Nga Phác Hỏa,Con ngỗng đầu đốm mắt xếch vọt lên rồi!,1,5.0,0
1320004,Nhanh đến Báo Tạc,Tật truy báo tiêu lên rồi!,1,12.0,0
1320005,Ô hô cất cánh,Lừa phi nước đại!,1,8.0,0
1320006,Miễn Tử,,1,720.0,0
1330001,Tiểu Thiếu Đông gia,,1,-1.0,0
1340000,Tiểu Thiếu Đông Gia,An Lưu Ly thế gả,1,-1.0,0
1350000,Tiểu Thiếu Đông Gia,An Lưu Ly thế gả,1,-1.0,0
1360000,Tiểu Thiếu Đông Gia,Tiểu Thiếu Đông Gia,1,-1.0,0
1360001,Nhất mồi vạn lân,,1,45.0,0
1360002,Vô hạn Khinh Công Trị,,1,60.0,0
1360003,Miễn chiến,,1,60.0,0
1360004,Biến trang,,1,-1.0,0
1370000,Tiểu Thiếu Đông Gia,An Lưu Ly thế gả,1,-1.0,0
1370001,Miễn tử,,1,300.0,0
1370002,Hồi đầy máu,,1,2.0,0
1380000,Tiểu thiếu đông gia,An Lưu Ly thế gả,1,-1.0,0
1390000,Tiểu Thiếu Đông Gia,,1,-1.0,0
1400000,An Lưu Ly (Giá y),An Lưu Ly thay gả,1,-1.0,0
1400001,Bạn hành,Tốc độ di chuyển giảm 75%,1,-1.0,0
1400002,Phán đoán trạng thái người chơi,An Lưu Ly thay gả,1,-1.0,0
1400003,Đồng hành,Di chuyển tốc độ giảm 75%,1,-1.0,0
1400004,An Lưu Ly (Giá y),An Lưu Ly thế giá,1,-1.0,0
1400005,Tiểu Thiếu Đông gia,An Lưu Ly thay gả,1,-1.0,0
1410000,Bá thể,,1,-1.0,0
1410001,Thử thách bảo vệ,Giảm thương 50%,1,-1.0,0
1410002,Tăng thương,Gây sát thương tăng,4,80.0,0
1410003,Vô Địch,Vô địch,1,-1.0,0
1410004,30% sát thương,,1,1.0,0
1410005,Dễ bị thương,"Trong thời gian này dễ bị thương, chịu sát thương tăng 10%",1,20.0,0
1410006,Khóa,,1,3.0,0
1410007,Không đánh dấu trúng mục tiêu,,1,60.0,0
1410008,Hàn khí tích tụ,Cộng dồn đến 10 tầng sau đó thi triển sát thương trí mạng,10,5.0,0
1410009,100% sát thương,,1,1.0,0
1410010,6% Sát thương Chân Khí,,10,0.5,0
1410011,Hấp phụ,,3,1.0,0
1410012,Tập hỏa,,1,-1.0,0
1410013,Chú ý tầm xa,,1,-1.0,0
1410014,Vụ Lâm Bạt Hàn Thiếp,Sau khi cộng dồn 4 tầng sẽ nhận được cường hóa,4,-1.0,0
1410015,Trạng thái Trừ Hàn · cường hóa Võ học,Kỹ năng Võ học Minh Xuyên Dược Điển được cường hóa,1,-1.0,0
1410016,Trạng thái xua tan giá lạnh · Trọng kích cường hóa,Minh Xuyên Dược Điển Trọng Kích nhận được cường hóa,1,2.0,0
1410017,Triền nhiễu,"Bị dây leo băng quấn lấy, khi thời gian kết thúc sẽ phải chịu sát thương chí mạng",1,15.5,0
1410018,Khóa,,1,1.0,0
1410019,Khóa máu 0.02,Khóa máu 0.02,1,3600.0,0
1410020,Khóa Chân Khí 0.02,Khóa Chân Khí 0.02,1,3600.0,0
1410021,100% Sát thương Chân Khí,Gây sát thương tăng thêm,10,0.5,0
1410022,Đầy máu,Gây sát thương tăng,10,0.5,0
1410023,Kháng cự hàn độc,"Nhận trị liệu cường hóa, giảm sát thương vòng độc.",1,10.0,0
1410024,Kháng hàn,"Nhận được trị liệu cường hóa, chịu sát thương bạo phát hàn khí giảm.",1,10.0,0
1410025,Dùng cho cơ chế đặc biệt,,1,25.0,0
1410026,Khóa,,1,3.0,0
1410027,Không ở trong dấu ấn trúng đích,,1,15.0,0
1410028,Tăng thương,Gây sát thương tăng lên,10,8.0,0
1410029,Đếm Nộ cuồng,,6,-1.0,0
1410030,Nhóm dấu chân Triệu Đại,,1,-1.0,0
1410031,Đánh dấu đánh bay,,1,3.0,0
1410032,Hàn độc cuồng táo,"Liên tục chịu sát thương cao, gây sát thương tăng",7,2.0,0
1410033,Hồi máu,,1,-1.0,0
1410034,Dùng cho cơ chế đặc biệt,,1,3600.0,0
1410035,Triêu Sinh Mộ Lạc Hoa Độc,Sau khi cộng dồn đến 20 tầng sẽ phải chịu Sát thương chí mạng,20,5.0,0
1410036,100% sát thương,,1,1.0,0
1410037,Tập Hỏa,,1,-1.0,0
1410038,Tập Hỏa,,1,120.0,0
1410039,Lam hoa tiêu ký,,1,-1.0,0
1410040,100% Chân Khí,,10,0.5,0
1410041,Đâm bị thương,Giảm sát thương gây ra,4,3.0,0
1410042,Khóa Chân Khí,Khóa Chân Khí 0.02,1,3600.0,0
1410043,Năng lượng,,1,2.0,0
1420000,Đường sử,Quân An Tây,1,-1.0,0
1420001,Đường Sứ,,1,-1.0,0
1420002,Vô Địch,,1,-1.0,0
1420003,Thay thế điểm kết toán biểu diễn hồ hãm thành,,1,-1.0,0
1430000,Khóa máu,,1,-1.0,0
1430001,Khóa máu,,1,-1.0,0
1430002,Miễn Tử,,1,-1.0,0
1430003,Thay thế Xử quyết 1,,1,-1.0,0
1430004,Thay thế xử quyết 2,,1,-1.0,0
1430005,Bá Thể + Chân Khí bảo hộ,,1,-1.0,0
1430006,Bá thể+bảo hộ chân khí,,1,-1.0,0
1430007,Thu vũ khí,,1,-1.0,0
1430008,Vô địch (có thể đóng gói),,1,-1.0,0
1430009,Không thể chọn (không hiển thị),,1,-1.0,0
1430010,Vũ đạo đặc hiệu_jc,,1,-1.0,0
1430011,Vũ đạo hiệu ứng_jy,,1,-1.0,0
1430012,Khóa Khí Huyết 50,,1,-1.0,0
1440000,Trúng nắng nhẹ,Tốc độ di chuyển giảm 25%,1,-1.0,0
1440001,Trúng nắng mức độ vừa phải,Tốc độ di chuyển giảm 50%,1,-1.0,0
1440002,Trúng nắng nghiêm trọng,"Tốc độ di chuyển giảm 75%, liên tục mất máu",1,-1.0,0
1440003,Tả hữu bất phân,"Thần trí hỗn loạn, không phân biệt phải trái",1,3.0,0
1440004,Không dừng lại được,Tốc độ di chuyển của toàn đội tăng lên!,1,5.0,0
1440005,Tầm nhìn bị hạn chế,,1,3.0,0
1450000,Hạ Nhiên Miễn Tử,,1,-1.0,0
1450001,Hồi máu liên tục,Tiếp tục hồi phục Khí Huyết.,1,10.0,0
1450002,Nội thương,"Chấn nhiếp lòng người, khó mà chống cự!",1,240.0,0
1450003,Nội thương,"Răn đe lòng người, miễn cưỡng chống cự!",1,240.0,0
1450004,Dược vật trúng độc,Cứ thử là biết!,1,5.0,0
1450005,Toàn sang dược,Cứ thử là chết.,1,4.0,0
1460000,Hoán trang,,1,-1.0,0
1460001,Thay đổi trang phục,,1,-1.0,0
1460002,Thay đổi trang bị,,1,-1.0,0
1460003,Thay đổi trang bị,,1,-1.0,0
1460004,Thay đổi trang phục,,1,-1.0,0
1460005,Thay đổi trang phục,,1,-1.0,0
1460006,Thay đổi trang phục,,1,-1.0,0
1460007,Thay trang phục,,1,-1.0,0
1460008,Thay đổi trang phục,,1,-1.0,0
1460009,Thay trang phục,,1,-1.0,0
1460010,Thay đổi trang phục,,1,-1.0,0
1460011,Trừ 99% máu,,1,2.0,0
1460012,Giảm thời gian hồi chiêu kỳ thuật,,1,-1.0,0
1460013,Định thân,"Định thân, chịu sát thương hồi phục bình thường",1,-1.0,0
1460014,Định thân,"Định thân, chịu sát thương hồi phục bình thường",1,-1.0,0
1460015,Định thân,"Định thân, trong thời gian đó mất đi năng lực cảm tri, chịu sát thương hồi phục bình thường",1,-1.0,0
1460016,Định Thân,"Định thân, chịu sát thương hồi phục bình thường",1,-1.0,0
1460017,Định thân,"Bị định thân, không thể di chuyển hoặc tung ra hầu hết các kỹ năng",1,-1.0,0
1460018,Định thân,"Định thân, chịu sát thương hồi phục bình thường",1,-1.0,0
1470000,Biến thành Giang Vô Lãng,,1,-1.0,0
1470001,Bàn Thạch Quyết,,1,1.0,0
1470100,Tăng tốc Cỏ Lăn,,1,10.0,0
1480000,Vô địch,,1,-1.0,0
1490000,Quế Lâm · Khí độc,"Sáng sinh chiều rụng hàn độc xâm thể, mau tìm chỗ có lửa để giải trừ cái lạnh thấu xương.",1,-1.0,0
1490001,Minh Hỏa Khu Vụ,"Ánh lửa rực rỡ, hàn độc khó xâm nhập.",10,-1.0,0
1500001,Chọn 1,,1,-1.0,0
1500002,Hạn chế,Không thể sử dụng Khinh công,1,-1.0,0
1500003,Sợ lửa,Chịu sát thương lửa tăng lên,1,10.0,0
1500004,Đã chọn 2,,1,-1.0,0
1500005,Móc nối 1,,1,-1.0,0
1500006,Giảm thương,,1,-1.0,0
1500007,Treo 2,,1,-1.0,0
1500008,Treo 3,,1,-1.0,0
1500009,Treo 4,,1,-1.0,0
1500010,Gắn kết 5,,1,-1.0,0
1500011,Tăng thương,,30,-1.0,0
1500012,Khấu máu,,1,-1.0,0
1500013,Vô địch,,1,-1.0,0
1500014,Vô địch,,1,-1.0,0
1500015,Choáng,"Choáng váng, không thể di chuyển hoặc tung ra hầu hết các kỹ năng",1,10.0,0
1500016,Ẩn thân,,1,-1.0,0
1500017,Tàng hình,,1,-1.0,0
1500018,Hỏa diễm gia thương,,1,-1.0,0
1500019,Hỏa diễm gia thương,,1,-1.0,0
1500020,Hỏa diễm gia thương,,1,-1.0,0
1500021,Hỏa diễm gia thương,,1,-1.0,0
1500022,Chọn 1,,1,-1.0,0
1500023,Chọn 1,,1,10.0,0
1500024,Chọn 2,,1,10.0,0
1500025,Chọn 3,,1,5.0,0
1500026,Ẩn thân,,1,-1.0,0
1500027,Khóa 1% máu,,1,-1.0,0
1500028,Hồi máu,,1,10.0,0
1500029,Đã chọn,,1,-1.0,0
1500030,Bá thể,,1,-1.0,0
1500031,Đã chọn,,1,-1.0,0
1500032,Đã chọn,,1,-1.0,0
1500033,Miễn nhiễm sát thương,,1,-1.0,0
1500034,Tức tử,,1,-1.0,0
1500035,Khóa 100% máu,,1,-1.0,0
1500036,Ẩn thân,,1,-1.0,0
1500037,Khóa Chân Khí,,1,-1.0,0
1500038,Ẩn thân,,1,-1.0,0
1500039,Vô Địch,,1,2.0,0
1500040,Đã chọn,,1,-1.0,0
1500041,Hủy bỏ từ trường,,1,-1.0,0
1500042,Thuần biểu hiện,,1,-1.0,0
1500043,Đã chọn,,1,-1.0,0
1500044,Đã chọn,,1,-1.0,0
1500045,Cảm điện,"Sau khi bị sát thương bởi sét một lần nữa, kích hoạt Thiên Khiển, gây sát thương cho đồng đội xung quanh",1,20.0,0
1500046,Tán kích lôi kích,,1,-1.0,0
1500047,Tham số môi trường,,1,-1.0,0
1500048,Đã chọn,,1,-1.0,0
1500049,Ẩn thân,,1,-1.0,0
1500050,Tàng hình,,1,-1.0,0
1500051,Chất liệu,,1,-1.0,0
1500052,Khóa 1% máu,,1,-1.0,0
1500053,Đã chọn,,1,-1.0,0
1500054,Dùng cho cơ chế đặc biệt,,1,10.0,0
1500055,Đánh dấu,,1,-1.0,0
1500056,Cư dân rời đi,,1,-1.0,0
1500057,Đánh dấu,,1,-1.0,0
1500058,Nguyệt Hoa,Mỗi tầng sát thương tăng 10%,10,-1.0,0
1500059,Hồi máu,,1,10.0,0
1500060,Cảm điện,,1,-1.0,0
1500061,Biến Ám,,1,-1.0,0
1500062,Đánh dấu,,1,-1.0,0
1500063,Đếm ngược,,1,33.0,0
1500064,Truy tung tiêu,,1,-1.0,0
1500065,Ẩn thân,,1,-1.0,0
1500066,AI đánh dấu 1,,1,-1.0,0
1500067,AI đánh dấu 2,,1,-1.0,0
1500068,AI đánh dấu 3,,1,-1.0,0
1500069,AI đánh dấu 4,,1,-1.0,0
1500070,AI đánh dấu 5,,1,-1.0,0
1500071,Vô địch,Khiên Ti trong thời gian tồn tại miễn dịch sát thương,1,-1.0,0
1500072,Đánh dấu,,20,-1.0,0
1500073,Ẩn thanh máu,,1,-1.0,0
1500074,Kiểm tra Ai,,20,-1.0,0
1500075,"Nhưng, nếu ngươi cũng không thể trở về Trường An,",,1,1.0,0
1500076,Miễn dịch không thể khóa,,1,-1.0,0
1500077,Vô pháp tuyển trung,,1,-1.0,0
1500078,Dấu hiệu siêu trọng,,1,40.0,0
1500079,Biến thân,,1,-1.0,0
1500080,Ẩn thân,,1,-1.0,0
1500081,Không thể chọn,,1,-1.0,0
1500082,Không thể chọn,,1,-1.0,0
1500083,Ẩn thân+vô địch,,1,-1.0,0
1500084,Tăng sát thương,Mỗi tầng sát thương tăng 30%,10,-1.0,0
1500085,Sương khói lượn lờ,Mỗi tầng khiến sát thương bộc phát khói tăng lên,7,40.0,0
1500086,Tàng hình + Giới hạn,"Choáng váng, không thể di chuyển hoặc thi triển phần lớn kỹ năng",1,30.0,0
1500087,Nhảy vòng lửa,Sát thương tăng 10%,1,20.0,0
1500088,Bạo phát khói,"Bạo phát khói, gây sát thương theo số tầng của 【Khói bao quanh】",1,5.0,0
1500089,Biểu hiện thuần túy,,1,1.0,0
1500090,Thuần biểu hiện,,1,4.0,0
1500091,Biến lớn,Mỗi tầng sát thương tăng 30%,5,-1.0,0
1500092,Vô pháp lock,,1,-1.0,0
1500093,Khóa 1% máu,,1,-1.0,0
1500094,Thay thế khi bị đánh,,1,-1.0,0
1500095,Xóa giận,,1,15.0,0
1500096,Hồi máu,,1,-1.0,0
1500097,Theo dõi mục tiêu,,1,-1.0,0
1500098,Thay đổi va chạm,,1,-1.0,0
1500099,Hồi máu,,1,5.0,0
1500100,Vô địch + ẩn máu,Trong thời gian lá chắn tồn tại miễn nhiễm sát thương,1,-1.0,0
1500101,Dấu hiệu Béo,,1,-1.0,0
1500102,Dễ bị tổn thương,,1,-1.0,0
1500103,Không thể chọn,,1,-1.0,0
1500104,Sương khói lượn lờ,"Theo số tầng chồng chất, khiến cho Khánh nhẹ nhàng tạo ra 【Bộc phát khói mù】 sát thương tăng lên",6,15.0,0
1500105,Mỗi giây hồi 1 điểm tài nguyên,,1,-1.0,0
1500106,Nhãn truy tung,,1,-1.0,0
1500107,Cơ chế đặc biệt dùng,,3,30.0,0
1500108,Dùng cho cơ chế đặc biệt,,1,30.0,0
1500109,Giới hạn,"Bị Khánh nhẹ nhàng chọn làm khán giả may mắn, không thể sử dụng khinh công",1,-1.0,0
1500110,Lực đẩy,,1,-1.0,0
1500111,Thuần biểu hiện,,1,-1.0,0
1500112,Theo dõi tiêu chuẩn,,1,-1.0,0
1510000,Quân tử hảo cầu,Mỗi tầng sát thương tăng 50%,1,-1.0,0
1510001,Vô địch không thể chọn,,1,3600.0,0
1510002,Giá trị Thất Vọng,,1,-1.0,0
1510003,Không thể nhặt cầu thêu,,1,1.0,0
1510004,Định thân,,1,0.5,0
1510005,Đánh dấu,,1,3600.0,0
1510006,Hộ thuẫn,,1,99.0,0
1510007,Bá thể,,1,-1.0,0
1510008,Bá thể,,1,-1.0,0
1510009,Đánh dấu,,1,-1.0,0
1510010,Ẩn thân,,1,-1.0,0
1510012,Đánh dấu,,1,10.0,0
1510013,Đánh dấu,,1,10.0,0
1510014,Đánh dấu,,1,10.0,0
1510015,Đánh dấu,,1,10.0,0
1510016,Giá trị tài nguyên,,1,60.0,0
1510017,Định thân,Choáng váng.,1,5.0,0
1510018,Trừ Chân Khí,,1,2.0,0
1510019,Khấu giá trị tâm khí,,1,2.0,0
1510020,Chịu sát thương tăng lên,Mỗi tầng sát thương tăng 50%,1,60.0,0
1510021,Đánh dấu,,1,5.0,0
1510022,Tiêu ký,,1,5.0,0
1510023,Đánh dấu,,1,5.0,0
1510024,Đánh dấu,,1,5.0,0
1510025,Đánh dấu,,1,5.0,0
1510031,Đánh dấu,,1,3600.0,0
1510032,Đánh dấu,,1,3600.0,0
1510033,Đánh dấu,,1,3600.0,0
1510034,Đánh dấu,,1,3600.0,0
1510035,Tiêu ký,,1,3600.0,0
1510036,Đánh dấu,,1,3600.0,0
1510037,Vô địch,,1,3600.0,0
1510038,Đánh dấu,,1,-1.0,0
1510039,Đánh dấu,,1,100.0,0
1510040,"Là người xuất gia, lại tùy tiện động đao thương, kết quả a, bị La Hán gầy gò giáng thiên phạt, đều bị què chân rồi……",,1,150.0,0
1510041,Đánh dấu,,1,-1.0,0
1510042,Tự cao tự đại,Tăng 20% sát thương mỗi tầng,10,-1.0,0
1510043,Vô địch không thể chọn,,1,3600.0,0
1510044,Rơi khỏi lôi đài,"Rơi khỏi lôi đài, mỗi giây mất sinh lực",1,3600.0,0
1510045,Đánh dấu,,1,-1.0,0
1510100,Trường pháp thuật,,1,-1.0,0
1510101,Pháp Thuật Tràng,,1,-1.0,0
1510102,Trường pháp thuật,,1,-1.0,0
1510103,Pháp Thuật Tràng,,1,-1.0,0
1520000,【Hiệu quả Bánh bao】,"Tăng #Y90#E-#Y180#E điểm Tấn công Ngoại Công, duy trì #Y30#E phút (sử dụng lặp lại có thể làm mới thời gian).",1,1800.0,1
1520001,Hiệu quả 【Bánh bao】,"Tăng #Y10300#E điểm Khí Huyết Tối Đa, duy trì #Y30#E phút (sử dụng nhiều lần có thể làm mới thời gian).",1,1800.0,1
1520020,【Bánh bao】hiệu quả,"Chịu ảnh hưởng của Bánh Bao Hỏng, mặt cảm thấy khó chịu",1,-1.0,0
1520021,【Bánh bao】hiệu quả,"Lảo đảo, tốc độ di chuyển giảm 40%.",1,-1.0,0
1520022,【Bánh bao】 hiệu quả,Trong bụng đang sôi trào,1,-1.0,0
1530000,Bế khí ngưng thần,"Nín thở ngưng thần, tiêu hao oxy giảm bớt",1,1200.0,0
1540000,,Thanh Hà quái vật rơi trang bị thời điểm có xác suất rớt hai kiện,1,-1.0,2
1540001,,Số lượng thông bảo rơi ra khi quái vật Thanh Hà rơi ra tăng lên,1,-1.0,2
1540002,,Số lượng thông bảo nhận được khiêu chiến Thanh Hà Trấn Thủ tăng lên,1,-1.0,2
1540003,,Thanh Hà Trấn Thủ · Khiêu chiến nhận được trang bị khi có xác suất rơi thêm một món,1,-1.0,2
1540004,,Số lượng thông bảo nhận được khiêu chiến ở cứ điểm Thanh Hà tăng lên,1,-1.0,2
1540005,,Thanh Hà cứ điểm · Thử thách nhận được trang bị thì xác suất rơi thêm một món,1,-1.0,2
1540006,,Tăng số lượng Thông Bảo nhận được trong Hiệp Cảnh và Thí Kiếm cấp 96 (không bao gồm hiệp lực thanh trừng),1,-1.0,2
1540007,,Trang bị rơi ra với xác suất cao hơn khi đạt cấp Hiệp Cảnh 85 trở lên và Thí Kiếm (không bao gồm hiệp lực thanh trừng),1,-1.0,2
1570001,Tăng độ bền,"Bói ra đại cát, bỗng cảm thấy thần thanh khí sảng, khí quán dũng tuyền, sức bền tăng lên rất nhiều.",1,1800.0,0
1570002,Nọc độc ong,"Chất lỏng của nọc độc ong mật nhỏ, bị thương liên tục trong thời gian ngắn",1,10.0,0
1570003,Mặt bị ong đốt sưng,,1,600.0,0
1570004,Đại Cát,"Bói ra đại cát, bỗng cảm thấy thân thể nhẹ nhàng, thần thanh khí sảng, dường như có vận may giáng lâm bên cạnh!",1,1800.0,0
1570005,Đại hung,"Bói ra đại hung, đột nhiên cảm thấy trong lòng căng thẳng, đầu choáng mắt hoa, giống như bị một loại vận rủi quấn lấy……",1,1800.0,0
1600001,Chỉ qua·Quần sách chuẩn bị,,1,180.0,0
1600002,Chỉ Qua · Quần Sách trận đầu buff,,1,-1.0,0
1600003,Chỉ Qua · Quần Sách buff trận thứ hai,Hiệu quả trị liệu nhận được giảm 60%,1,-1.0,0
1600004,Chỉ Qua · Quần Sách buff trận thứ ba,,1,-1.0,0
1600005,Chỉ Qua · Quần Sách trận buff thứ nhất,,1,-1.0,0
1600006,Chỉ Cổ · Quần Sách trận thứ ba buff,,1,-1.0,0
1600007,Chỉ chiến · Quần Sách buff trận đầu,,1,-1.0,0
1600008,Chỉ Qua · Quần Sách buff trận thứ ba,,1,-1.0,0
1650001,Vận chuyển nhanh chóng,,1,300.0,0
1650002,Tăng tốc,Tốc độ di chuyển giảm 20%,1,300.0,0
1650003,Bạo phát tăng tốc,Tốc độ di chuyển tăng 30%.,1,4.0,0
1660000,Dược Xoa Phá Ma · da Dạ Xoa · hiệu ứng phá phòng phá chữ,,1,1.0,0
1660001,Dược Xoa Phá Ma · Phá phòng thành công hiệu ứng đặc biệt da · một đoạn,,1,2.0,0
1660002,Dược Xoa Phá Ma · Phá phòng thành công hiệu ứng da · Da Dạ Xoa · Đoạn 1,,1,2.0,0
1660003,Dược Xoa Phá Ma-Hiệu ứng đặc biệt phá phòng-Giai đoạn hai,,1,2.0,0
1660004,Dược Xoa Phá Ma-hiệu ứng đặc biệt phá phòng thủ-da dạ xoa-đoạn hai,,1,2.0,0
1700000,Tắm suối trong rừng · Yukata,,1,-1.0,0
1710001,Biến trang,,1,-1.0,0
1710004,Biến trang,,1,-1.0,0
1710005,Biến trang,,1,-1.0,0
1710006,Biến trang,,1,-1.0,0
1710007,Biến trang,,1,-1.0,0
1710008,Biến trang,,1,-1.0,0
1710009,Biến trang,,1,-1.0,0
1710010,Biến trang,,1,-1.0,0
1710011,Biến trang,,1,-1.0,0
1710012,Biến trang,,1,-1.0,0
1710013,Biến trang,,1,-1.0,0
1710101,Buff trống,,1,10.0,0
1720000,Phi Xa · Miễn hoạn bệnh buff,,1,-1.0,0
2300039,Cảm Giác,,1,5.0,0
3022011,Ba mối ô uế của bùn lầy,"Trong thời gian Sân Hận, sát thương gây ra được tăng thêm #Y5.0%#E sát thương Bạo Kích khi tính toán, và có thể tăng thêm dựa trên Tấn công Ngoại Công tối thiểu. Tối đa tăng thêm #Y5.00%#E, cần tích lũy #Y250#E điểm Tấn công Ngoại Công tối thiểu.",1,-1.0,1
3022021,Nê Lê Tam Cấu,"Trong thời gian Sân Hận, tăng thêm #Y5.0%#E sát thương Bạo Kích khi tính toán sát thương, và có thể tăng thêm dựa trên Tấn công Ngoại Công tối thiểu. Tối đa tăng thêm #Y15.00%#E, cần tích lũy #Y500#E điểm Tấn công Ngoại Công tối thiểu.",1,-1.0,1
3022031,Nê Lê Tam Cấu,"Trong thời gian Sân Hận, sát thương gây ra được tăng thêm #Y5.0%#E sát thương Bạo Kích khi tính toán, và có thể tăng thêm dựa trên Tấn công Ngoại Công tối thiểu. Tối đa tăng thêm #Y25.00%#E, cần tích lũy #Y750#E điểm Tấn công Ngoại Công tối thiểu.",1,-1.0,1
3025011,Cày bùn ba mối ô uế,"Cửa sổ kích hoạt né tránh hoàn hảo hơi mở rộng, thời gian nín thở sau khi kích hoạt cũng lâu hơn.",1,-1.0,1
3025021,Nê Lê Tam Cấu,"Cửa sổ kích hoạt né tránh hoàn mỹ hơi tăng, thời gian nín thở sau khi kích hoạt sẽ lâu hơn. Khi kích hoạt né tránh hoàn mỹ, thời gian điều tức của Kỹ năng Võ Học Si Mê Chướng sẽ được đặt lại, hiệu ứng này tối đa mỗi #Y30#E giây kích hoạt 1 lần.",1,-1.0,1
3032011,Cửu Trùng Xuân Sắc,"Tất cả sát thương Bạo Kích gây ra bởi #Ykỹ năng đạn đạo#E của Cửu Trùng Xuân Sắc có thể tăng thêm dựa trên Tấn công Ngoại Công tối thiểu (cứ mỗi 50 điểm tăng 2.4%). Tối đa tăng thêm #Y12%#E, cần tích lũy #Y250#E điểm Tấn công Ngoại Công tối thiểu.",1,-1.0,1
3032021,Cửu Trùng Xuân Sắc,"Sát thương Bạo Kích do tất cả #Ykỹ năng đạn đạo#E của Cửu Trùng Xuân Sắc gây ra có thể tăng thêm dựa trên Tấn công Ngoại Công tối thiểu (cứ mỗi 50 điểm tăng 2.4%). Tối đa tăng thêm #Y24%#E, cần tích lũy #Y500#E điểm Tấn công Ngoại Công tối thiểu.",1,-1.0,1
3032031,Cửu Trùng Xuân Sắc,"Tất cả sát thương Bạo Kích do #Ykỹ năng đạn đạo#E của Cửu Trùng Xuân Sắc gây ra có thể tăng thêm dựa trên Tấn công Ngoại Công tối thiểu (mỗi 50 điểm tăng 2.4%). Tối đa tăng thêm #Y36%#E, cần tích lũy #Y750#E điểm Tấn công Ngoại Công tối thiểu.",1,-1.0,1
3035011,Cửu Trùng Xuân Sắc,"Tất cả #Y kỹ năng đạn đạo#E của Cửu Trùng Xuân Sắc khi gây sát thương lên kẻ địch đang trong trạng thái Định Thân hoặc Phù Không, có thể bỏ qua #Y20 điểm#E kháng ngoại công của chúng.",1,-1.0,1
3035021,Cửu Trùng Xuân Sắc,"Tất cả #Ykỹ năng đạn đạo#E của Cửu Trùng Xuân Sắc khi gây sát thương lên kẻ địch đang bị Định Thân hoặc Phù Không sẽ được bỏ qua #Y20 điểm#E kháng ngoại công của chúng. Khi Bất Tạ Hoa trúng đích, mỗi lần còn có thể hoàn trả thêm 3 điểm Phồn Hoa Trị.",1,-1.0,1
3042011,Thanh Sơn Chấp Bút,"Sát thương Bạo Kích gây ra khi kết thúc truy kích trên không Nguyệt Xuất Kinh Xuân có thể tăng thêm dựa trên Tấn công Ngoại Công tối thiểu (cứ 50 điểm tăng 2.4%). Tối đa tăng thêm #Y12%#E, cần tích lũy đủ #Y250#E điểm Tấn công Ngoại Công tối thiểu.",1,-1.0,1
3042021,Thanh Sơn Chấp Bút,"Sát thương Bạo Kích gây ra khi kết toán Truy Kích Phi Không Nguyệt Xuất Kinh Xuân có thể tăng thêm dựa trên Tấn công Ngoại Công tối thiểu (cứ mỗi 50 điểm tăng 2.4%). Tối đa có thể tăng thêm #Y24%#E, cần tích lũy đủ #Y500#E điểm Tấn công Ngoại Công tối thiểu.",1,-1.0,1
3042031,Thanh Sơn Chấp Bút,"Sát thương Bạo Kích gây ra khi kết thúc truy kích trên không Nguyệt Xuất Kinh Xuân có thể tăng thêm dựa trên Tấn công Ngoại Công tối thiểu (cứ mỗi 50 điểm có thể tăng 2.4%). Tối đa có thể tăng thêm #Y36%#E, cần tích lũy #Y750#E điểm Tấn công Ngoại Công tối thiểu.",1,-1.0,1
3045011,Thanh Sơn Chấp Bút,Truy kích trên không Nguyệt Xuất Kinh Xuân sẽ tăng tỷ lệ Bạo Kích #Y30%#E lên mục tiêu có chân khí dưới 30%.,1,-1.0,1
3045021,Thanh Sơn Chấp Bút,"Khi tung chiêu Truy Kích trên không Nguyệt Xuất Kinh Xuân lên mục tiêu có chân khí dưới 30%, tỷ lệ trúng Bạo Kích tăng #Y30%#E, khi gây sát thương Bạo Kích, mỗi đòn đánh sẽ gây thêm #Y5#E điểm sát thương chân khí.",1,-1.0,1
3052011,Than Sinh Đao Pháp,"Tỷ lệ Bạo Kích của Kỹ năng Trọng Kích Đao Pháp và các kỹ năng phái sinh tăng #Y3%#E, đồng thời có thể tăng thêm dựa trên giá trị máu tối đa của bản thân (cứ mỗi 6000 điểm có thể tăng thêm 1%). Tối đa có thể tăng thêm #Y5%#E, cần tích lũy #Y30000#E điểm máu tối đa.",1,-1.0,1
3052021,Than Sinh Đao Pháp,"Tỷ lệ Bạo Kích của Kỹ năng Trọng Kích Đao Pháp và các kỹ năng phái sinh tăng #Y6%#E, đồng thời có thể tăng thêm dựa trên giá trị máu tối đa của bản thân (cứ mỗi 6000 điểm tăng thêm 1%). Tối đa tăng thêm #Y10%#E, cần tích lũy #Y60000#E điểm máu tối đa.",1,-1.0,1
3052031,Than Sinh Đao Pháp,"Kỹ năng Trọng Kích Đao Pháp và các kỹ năng phái sinh của nó tăng #Y9%#E tỷ lệ Bạo Kích, đồng thời có thể tăng thêm dựa trên Khí Huyết tối đa của bản thân (cứ mỗi 6000 điểm có thể tăng thêm 1%). Tối đa có thể tăng thêm #Y15%#E, cần tích lũy đủ #Y90000#E điểm khí huyết tối đa.",1,-1.0,1
3055011,Than Sinh Đao Pháp,"Chiêu thức tích lực và các chiêu thức phái sinh của Đao Pháp sẽ #Y chắc chắn không gây thương tích nhẹ#E, sát thương Bạo Kích gây ra tăng #Y10%#E.",1,-1.0,1
3055021,Than Sinh Đao Pháp,"Kỹ năng Trọng Kích của Đao Pháp và kỹ năng phái sinh của nó sẽ #Y chắc chắn không gây thương tích nhẹ#E, sát thương Bạo Kích gây ra tăng #Y10%#E, và Tấn công Ngoại Công tối đa có hiệu lực khi kết toán có thể tăng thêm dựa trên Khí Huyết tối đa của bản thân, cứ mỗi 5000 điểm khí huyết tối đa có thể tăng thêm 4 điểm. Tối đa có thể tăng #Y60#E điểm, cần tích lũy #Y75000#E điểm khí huyết tối đa.",1,-1.0,1
3062011,Bát Phương Phong Lôi Thương,"Sau khi tất cả các Kỹ năng Trọng Kích và kỹ năng phái sinh đánh trúng, trong vòng #Y3#E giây, sát thương ngoại công bản thân phải chịu có thể giảm dựa trên giá trị máu tối đa của bản thân, cứ mỗi #Y6000#E điểm có thể giảm thêm #Y2%#E, tối đa có thể giảm thêm #Y10%#E.",1,-1.0,1
3062012,Bát Phương Phong Lôi Thương,"Sát thương ngoại công nhận được có thể tăng hiệu quả dựa trên giá trị máu tối đa của bản thân, cứ mỗi #Y10000#E điểm có thể giảm thêm #Y2%#E, tối đa giảm thêm #Y10%#E.",1,3.0,0
3062021,Bát Phương Phong Lôi Thương,"Sau khi tất cả Kỹ năng Trọng Kích và các kỹ năng phái sinh của nó trúng đích, trong vòng #Y3#E giây, sát thương ngoại công bản thân phải chịu có thể giảm dựa trên giá trị máu tối đa của bản thân, cứ mỗi #Y6000#E điểm có thể giảm thêm #Y2%#E, tối đa có thể giảm thêm #Y20%#E.",1,-1.0,1
3062022,Bát Phương Phong Lôi Thương,"Sát thương ngoại công nhận được có thể tăng hiệu quả dựa trên Khí Huyết tối đa của bản thân, cứ mỗi #Y10000#E điểm có thể giảm thêm #Y2%#E, tối đa có thể giảm thêm #Y20%#E.",1,3.0,0
3062031,Bát Phương Phong Lôi Thương,"Sau khi tất cả các Kỹ năng Trọng Kích và kỹ năng phái sinh đánh trúng, trong vòng #Y3#E giây, sát thương ngoại công bản thân phải chịu sẽ giảm dựa trên giá trị máu tối đa của bản thân, cứ mỗi #Y6000#E điểm có thể giảm thêm #Y2%#E, tối đa có thể giảm thêm #Y30%#E.",1,-1.0,1
3062032,Bát Phương Phong Lôi Thương,"Sát thương ngoại công nhận được có thể dựa trên giá trị máu tối đa của bản thân để tăng hiệu quả, cứ mỗi #Y10000#E điểm có thể giảm thêm #Y2%#E, tối đa có thể giảm thêm #Y30%#E.",1,3.0,0
3065011,Bát Phương Phong Lôi Thương,Giới hạn Chiến Ý trị tăng thêm một ô.,1,-1.0,1
3065021,Thương Phong Lôi Thương,"Giới hạn giá trị Chiến Ý tăng thêm một ô, khi Khí Huyết đạt mức tối đa là #Y50000#E điểm, có thể tăng thêm một ô nữa.",2,-1.0,1
3072011,Vô Danh Kiếm Pháp,"Đối với mục tiêu có chân khí dưới #Y20%#E (bao gồm trạng thái khí kiệt), xác suất Hội Ý của đòn tấn công Kiếm Khí có thể tăng thêm dựa trên Tấn công Ngoại Công tối đa. Tối đa có thể tăng #Y3.5%#E, cần tích lũy #Y500#E điểm Tấn công Ngoại Công tối đa.",1,-1.0,1
3072021,Vô Danh Kiếm Pháp,"Đối với mục tiêu có chân khí dưới #Y30%#E (bao gồm trạng thái khí kiệt), xác suất Hội Ý của đòn tấn công kiếm khí có thể tăng thêm dựa trên ngoại công tối đa. Tối đa có thể tăng #Y7.0%#E, cần tích lũy #Y1000#E điểm ngoại công tối đa.",1,-1.0,1
3072031,Vô Danh Kiếm Pháp,"Đối với mục tiêu có chân khí dưới #Y40%#E (bao gồm trạng thái khí kiệt), xác suất trúng ý của đòn tấn công kiếm khí có thể tăng thêm dựa trên ngoại công tối đa. Tăng tối đa #Y10.5%#E, cần tích lũy #Y1500#E điểm ngoại công tối đa.",1,-1.0,1
3075011,Vô Danh Kiếm Pháp,Sát thương Chân Khí tăng #Y10%#E.,1,-1.0,1
3075021,Vô Danh Kiếm Pháp,"Tăng #Y10%#E sát thương Chân Khí gây ra, và sát thương Chân Khí do Kiếm Khí gây ra có thể tăng thêm dựa trên Tấn công Ngoại Công tối đa, cứ mỗi 100 điểm tăng 2%. Tối đa có thể tăng #Y20%#E, cần tích lũy #Y1000#E điểm Tấn công Ngoại Công tối đa.",1,-1.0,1
3082011,Vô Danh Thương Pháp,"Khi giá trị Sức bền thấp hơn #Y60%#E mức tối đa, Sát thương Hội Ý gây ra có thể được tăng thêm dựa trên Tỷ lệ Hội Ý, tối đa tăng #Y6%#E, yêu cầu tích lũy #Y10%#E Tỷ lệ Hội Ý.",1,-1.0,1
3082021,Vô Danh Thương Pháp,"Khi giá trị Thể Lực thấp hơn #Y60%#E mức tối đa, Sát thương Hội Ý gây ra có thể được tăng thêm dựa trên Tỷ lệ Hội Ý, tối đa tăng #Y12%#E, yêu cầu tích lũy #Y20%#E Tỷ lệ Hội Ý.",1,-1.0,1
3082031,Vô Danh Thương Pháp,"Khi giá trị Thể Lực thấp hơn #Y60%#E mức tối đa, Sát thương Hội Ý gây ra có thể tăng thêm dựa trên Tỷ lệ Hội Ý, tối đa tăng #Y18%#E, yêu cầu tích lũy #Y30%#E Tỷ lệ Hội Ý.",1,-1.0,1
3085011,Vô Danh Thương Pháp,"Giới hạn điểm Thể lực tăng thêm #Y10#E điểm, khi Thể lực thấp hơn 30% giới hạn, tốc độ hồi phục tăng #Y10%#E.",1,-1.0,1
3085012,Vô Danh Thương Pháp,Tốc độ hồi phục thể lực tăng #Y10%#E.,1,-1.0,0
3085021,Vô Danh Thương Pháp,"Giới hạn điểm Thể lực tăng thêm #Y10#E điểm, có thể tăng thêm dựa trên Tỷ lệ Hội Ý. Cứ mỗi #Y2%#E vượt quá #Y10%#E Tỷ lệ Hội Ý, có thể tăng thêm #Y1#E điểm giới hạn Thể lực, tối đa tăng #Y10#E điểm.",11,-1.0,1
3092011,Minh Xuyên Dược Điển,"Khả năng hồi phục từ trọng kích tăng #Y5.0%#E, và có thể tăng thêm dựa trên Tấn công Ngoại Công tối thiểu. Tối đa tăng thêm #Y5.00%#E, cần tích lũy #Y250#E điểm Tấn công Ngoại Công tối thiểu.",1,-1.0,1
3092021,Minh Xuyên Dược Điển,"Hiệu quả hồi máu của trọng kích tăng #Y5.0%#E, và có thể tăng thêm dựa trên Tấn công Ngoại Công tối thiểu. Tối đa tăng thêm #Y15.00%#E, cần tích lũy đủ #Y500#E điểm Tấn công Ngoại Công tối thiểu.",1,-1.0,1
3092031,Minh Xuyên Dược Điển,"Hiệu quả trị liệu do trọng kích tăng #Y5.0%#E, và có thể tăng thêm dựa trên Tấn công Ngoại Công tối thiểu. Tối đa tăng thêm #Y25.00%#E, cần tích lũy #Y750#E điểm Tấn công Ngoại Công tối thiểu.",1,-1.0,1
3095011,Minh Xuyên Dược Điển,"Khi bản thân ở trong phạm vi #Y Thủy Nhân#E, mỗi giây hồi phục thêm #Y2#E điểm Lộ Thủy.",1,-1.0,1
3095021,Minh Xuyên Dược Điển,Hiệu quả trị liệu mà Thủy Nhân gây ra cho đồng minh có Khí Huyết tối đa dưới 30% được tăng #Y50%#E.,1,-1.0,1
3102011,Túc Tử Du Trần,"Sát thương ngoại công do Chuột gây ra tăng thêm #Y3%#E, và có thể tăng thêm dựa trên Tấn công Ngoại Công tối thiểu. Tối đa tăng thêm #Y5.00%#E, cần tích lũy #Y250#E điểm Tấn công Ngoại Công tối thiểu.",1,-1.0,1
3102021,Hạt kê trôi trong bụi,"Sát thương ngoại công do Chuột gây ra tăng thêm #Y6%#E, và có thể tăng thêm dựa trên Tấn công Ngoại Công tối thiểu. Tối đa tăng thêm #Y10.00%#E, cần tích lũy đủ #Y500#E điểm Tấn công Ngoại Công tối thiểu.",1,-1.0,1
3102031,Túc Tử Du Trần,"Sát thương ngoại công do Chuột gây ra tăng thêm #Y9%#E, và có thể tăng thêm dựa trên công ngoại công tối thiểu. Tối đa tăng thêm #Y15.00%#E, cần tích lũy #Y750#E điểm công ngoại công tối thiểu.",1,-1.0,1
3105011,Túc Tử Du Trần,"Võ học kỹ #Y Xiên Dây Dẫn Nhận#E, kỹ năng phái sinh #Y Long Trập Kháp Khuất#E sẽ gây hiệu ứng #Y Thực Cốt#E lên kẻ địch trong 5 giây, mục tiêu đang chịu trạng thái #Y Thực Cốt#E sẽ nhận thêm #Y5%#E sát thương Chân Khí.",1,-1.0,1
3105021,Túc Tử Du Trần,"Võ kỹ #Y Xiết Dây Kéo Đao#E, Kỹ năng phái sinh #Y Long Trập Hoạch Khuất#E sẽ gây trạng thái #Y Thực Cốt#E lên kẻ địch trong 5 giây, mục tiêu đang chịu trạng thái #Y Thực Cốt#E nhận thêm #Y 5%#E sát thương Chân Khí. Đồng thời gây thêm #Y 40%#E sát thương Chân Khí lên kẻ địch đang bị khống chế hoặc đang chịu trạng thái #Y Thực Cốt#E.",1,-1.0,1
3112011,Thiên Hương Dẫn Hồn Cổ,"Hiệu quả trị liệu Bạo Kích do #Y Kỹ năng đặc biệt#E gây ra tăng #Y5.0%#E, và có thể tăng thêm dựa trên Tấn công Ngoại Công tối thiểu. Tối đa tăng thêm #Y5.00%#E, cần tích lũy #Y250#E điểm Tấn công Ngoại Công tối thiểu.",1,-1.0,1
3112021,Thiên Hương Dẫn Hồn Cổ,"Hiệu quả hồi máu Bạo Kích do #YKỹ năng đặc biệt#E gây ra tăng #Y5.0%#E, và có thể tăng thêm dựa trên Tấn công Ngoại Công tối thiểu. Tối đa tăng thêm #Y15.00%#E, cần tích lũy #Y250#E điểm Tấn công Ngoại Công tối thiểu.",1,-1.0,1
3112031,Thiên Hương Dẫn Hồn Cổ,"Kỹ năng #YĐặc Kỹ#E gây ra hiệu ứng hồi máu Bạo Kích tăng #Y5.0%#E, và có thể tăng thêm dựa trên Tấn công Ngoại Công tối thiểu. Tối đa tăng thêm #Y25.00%#E, cần tích lũy #Y250#E điểm Tấn công Ngoại Công tối thiểu.",1,-1.0,1
3115011,Thiên Hương Dẫn Hồn Cổ,"#Y Võ Học Kỹ#E sẽ tăng thêm hiệu ứng gây thêm 5% sát thương lên mục tiêu bị khí kiệt cho đồng minh, duy trì #Y5#E giây. Đồng thời khi trang bị #Y Thiên Hương Dẫn Hồn Cổ#E và #Y Thiên Hương Dẫn Hồn Cổ#E, sát thương gây ra bởi Kỳ Thuật tăng #Y20%#E.",1,-1.0,1
3115012,,"Gây thêm 5% sát thương lên mục tiêu đã cạn khí, duy trì trong #Y5#E giây.",1,5.0,0
3115021,Thiên Hương Dẫn Hồn Cổ,"#Y Võ học kỹ#E sẽ tăng thêm hiệu ứng #Y Cường Tráng#E trong #Y5#E giây cho đồng minh, tối đa mỗi 60 giây một lần.",1,-1.0,1
3122011,Túy Mộng Du Xuân,"Sát thương Ngoại Công của #YVõ học kỹ#E Tuyền Phong Tán có thể tăng thêm dựa trên sát thương Ngoại Công nhỏ nhất. Tối đa có thể tăng thêm #Y5%#E, cần tích lũy #Y250#E điểm tấn công Ngoại Công nhỏ nhất.",1,-1.0,1
3122021,Túy Mộng Du Xuân,"#YVõ học kỹ#E ô dù xoay tròn tạo ra sát thương ngoại công có thể dựa trên sát thương ngoại công nhỏ nhất tăng thêm. Tối đa có thể tăng thêm #Y10%#E, cần tích lũy #Y500#E điểm tấn công ngoại công nhỏ nhất.",1,-1.0,1
3122031,Túy Mộng Du Xuân,"#Y Kỹ năng võ học#E gây ra sát thương ngoại công có thể tăng thêm sát thương ngoại công tối thiểu. Tối đa có thể tăng thêm #Y15%#E, cần tích lũy #Y750#E điểm tấn công ngoại công tối thiểu.",1,-1.0,1
3125011,Túy Mộng Du Xuân,"Võ học Kỹ #Y Hồng Tiêu Hương Đoạn#E Hồi Toàn Tán trong nháy mắt trở lại trong tay lại lần nữa ném ra, sẽ kích hoạt #YHoàn Mỹ Tiếp Tán#E: Hồi Toàn Tán được cường hóa, tạo thành Sát thương Khí Huyết và Sát thương Nhận tính tăng lên.",1,-1.0,1
3125021,Túy Mộng Du Xuân,"Võ học kỹ #Y Hồng Tiêu Hương Đoạn#E hồi toàn tán trong nháy mắt trở lại trong tay lại lần nữa ném ra, sẽ kích hoạt #Y Hoàn Mỹ Tiếp Tán#E: Hồi toàn tán được cường hóa, tạo thành sát thương Khí Huyết và sát thương Nhận Tính tăng lên. Kích hoạt #Y Hoàn Mỹ Tiếp Tán#E khi nhận được 1 tầng hiệu quả #Y Lạc Hoa#E kéo dài 5 giây, tối đa có thể cộng dồn 3 tầng. #Y Lạc Hoa#E 3 tầng sẽ chuyển hóa thành hiệu quả #Y Phương Ca#E có hiệu lực 1 lần: Lần tiếp theo võ học kỹ hồi toàn tán tốc độ bay tăng 30% và chắc chắn sẽ hội tâm, lần tăng tốc này hồi toàn tán trong khi bay lần nữa nhấn võ học kỹ thì chắc chắn sẽ hoàn mỹ tiếp tán.",1,-1.0,1
3125022,Lạc Hoa,Nhận hiệu ứng #YPhương Ca#E khi đạt 3 tầng Lạc Hoa,3,5.0,1
3125023,Phương Ca,"Võ học kỹ năng Hồi Toàn Tán tăng #Y30%#E tốc độ bay và chắc chắn sẽ bạo kích, đồng thời trong khi Hồi Toàn Tán tăng tốc độ bay, nhấn võ học kỹ năng một lần nữa thì chắc chắn sẽ hoàn mỹ tiếp nhận dù.",1,10.0,1
3132011,Túc tử hành vân,"Khi kết toán với kẻ địch ở trạng thái #Y Thất Hồn Lạc Phách#E, sát thương hội tâm gây ra có thể tăng thêm dựa trên tỷ lệ hội tâm. Có thể tăng thêm tối đa #Y9%#E, cần tích lũy #Y20%#E tỷ lệ hội tâm.",1,-1.0,1
3132021,Túc Tử Hành Vân,"Khi kết toán với kẻ địch đang trong trạng thái #YThất Hồn Lạc Phách#E, sát thương Hội Ý gây ra có thể tăng thêm dựa trên Tỷ lệ Bạo Kích. Tối đa có thể tăng thêm #Y18%#E, cần tích lũy #Y40%#E Tỷ lệ Bạo Kích.",1,-1.0,1
3132031,Túc Tử Hành Vân,"Khi kết toán với kẻ địch ở trạng thái #Y Thất Hồn Lạc Phách#E, sát thương hội tâm gây ra có thể tăng thêm dựa trên tỷ lệ hội tâm. Có thể tăng thêm tối đa #Y27%#E, cần tích lũy #Y60%#E tỷ lệ hội tâm.",1,-1.0,1
3135011,Hành Vân Túc Tử,"Mỗi tấm ân tự bài tăng thêm một đoạn chiêu thức súc lực #YPhiêu Minh Triệt Dã#E liên chiêu, 2 tấm ân tự bài thì nhiều nhất gây ra #Y7#E đoạn công kích ngang.",1,-1.0,1
3135021,Túc Tử Hành Vân,"Mỗi bài ân tăng thêm một đoạn chiêu thức súc lực #YBưu Minh Triệt Dã#E liên chiêu, 2 bài ân nhiều nhất gây ra #Y7#E đoạn công kích quét ngang. Khi công kích quét ngang của kỹ năng súc lực đánh trúng kẻ địch, giảm 0.5 giây thời gian điều tức của võ học kỹ #YLý Hư Tảo Trần#E, và hồi phục 10 điểm bài ân, tối đa kích hoạt 1 lần hiệu quả mỗi 0.5 giây.",1,-1.0,1
3135022,Tiên Đăng,"Sát thương Chân Khí do kỹ năng súc lực gây ra tăng #Y10%#E, nếu mục tiêu đang ở trạng thái #YNhiếp Hồn#E, thì có thể gây thêm #Y10%#E sát thương Khí Huyết, tối đa kích hoạt 1 lần hiệu quả sau mỗi 15 giây.",1,5.0,1
3142011,Thập Phương Phá Trận,"Khi ở trạng thái #YThiết Y Vệ Hồn#E, xuyên thấu ngoại công và xuyên thấu Liệt Thạch khi tính sát thương có thể tăng thêm dựa trên tấn công ngoại công nhỏ nhất. Tối đa có thể tăng thêm #Y4#E điểm, cần tích lũy #Y250#E điểm tấn công ngoại công nhỏ nhất.",1,-1.0,1
3142021,Thập Phương Phá Trận,"Khi ở trạng thái #YThiết Y Vệ Hồn#E, khi gây sát thương, Ngoại Công Xuyên Thấu và Liệt Thạch Xuyên Thấu có thể tăng thêm dựa trên Ngoại Công Tối Thiểu. Có thể tăng thêm tối đa #Y8#E điểm, cần tích lũy #Y500#E điểm Ngoại Công Tối Thiểu.",1,-1.0,1
3142031,Thập Phương Phá Trận,"Khi ở trạng thái #Y Thiết Y Vệ Hồn#E, xuyên thấu Ngoại Công và xuyên thấu Liệt Thạch khi tính sát thương có thể tăng thêm dựa trên Tấn công Ngoại Công tối thiểu. Có thể tăng thêm tối đa #Y12#E điểm, cần tích lũy #Y750#E điểm Tấn công Ngoại Công tối thiểu.",1,-1.0,1
3145011,Thập Phương Phá Trận,Giới hạn trên thế đao tăng thêm một ô.,1,-1.0,1
3145021,Thập Phương Phá Trận,"Giới hạn đao thế tăng thêm hai ô, và khi #Y An Tây Quân#E gây sát thương, nhận được 0.1 ô #Y Đao Thế#E, mỗi giây nhiều nhất nhận thêm 4 lần.",1,-1.0,1
3152011,Trảm Tuyết Đao Pháp,"#Y Đao thế#E cao hơn 1 ô, sát thương hội tâm gây ra có thể tăng thêm dựa trên tỷ lệ hội tâm. Tối đa có thể tăng thêm #Y7%#E, cần tích lũy #Y20%#E tỷ lệ hội tâm.",1,-1.0,1
3152021,Trảm Tuyết Đao Pháp,"Khi #YĐao Thế#E cao hơn 1 ô, sát thương Hội Tâm gây ra có thể tăng thêm dựa trên Tỷ Lệ Hội Ý. Tối đa có thể tăng thêm #Y14%#E, cần tích lũy #Y40%#E Tỷ Lệ Hội Ý.",1,-1.0,1
3152031,Vô Danh Kiếm Pháp,"Khi #YĐao Thế#E cao hơn 1 ô, sát thương chí mạng gây ra có thể tăng thêm dựa trên tỷ lệ chí mạng. Có thể tăng thêm tối đa #Y21%#E, cần tích lũy #Y60%#E tỷ lệ chí mạng.",1,-1.0,1
3155011,Trảm Tuyết Đao Pháp,"Đao pháp Trảm Tuyết đặc biệt kỹ năng #Y Phi Hồng Đạp Tuyết#E đoạn đao quang cuối cùng có thể ngắt hiệu quả #J Cường Nhận#E của kẻ địch, và khiến kẻ địch rơi vào trạng thái #J Đảm Hàn#.",1,-1.0,1
3155021,Trảm Tuyết Đao Pháp,"Tuyệt kỹ đặc biệt Đao Pháp Trảm Tuyết #Y Phi Hồng Đạp Tuyết#E đoạn đao quang cuối cùng có thể ngắt hiệu quả #J Cường Nhẫn#E của kẻ địch, đồng thời khiến kẻ địch rơi vào trạng thái #J Đảm Hàn#E. Đồng thời tăng thêm sát thương khí huyết đối với mục tiêu thủ lĩnh bị #Y Đảm Hàn#E, và khi Bạch Nhận Sát Tướng · Thứ trúng mục tiêu có thể kéo dài thời gian hiệu lực Đảm Hàn, thêm hiệu quả Cụ Nhận còn có thể tăng thêm hiệu quả tăng sát thương Đảm Hàn.",1,-1.0,1
10200110,Sinh Long Hoạt Hổ Đại Pháp,"Khi nhảy lên sử dụng kỳ thuật Ngự Phong 【Yến Triều Lương】 để lao về phía trước, tiêu hao thể lực giảm #Y10%#E, tốc độ di chuyển sau khi tiếp đất tăng #Y30%#E, duy trì #Y3#E giây. Khi đánh bại bất kỳ kẻ địch nào, sẽ hồi phục thêm khí huyết (bằng #Y1%#E Khí Huyết tối đa bản thân + #Y1000#E điểm cố định).",1,-1.0,1
10200111,Hổ sống,移动速度提升30%，持续3秒。,1,3.0,0
10200112,Sinh Long Hoạt Hổ Đại Pháp,"Khi nhảy lên sử dụng kỳ thuật Ngự Phong 【Yến Triều Lương】 để lao về phía trước sẽ tiêu hao ít thể lực hơn #Y40%#E, sau khi tiếp đất tốc độ di chuyển tăng #Y30%#E, duy trì #Y3#E giây. Khi đánh bại bất kỳ kẻ địch nào, sẽ hồi phục thêm khí huyết (bằng #Y1%#E Khí Huyết tối đa của bản thân + #Y1000#E điểm cố định).",1,-1.0,1
10200113,Sinh Long Hổ Phách Đại Pháp,【Yến Triều Lương】Tốc độ lao về phía trước tăng 30%.,1,-1.0,0
10200114,Đại Pháp Sinh Long Hổ Hổ,"Khi nhảy lên sử dụng Kỳ thuật Ngự Phong 【Yến Triều Lương】 để lao về phía trước, tiêu hao thể lực giảm #Y40%#E, tốc độ lao tăng #Y30%#E, sau khi tiếp đất tốc độ di chuyển tăng #Y30%#E, duy trì #Y3#E giây. Khi đánh bại bất kỳ kẻ địch nào, sẽ hồi phục thêm Khí Huyết (#Y1%#E Khí Huyết tối đa bản thân + #Y2400#E điểm cố định).",1,-1.0,1
10200115,Sinh Long Hổ Phách Đại Pháp,"Khi nhảy lên sử dụng Kỳ thuật Ngự Phong 【Yến Triều Lương】 sẽ giảm #Y40%#E thể lực tiêu hao khi lao về phía trước, tăng #Y30%#E tốc độ lao, sau khi tiếp đất tăng #Y30%#E tốc độ di chuyển, giảm #Y30%#E tiêu hao thể lực, duy trì #Y3#E giây. Khi đánh bại bất kỳ kẻ địch nào, sẽ hồi phục thêm Khí Huyết (bằng #Y1%#E Khí Huyết tối đa bản thân + #Y2400#E điểm cố định).",1,-1.0,1
10200116,Hổ sống,"Tốc độ di chuyển tăng 30%, tiêu hao thể lực giảm 30%, duy trì 3 giây.",1,3.0,0
10200117,Sinh Long Hoạt Hổ Đại Pháp,"Khi nhảy lên sử dụng Kỳ thuật Ngự Phong 【Yến Triều Lương】 để lao về phía trước sẽ giảm #Y40%#E thể lực tiêu hao, tốc độ lao tăng #Y30%#E, sau khi tiếp đất tốc độ di chuyển tăng #Y30%#E, duy trì #Y3#E giây. Khi đánh bại bất kỳ kẻ địch nào, sẽ hồi phục thêm khí huyết (bằng #Y1%#E Khí Huyết tối đa bản thân + #Y1000#E điểm cố định).",1,-1.0,1
10200210,Vãn Tuyết Gian,"Sau khi tiến vào chiến đấu, trong vòng #Y12#E giây, nếu khí huyết bản thân dưới #Y60%#E, sẽ lập tức nhận hiệu ứng Tuyết Kiến kéo dài #Y4#E giây: mỗi giây hồi phục #Y2%#E khí huyết bản thân + #Y600#E giá trị cố định. Hiệu ứng này mỗi #Y300#E giây chỉ có thể kích hoạt một lần.",1,-1.0,1
10200211,Tuyết Kiến,"Mỗi giây hồi phục 2%+600 điểm khí huyết, duy trì 4 giây.",1,4.11,0
10200212,Vãn Tuyết Gian,"Sau khi tiến vào chiến đấu, trong vòng #Y12#E giây, nếu khí huyết bản thân dưới #Y60%#E, sẽ lập tức nhận được hiệu ứng Tuyết Kiến kéo dài #Y4#E giây: mỗi giây hồi phục #Y3%#E khí huyết bản thân + #Y600#E giá trị cố định. Hiệu ứng này mỗi #Y300#E giây chỉ có thể kích hoạt một lần.",1,-1.0,1
10200213,Tuyết Kiến,"Hồi phục 3%{0int}+{1} điểm khí huyết mỗi giây, duy trì 4 giây.",1,4.11,0
10200214,Vãn Tuyết Gian,"Trong vòng #Y12#E giây sau khi vào chiến đấu, nếu khí huyết bản thân dưới #Y60%#E, sẽ lập tức nhận hiệu ứng Tuyết Kiến kéo dài #Y4#E giây: mỗi giây hồi phục #Y3%#E khí huyết bản thân + #Y600#E giá trị cố định, khi tấn công có thể hồi phục khí huyết dựa trên #Y10%#E sát thương gây ra. Hiệu ứng này mỗi #Y300#E giây chỉ có thể kích hoạt một lần.",1,-1.0,1
10200215,Vãn Tuyết Gian,"Sau khi tiến vào chiến đấu, trong vòng #Y12#E giây, nếu khí huyết bản thân dưới #Y60%#E, sẽ lập tức nhận được hiệu ứng Tuyết Kiến kéo dài #Y4#E giây: mỗi giây hồi phục #Y3%#E khí huyết bản thân + #Y600#E giá trị cố định, khi tấn công có thể hồi phục khí huyết dựa trên #Y10%#E sát thương gây ra. Hiệu ứng này mỗi #Y150#E giây chỉ có thể kích hoạt một lần.",1,-1.0,1
10200216,Vãn Tuyết Gian,"Sau khi tiến vào chiến đấu, trong vòng #Y12#E giây, nếu khí huyết bản thân dưới #Y60%#E, sẽ lập tức nhận được hiệu ứng Tuyết Kiến kéo dài #Y4#E giây: mỗi giây hồi phục #Y3%#E khí huyết bản thân + #Y600#E giá trị cố định, khi tấn công có thể hồi phục khí huyết dựa trên #Y10%#E sát thương gây ra, và hai kỹ năng tiếp theo chắc chắn sẽ Bạo Kích. Hiệu ứng này mỗi #Y150#E giây chỉ có thể kích hoạt một lần.",1,-1.0,1
10200217,Tuyết Kiến,"Hồi phục 3%+600 điểm khí huyết mỗi giây, duy trì 4 giây, có thể hồi phục khí huyết dựa trên 10% lượng sát thương gây ra, hai kỹ năng được thi triển đầu tiên trong thời gian duy trì chắc chắn sẽ Bạo Kích.",1,4.11,0
10200218,Tuyết Kiến,"Hồi phục 3%+600 điểm khí huyết mỗi giây, duy trì 4 giây, và có thể hồi phục khí huyết dựa trên 10% lượng sát thương gây ra.",1,4.11,0
10200219,Vãn Tuyết Gian,Khi khí huyết dưới 60% sẽ tăng hiệu ứng Tuyết Kiến,1,12.0,0
10200220,Vãn Tuyết Gian,Khi Khí Huyết dưới 60% sẽ tăng hiệu ứng Tuyết Kiến,1,12.0,0
10200221,Tuyết rơi chiều,Khi khí huyết dưới 60% sẽ tăng hiệu ứng Tuyết Kiến,1,12.0,0
10200222,Vãn Tuyết Gian,Khi khí huyết dưới 60% sẽ tăng hiệu ứng Tuyết Kiến,1,12.0,0
10200223,Tuyết muộn,Khi khí huyết dưới 60% sẽ tăng hiệu ứng Tuyết Kiến,1,12.0,0
10200310,Thiết Thân Quyết,"Khi bị tấn công sẽ khó bị đánh ngắt đòn hơn, không có hiệu lực khi nguồn tấn công là Trùm hoặc người chơi.",1,-1.0,1
10200311,Thiết Thân Quyết,"Khi bị tấn công sẽ khó bị đánh ngất hơn, hiệu quả này không có tác dụng khi nguồn tấn công là thủ lĩnh hoặc người chơi. Hiệu quả kháng đỡ sẽ tăng theo số lượng kẻ địch xung quanh.",1,-1.0,1
10200312,Thiết Thân Quyết,"Khi bị tấn công sẽ khó bị đánh ngất hơn, không có hiệu lực khi nguồn tấn công là Trùm hoặc Người chơi. Khả năng kháng hiệu ứng tăng theo số lượng kẻ địch xung quanh. Khi bị đánh có 10% xác suất tăng 2% Phòng ngự Ngoại Công, duy trì 5 giây, tối đa cộng dồn 5 tầng.",1,-1.0,1
10200313,Thiết Thân,"Phòng ngự Ngoại Công tăng 2%, duy trì 5 giây, tối đa có thể cộng dồn 5 tầng.",5,5.0,1
10200314,Thiết Thân Quyết,"Khi bị tấn công sẽ khó bị đánh ngắt đòn hơn, không có hiệu lực khi nguồn tấn công là người chơi. Khả năng kháng hiệu ứng tăng theo số lượng kẻ địch xung quanh. Khi bị đánh có 10% xác suất tăng 2% Phòng ngự Ngoại Công, duy trì 5 giây, tối đa cộng dồn 5 tầng.",1,-1.0,1
10200315,Thiết Thân Quyết,"Khi bị tấn công sẽ khó bị đánh ngất hơn, hiệu quả này không có tác dụng khi nguồn tấn công là người chơi. Khả năng kháng hiệu ứng tăng lên theo số lượng kẻ địch xung quanh. Khi bị đánh có thể gây ra một lượng sát thương phản đòn nhỏ (liên quan đến Khí Huyết tối đa của bản thân), và có 10% xác suất tăng 2% Phòng ngự Ngoại Công, duy trì 5 giây, tối đa có thể cộng dồn 5 tầng.",1,-1.0,1
10200316,Thiết Thân Quyết,"Khi bị tấn công có 20% xác suất nhận được hiệu ứng Liệt Tâm: Mỗi lần bị đánh có thể gây ra sát thương bằng 0.2% giá trị máu tối đa của người bị đánh lên đối phương, duy trì 5 giây.",1,-1.0,0
10200317,Liệt Tâm,"Mỗi lần bị đánh đều có thể phản thương (dựa trên 0.2% máu tối đa của đối phương), duy trì 5 giây.",1,5.0,0
10200410,Sơn Nguyệt Vô Ảnh,"Ám thương kỳ thuật 【Lăng Hư Nhất Chỉ】 có thể tăng khoảng cách tập kích lén tối đa #Y1.5#E thước, và tăng sát thương gây ra #Y10%#E. Sau khi tập kích lén thành công sẽ lập tức hồi phục #Y5%#E khí huyết dựa trên lượng sát thương gây ra.",1,-1.0,1
10200411,Sơn Nguyệt Vô Ảnh,"Ám thương kỳ thuật【Lăng Hư Nhất Chỉ】tăng khoảng cách tập kích lén tối đa thêm #Y1.5#E thước, và gây thêm #Y10%#E sát thương. Sau khi tập kích lén thành công sẽ lập tức hồi phục khí huyết bằng #Y10%#E lượng sát thương gây ra.",1,-1.0,1
10200412,Sơn Nguyệt Vô Ảnh,"Ám Thương Kỳ Thuật 【Lăng Hư Nhất Chỉ】 có thể tăng khoảng cách tập kích lén tối đa #Y1.5#E thước, và sát thương gây ra tăng #Y10%#E. Sau khi tập kích lén thành công sẽ lập tức hồi phục khí huyết bằng #Y10%#E lượng sát thương gây ra, và có xác suất nhận được một phần chiến lợi phẩm từ mục tiêu.",1,-1.0,1
10200413,Sơn Nguyệt Vô Ảnh,"Thuật thương tích ẩn [Lăng Hư Nhất Chỉ] có thể tăng khoảng cách tập kích tối đa thêm #Y2.5#E trượng, và sát thương gây ra tăng #Y10%#E. Sau khi tập kích thành công sẽ lập tức hồi phục khí huyết bằng #Y10%#E lượng sát thương gây ra, và có xác suất nhận được một phần chiến lợi phẩm từ mục tiêu.",1,-1.0,1
10200414,Sơn Nguyệt Vô Ảnh,Sau khi dùng Bí thuật Nội thương 【Lăng Hư Nhất Chỉ】 đánh lén thành công sẽ tiến vào trạng thái ẩn thân.,1,-1.0,0
10200415,Sơn Nguyệt Vô Ảnh,"Bí thuật thương tích ẩn 【Lăng Hư Nhất Chỉ】 có thể tăng khoảng cách tập kích lén tối đa #Y2.5#E thước, và tăng sát thương gây ra #Y10%#E. Sau khi tập kích lén thành công sẽ lập tức hồi phục khí huyết bằng #Y10%#E lượng sát thương gây ra, và có xác suất nhận được một phần chiến lợi phẩm từ mục tiêu. Sau khi tập kích lén thành công sẽ tiến vào trạng thái ẩn thân, mỗi 20 giây chỉ có thể kích hoạt một lần.",1,-1.0,1
10200510,Cực Lạc Khấp Huyết,"Mỗi lần gây sát thương, có #Y10%#E xác suất kèm theo một tầng hiệu ứng Khấp Huyết, duy trì #Y5#E giây, mỗi giây gây sát thương một lần, tối đa cộng dồn #Y5#E tầng. Khi tầng Khấp Huyết trên mục tiêu tích đủ 5 tầng sẽ lập tức bị xóa bỏ và gây ra một lần sát thương Trích Thương. Nhận lại có thể làm mới thời gian.",1,-1.0,1
10200511,Khấp Huyết,Mỗi giây gây sát thương chảy máu một lần.,5,5.0,0
10200512,Cực Lạc Gia Thêm,"Xóa bỏ 10200511, và tính toán sát thương một lần",1,0.1,0
10200513,Cực Lạc Khấp Huyết,"Mỗi lần gây sát thương, có #Y10%#E xác suất kèm theo một tầng hiệu ứng Khấp Huyết, duy trì #Y5#E giây, mỗi giây gây sát thương một lần, tối đa cộng dồn #Y5#E tầng. Khi tầng Khấp Huyết trên mục tiêu tích đủ 5 tầng sẽ lập tức bị xóa và gây một lần sát thương xuyên thấu mạnh. Nhận lại có thể làm mới thời gian.",1,-1.0,1
10200514,Khóc máu,Mỗi giây gây ra một lần sát thương chảy máu.,5,5.0,0
10200515,Cực Lạc Gia Trì,"Xóa bỏ 10200514, và tính toán sát thương một lần",1,0.1,0
10200516,Cực Lạc Khấp Huyết,"Mỗi lần gây sát thương, có #Y10%#E xác suất kèm theo một tầng hiệu ứng Khóc Máu, duy trì #Y5#E giây, mỗi giây gây sát thương một lần, tối đa cộng dồn #Y5#E tầng. Khi số tầng Khóc Máu trên mục tiêu tích lũy đủ 5 tầng sẽ lập tức bị xóa và gây ra một lần sát thương Xuyên Thấu mạnh. Lặp lại nhận sẽ làm mới thời gian. Khi hiệu ứng Khóc Máu kết thúc mà chưa tích lũy đủ 5 tầng cũng có #Y20%#E xác suất gây ra một lần sát thương Xuyên Thấu.",1,-1.0,1
10200517,Khóc than đẫm máu,Mỗi giây gây ra một lần sát thương chảy máu.,5,5.0,0
10200518,Dấu ấn đâm xuyên,20% xác suất gây sát thương xuyên thấu,1,0.1,0
10200519,Cực Lạc Khấp Huyết,"Mỗi lần gây sát thương, có #Y15%#E xác suất kèm theo một tầng hiệu ứng Khấp Huyết, duy trì #Y5#E giây, mỗi giây gây sát thương một lần, tối đa cộng dồn #Y5#E tầng. Khi tầng Khấp Huyết trên mục tiêu tích đủ 5 tầng sẽ lập tức bị xóa và gây ra một đợt Sát thương Xuyên Thấu mạnh. Lặp lại nhận sẽ làm mới thời gian. Khi hiệu ứng Khấp Huyết kết thúc mà chưa tích đủ 5 tầng, vẫn có #Y20%#E xác suất gây ra một đợt Sát thương Xuyên Thấu.",1,-1.0,1
10200520,Cực Lạc Khấp Huyết,"Mỗi lần gây sát thương, có #Y15%#E xác suất phụ thêm một tầng hiệu ứng Khấp Huyết, duy trì #Y5#E giây, mỗi giây gây sát thương một lần, tối đa cộng dồn #Y5#E tầng. Khi tầng Khấp Huyết trên mục tiêu tích đủ 5 tầng sẽ chỉ xóa 3-4 tầng hiệu ứng và gây ra một lần thương tổn Bạo Kích. Lặp lại nhận sẽ làm mới thời gian. Khi hiệu ứng Khấp Huyết kết thúc mà chưa tích đủ 5 tầng cũng có #Y20%#E xác suất gây ra một lần thương tổn Bạo Kích.",1,-1.0,1
10200521,Khấp Huyết,Gây sát thương chảy máu mỗi giây một lần,5,5.0,0
10200522,Cực Lạc Gia Trì,"Xóa sổ 109012, và quyết toán một lần sát thương",1,0.1,0
10200523,Đánh dấu vết thương,20% xác suất gây sát thương xuyên thấu,1,0.1,0
10200610,Cát bãi vĩ,"Trong thời gian sử dụng kỳ thuật Ngự Phong 【Cẩm Lân Trục Nguyệt】#Y hóa thân thành Cẩm Lý#E, độ bền tiêu hao khi #Y xung phong#E và #Y nhảy#E giảm #Y50%#E.",1,-1.0,1
10200611,Vẫy đuôi cát,"Trong thời gian sử dụng kỳ thuật Ngự Phong 【Cẩm Lân Trục Nguyệt】#Y hóa thân Cẩm Lý#E, #Y xung phong#E và #Y nhảy#E tiêu hao thể lực giảm #Y50%#E. Khi thoát khỏi hình thái Cẩm Lý có thể tạo ra một lá chắn Khí Huyết.",1,-1.0,1
10200612,Sa bãi vĩ,"Sử dụng Ngự Phong Kỳ Thuật 【Cẩm Lân Trục Nguyệt】#Y hóa thân Cẩm Lân#E trong thời gian, #Y Xông lên#E và #Y Nhảy#E tiêu hao thể lực giảm #Y50%#E. Thoát khỏi hình thái Cẩm Lân có thể tạo ra một lá chắn Khí Huyết.",1,-1.0,0
10200613,Lân Tâm Hộ,"Khi thoát khỏi hình thái Cẩm Lý, lượng sát thương có thể hấp thụ là lá chắn có #Y30%#E giá trị Khí Huyết tối đa. Mỗi #Y30#E giây chỉ có thể kích hoạt 1 lần.",1,10.0,0
10200614,Sa bãi vĩ,"Trong thời gian sử dụng kỳ thuật Ngự Phong 【Cẩm Lân Trục Nguyệt】#Y hóa thân thành Cẩm Lân#E, #Y xung phong#E và #Y nhảy#E tiêu hao thể lực giảm #Y50%#E, nếu đồng thời ở trạng thái #Y thoát khỏi chiến#E, thì có thể liên tục hồi phục #Y Khí Huyết và Tinh Nguyên#E theo thời gian. Khi thoát khỏi hình thái Cẩm Lân có thể tạo ra một lá chắn Khí Huyết.",1,-1.0,1
10200615,Ngư Đắc Thủy,"Khi ở trạng thái #Y hình thái Cẩm Lý#E, #Y trạng thái thoát chiến#E và #Y môi trường không thu thập cát chảy#E, có thể liên tục hồi phục #Y giá trị Khí Huyết và tinh nguyên#E theo thời gian.",1,-1.0,0
10200616,Ngư Đắc Thủy · Cực,"Khi ở trạng thái #Y Cẩm Lý#E, #Y Thoát chiến#E và #Y Môi trường cát chảy đầy màu sắc#E, có thể liên tục hồi phục lượng lớn #Y Khí Huyết và Tinh Nguyên#E theo thời gian.",1,-1.0,0
10200617,Cát bãi vẫy đuôi,"Trong thời gian sử dụng kỳ thuật Ngự Phong 【Cẩm Lân Trục Nguyệt】#Yhóa thân thành Cẩm Lân#E, #Ytấn công#E và #Ynhảy#E không còn tiêu hao thể lực, nếu đồng thời ở trong #Ytrạng thái thoát chiến#E, thì có thể liên tục hồi phục theo thời gian #YKhí Huyết và Tinh Nguyên#E. Khi thoát khỏi hình dạng cá chép, có thể tạo ra một lá chắn Khí Huyết.",1,-1.0,1
10200618,Sa bãi vĩ,"Sử dụng Ngự Phong Kỳ Thuật 【Cẩm Lân Trục Nguyệt】#Yhóa thân Cẩm Lân#E trong thời gian này, #YXung kích#E và #YNhảy#E không còn tiêu hao thể lực, nếu đồng thời ở trạng thái #Ythoát chiến#E, thì có thể tùy theo thời gian liên tục hồi phục #YKhí Huyết và Tinh Nguyên#E. Thoát khỏi hình thái cá chép có thể tạo ra một lá chắn khí huyết. Ở trạng thái cá thu thập có thêm #Y30%#E xác suất nhận được gấp đôi vật phẩm thu thập.",1,-1.0,1
10201206,Thông thạo Phòng hộ,Giảm 20% sát thương nhận vào,1,-1.0,0
10204110,Chinh Nhân Quy,"Tất cả sát thương và trị liệu gây ra tăng #Y5%#E, sẽ tạm thời mất hiệu lực trong #Y5#E giây sau khi bị đánh. Mỗi lần bị đánh còn nhận hiệu ứng #Y Lồng Giam#E: Tất cả sát thương bản thân phải chịu tăng #Y5%#E.",1,-1.0,1
10204111,Chinh Nhân Quy,"Mỗi lần bị đánh, sẽ nhận hiệu ứng tăng sát thương khi bị đánh kéo dài 5 giây.",1,-1.0,0
10204112,Lồng giam,Tất cả sát thương nhận vào tăng #Y5%#E.,1,5.0,0
10204113,Chinh Nhân Quy,"Mọi sát thương gây ra và hồi phục đều tăng #Y5%#E, nhưng sẽ tạm thời mất hiệu lực trong vòng #Y5#E giây sau khi bị đánh. Mỗi lần bị đánh sẽ nhận hiệu ứng #YLồng Giam#E: Mọi sát thương bản thân phải chịu tăng thêm #Y3%#E.",1,-1.0,1
10204114,Chinh Nhân Quy,"Mỗi lần bị đánh, sẽ nhận hiệu quả tăng sát thương phải chịu kéo dài 5 giây.",1,-1.0,0
10204115,Lồng giam,Tất cả sát thương nhận vào tăng #Y3%#E.,1,5.0,0
10204116,Chinh Nhân Quy,"Tất cả sát thương và hồi phục gây ra tăng #Y5%#E, sẽ tạm thời mất hiệu lực trong vòng #Y5#E giây sau khi bị đánh. Mỗi lần bị đánh sẽ nhận hiệu ứng #YLồng Giam#E: Tất cả sát thương bản thân phải chịu tăng #Y3%#E, sẽ tạm thời mất hiệu lực trong vòng #Y5#E giây sau khi #Ybị bất kỳ đòn tấn công nào trúng#E.",1,-1.0,0
10204117,Thoát Khỏi Lồng Giam,"Kéo dài 5 giây, trong thời gian duy trì nhận sát thương sẽ không còn được tăng phúc lợi nữa.",1,5.0,0
10204118,Chinh Nhân Quy,"Tất cả sát thương và trị liệu gây ra tăng #Y8%#E, sẽ tạm thời mất hiệu lực trong vòng #Y5#E giây sau khi bị đánh. Mỗi lần bị đánh còn nhận hiệu ứng #YLồng Giam#E: Tất cả sát thương bản thân phải chịu tăng #Y3%#E, sẽ tạm thời mất hiệu lực trong vòng #Y5#E giây sau khi #Ybất kỳ đòn tấn công nào trúng đích#E.",1,-1.0,1
10204119,Chinh Nhân Quy,"Tất cả sát thương và trị liệu gây ra tăng #Y8%#E, sẽ tạm thời mất hiệu lực trong vòng #Y5#E giây sau khi bị đánh. Trong thời gian hiệu ứng Chinh Nhân Quy có hiệu lực, khi tấn công trúng mục tiêu chắc chắn sẽ thêm một dấu ấn lên mục tiêu, khi bị mục tiêu mang dấu ấn tấn công, hiệu ứng Chinh Nhân Quy sẽ không còn mất hiệu lực nữa. Mỗi khi bị đánh sẽ nhận được hiệu ứng #Y Lao Lung#E: Tất cả sát thương bản thân phải chịu tăng #Y3%#E, sẽ tạm thời mất hiệu lực trong vòng #Y5#E giây sau khi #Y bất kỳ đòn tấn công nào trúng đích#E.",1,-1.0,1
10204120,Tống Quy Nhân,"Khi có hiệu ứng này, tấn công sẽ không còn làm mất hiệu lực của hiệu ứng Quy Nhân\"" nữa.\""",1,5.0,0
10204121,Chinh Nhân Quy,"Sau khi #Y bất kỳ đòn tấn công nào trúng đích#E, hiệu ứng lồng giam sẽ tạm thời vô hiệu trong vòng #Y5#E giây.",1,-1.0,0
10204210,Niên Niên Sở Hận,"Mỗi lần gây sát thương, có #Y10%#E xác suất gây thêm hiệu ứng Độc Tố, kéo dài #Y5#E giây, mỗi giây gây sát thương một lần. Khi nhận Độc Tố sẽ lập tức giảm #Y0.6%#E phòng ngự Nội/Ngoại công của mục tiêu trong #Y10#E giây, tối đa có thể cộng dồn #Y5#E tầng. Nhận lại sẽ làm mới thời gian.",1,-1.0,1
10204211,Độc Y Thanh Y,"Gây sát thương mỗi giây một lần, duy trì 5 giây, nhận lại sẽ làm mới thời gian.",1,5.0,0
10204212,Thanh Y Mị,"Giảm 0.6% Phòng ngự Ngoại Công, duy trì 10 giây, nhận lại sẽ làm mới thời gian và cộng dồn, tối đa 5 tầng.",5,10.0,0
10204213,Niên Niên Sở Hận,"Mỗi lần gây sát thương, có #Y10%#E xác suất phụ thêm một hiệu ứng Độc Tố, kéo dài #Y5#E giây, mỗi giây gây sát thương một lần. Độc Tố khi nhận sẽ lập tức giảm #Y1.2%#E Nội/Phòng ngự Ngoại Công của mục tiêu, kéo dài #Y10#E giây, tối đa có thể cộng dồn #Y5#E tầng. Nhận lại có thể làm mới thời gian.",1,-1.0,1
10204214,Thanh Y Mị,"Giảm 1.2% Phòng ngự Ngoại Công, duy trì 10 giây, nhận lại sẽ làm mới thời gian và cộng dồn, tối đa 5 tầng.",5,10.0,0
10204215,Niên Niên Sở Hận,"Mỗi lần gây ra hoặc nhận sát thương, có #Y10%#E xác suất phụ thêm hiệu ứng Độc Tố, kéo dài #Y5#E giây, mỗi giây gây sát thương một lần. Khi nhận Độc Tố sẽ lập tức giảm #Y1.2%#E phòng ngự Nội/Ngoại công của mục tiêu, kéo dài #Y10#E giây, tối đa có thể cộng dồn #Y5#E tầng. Nhận lại có thể làm mới thời gian.",1,-1.0,1
10204216,Niên Niên Sở Hận,"Mỗi khi gây ra hoặc nhận sát thương, có #Y15%#E xác suất gây hiệu ứng Độc Tố, kéo dài #Y5#E giây, mỗi giây gây sát thương một lần. Khi nhận Độc Tố, sẽ lập tức giảm #Y1.2%#E phòng ngự Nội/Ngoại công của mục tiêu, kéo dài #Y10#E giây, tối đa có thể cộng dồn #Y5#E tầng. Nhận lại sẽ làm mới thời gian.",1,-1.0,1
10204217,Niên Niên Sở Hận,"Mỗi lần gây ra hoặc nhận sát thương, có #Y15%#E xác suất phụ thêm hiệu ứng Độc Tố, duy trì #Y5#E giây, mỗi giây gây sát thương một lần. Khi nhận Độc Tố sẽ lập tức giảm #Y1.2%#E phòng ngự Nội/Ngoại công của mục tiêu, duy trì #Y10#E giây, tối đa có thể cộng dồn #Y5#E tầng, khi đủ 5 tầng sẽ giảm thêm #Y10#E điểm kháng Ngoại công của mục tiêu. Nhận lại có thể làm mới thời gian.",1,-1.0,1
10204218,Thanh Y Mị,"Phòng ngự Ngoại Công giảm 1%, duy trì 10 giây, nhận lại sẽ làm mới thời gian và cộng dồn, tối đa 5 tầng, khi đủ tầng sẽ giảm thêm 10 điểm kháng ngoại công của mục tiêu.",5,10.0,0
10204310,Quy Yến Kinh,"Khi thi triển Tuyệt Kỹ Khí Kiệt, có thể hồi phục Khí Huyết bằng #Y8%#E lượng sát thương gây ra.",1,-1.0,1
10204311,Quy Yến Kinh,"Khi thi triển Tuyệt Kỹ Khí Kiệt, có thể hồi phục khí huyết dựa trên #Y12%#E lượng sát thương gây ra.",1,-1.0,1
10204312,Quy Yến Kinh,"Khi thi triển Tuyệt Kỹ Khí Kiệt, có thể hồi phục Khí Huyết dựa trên #Y12%#E lượng sát thương gây ra, và có thể hồi phục thêm 10 điểm Chân Khí.",1,-1.0,1
10204313,Quy Yến Kinh,"Khi thi triển Tuyệt Kỹ Khí Kiệt, sát thương tăng #Y5%#E, đồng thời có thể hồi phục khí huyết bằng #Y12%#E lượng sát thương gây ra, và có thể hồi phục thêm 10 điểm chân khí.",1,-1.0,1
10204314,Quy Yến Kinh,"Khi thi triển Kỹ Năng Kết Liễu Khí Kiệt, sát thương tăng #Y5%#E, đồng thời có thể hồi phục Khí Huyết bằng #Y12%#E lượng sát thương gây ra, và hồi phục thêm 10 điểm Chân Khí. Khi tấn công mục tiêu đang trong trạng thái Khí Kiệt, ngoại trừ Kỹ Năng Kết Liễu Khí Kiệt, đều có thể hồi phục Khí Huyết bằng #Y30%#E lượng sát thương gây ra.",1,-1.0,1
10204410,Nộ Trảm Mã,"Số lượng Tinh Nguyên cần thiết để thi triển Kỳ Thuật, khi hoàn thành hành vi hồi phục chỉ định, có #Y50%#E xác suất nhận thêm #Y1#E điểm, trong đó khi nhận Tinh Nguyên thông qua hành vi tấn công, bị đánh và giải trừ thế thành công, sẽ không nhận được hồi phục thêm.",1,-1.0,1
10204411,Nộ Trảm Mã,"Số lượng Tinh Nguyên cần thiết để thi triển Kỳ Thuật, khi hoàn thành hành vi hồi phục chỉ định, có #Y100%#E xác suất nhận thêm #Y1#E điểm, trong đó khi nhận Tinh Nguyên thông qua hành vi tấn công, bị đánh và giải thế thành công, sẽ không nhận được hồi phục thêm.",1,-1.0,1
10204412,Nộ Trảm Mã,"Lượng tinh nguyên cần để thi triển kỳ thuật, khi hoàn thành hành vi hồi phục chỉ định, có #Y100%#E xác suất nhận thêm #Y1#E điểm, trong đó khi nhận tinh nguyên thông qua hành vi tấn công, bị đánh, chỉ có #Y10%#E xác suất nhận thêm #Y1#E điểm, khi thành công hóa giải lực lượng để nhận tinh nguyên sẽ không nhận được hồi phục thêm.",1,-1.0,1
10204413,Nộ Trảm Mã,"Số lượng Tinh Nguyên cần thiết để giải phóng Kỳ thuật, khi hoàn thành hành vi hồi phục chỉ định, có #Y100%#E xác suất nhận thêm #Y1#E điểm, trong đó khi nhận Tinh Nguyên thông qua hành vi tấn công, bị đánh, chỉ có #Y10%#E xác suất nhận thêm #Y1#E điểm.",1,-1.0,1
10204414,Nộ Trảm Mã,"Tài nguyên Tinh Nguyên cần để thi triển Kỳ Thuật, khi hoàn thành hành vi hồi phục chỉ định, có #Y100%#E xác suất nhận thêm #Y1#E điểm, trong đó khi nhận Tinh Nguyên qua hành vi tấn công, bị đánh, chỉ có #Y10%#E xác suất nhận thêm #Y1#E điểm. Sau khi thi triển Kỳ Thuật, giá trị Tinh Nguyên tiêu hao trong vòng #Y5#E giây đều có thể hoàn trả #Y20%#E, mỗi lần tối đa chỉ có thể hoàn trả #Y10#E điểm.",1,-1.0,1
10204415,Hồi Mã,"Sau khi thi triển kỳ thuật, tinh nguyên tiêu hao trong vòng #Y5#E giây sẽ được hoàn trả #Y30%#E, mỗi lần tối đa hoàn trả #Y10#E điểm.",1,5.0,0
10204510,Trường Sinh Vô Tướng,"Khi hóa giải thành công, có thể nhận ngay một trong các hiệu ứng sau (Dẫn Trường Sinh: Sát thương kỹ năng lần sau tăng #Y10%#E; Tâm Trường Sinh: Kỹ năng lần sau chắc chắn Bạo Kích; Ý Trường Sinh: Kỹ năng lần sau chắc chắn trúng yếu huyệt), hiệu ứng duy trì #Y10#E giây. Mỗi 30 giây chỉ có thể có hiệu lực một lần. Các kỹ năng có thể có hiệu lực bao gồm Võ học kỹ, Cảm tri kỹ, Đặc thù kỹ, Tích lực kỹ và Phái sinh kỹ.",1,-1.0,1
10204511,Dẫn Lối Trường Sinh,Sát thương kỹ năng lần sau tăng 10%.,1,10.0,0
10204512,Trái Tim Trường Sinh,Kỹ năng tiếp theo chắc chắn sẽ Bạo Kích.,1,10.0,0
10204513,Ý nghĩa trường sinh,Kỹ năng lần sau chắc chắn sẽ Hội Ý.,1,10.0,0
10204514,Dẫn Lối Trường Sinh,Trường Sinh Chi Dẫn vẫn chưa gây ra sát thương.,1,10.0,0
10204515,Trường Sinh Vô Tướng,"Khi Giải Thế thành công, có thể hồi phục 5 điểm chân khí, và lập tức nhận được một trong các hiệu ứng sau (Trường Sinh Chi Dẫn: Tất cả sát thương gây ra tăng #Y10%#E; Trường Sinh Chi Tâm: Kỹ năng tiếp theo chắc chắn Bạo Kích; Trường Sinh Chi Ý: Kỹ năng tiếp theo chắc chắn trúng ý), hiệu ứng duy trì #Y10#E giây. Mỗi 30 giây chỉ có thể có hiệu lực một lần. Các kỹ năng có thể có hiệu lực bao gồm Võ Học Kỹ, Cảm Tri Kỹ, Đặc Thù Kỹ, Tích Lũy Kỹ và Phái Sinh Kỹ.",1,-1.0,1
10204516,Trường Sinh Vô Tướng,"Khi hóa giải thành công, có thể hồi phục 5 điểm chân khí, sát thương nhận vào lần sau giảm 10%, và lập tức nhận được một trong các hiệu ứng sau (Dẫn Trường Sinh: Tất cả sát thương gây ra tăng #Y10%#E; Tâm Trường Sinh: Kỹ năng lần sau chắc chắn Bạo Kích; Ý Trường Sinh: Kỹ năng lần sau chắc chắn trúng ý), hiệu ứng duy trì #Y10#E giây. Mỗi 30 giây chỉ có thể có hiệu lực một lần. Các kỹ năng có thể có hiệu lực bao gồm Võ học kỹ, Cảm tri kỹ, Đặc thù kỹ, Tích lực kỹ và Kỹ phái sinh.",1,-1.0,1
10204517,Thân thể trường sinh,Lần sau nhận sát thương giảm 10%.,1,10.0,0
10204518,Trường Sinh Vô Tướng,"Khi Giải Thế thành công, có thể hồi phục 5 điểm chân khí, sát thương nhận vào lần sau giảm 10%, và lập tức nhận được một trong các hiệu ứng sau (Dẫn Trường Sinh: Tất cả sát thương gây ra tăng #Y10%#E; Tâm Trường Sinh: Kỹ năng lần sau chắc chắn Bạo Kích; Ý Trường Sinh: Kỹ năng lần sau chắc chắn trúng ý), hiệu ứng duy trì #Y10#E giây. Mỗi 24 giây chỉ có thể có hiệu lực một lần. Các kỹ năng có thể có hiệu lực bao gồm Võ học kỹ, Cảm tri kỹ, Đặc thù kỹ, Tích lực kỹ và Phái sinh kỹ.",1,-1.0,1
10204519,Trường Sinh Vô Tướng,"Khi Giải Thế thành công, có thể hồi phục 5 điểm chân khí, sát thương nhận vào lần sau giảm 10%, và lập tức nhận được một hoặc cả hai hiệu ứng sau (Dẫn Trường Sinh: Tất cả sát thương gây ra tăng #Y10%#E; Tâm Trường Sinh: Kỹ năng lần sau chắc chắn Bạo Kích; Ý Trường Sinh: Kỹ năng lần sau chắc chắn trúng ý), hiệu ứng duy trì #Y10#E giây. Mỗi 24 giây chỉ có thể phát huy tác dụng một lần. Các kỹ năng có thể phát huy tác dụng bao gồm Võ học kỹ, Cảm tri kỹ, Đặc thù kỹ, Tích lực kỹ và Phái sinh kỹ.",1,-1.0,1
10204520,Trường Sinh Vô Tướng,"Khi hóa giải thành công, có thể hồi phục 5 điểm chân khí.",1,-1.0,0
10204610,Bóng hình uyển chuyển,"Sau khi né tránh hoàn hảo để tránh đòn tấn công, có #H50%#E xác suất hoàn trả lại #H100%#E giá trị thể lực đã tiêu hao lần này.",1,-1.0,1
10204611,Bà Sa Ảnh,"Sau khi né tránh hoàn hảo để tránh đòn tấn công, có #H70%#E xác suất hoàn trả lại #H100%#E giá trị thể lực đã tiêu hao lần này.",1,-1.0,1
10204612,Bóng múa may,"Giảm tiêu hao thể lực né tránh #Y20%#E, giảm sát thương nhận vào khi né tránh #Y20%#E. Sau khi né tránh hoàn hảo, có #H70%#E xác suất hoàn trả #H100%#E giá trị thể lực đã tiêu hao lần này.",1,-1.0,1
10204613,Bóng hình uyển chuyển,"Giảm tiêu hao thể lực né tránh #Y20%#E, giảm sát thương nhận vào khi né tránh #Y20%#E.",1,3.0,0
10204614,Bóng múa may,"Tiêu hao Né tránh giảm #Y20%#E, sát thương nhận vào khi né tránh giảm #Y20%#E. Sau khi né tránh hoàn hảo né tránh đòn tấn công, có thể hồi phục #Y0.5%#E Khí Huyết tối đa, và có #H70%#E xác suất hoàn trả #H100%#E giá trị Nội Lực tiêu hao lần này.",1,-1.0,1
10204615,Bóng Vũ Trà,"Giảm tiêu hao thể lực né tránh #Y20%#E, giảm sát thương nhận vào khi né tránh #Y20%#E. Thời gian vô địch khi né tránh kéo dài #Y20%#E, sau khi né tránh thành công, có thể hồi phục #Y0.5%#E Khí Huyết tối đa, và có #H70%#E xác suất hoàn trả #H100%#E lượng thể lực đã tiêu hao lần này.",1,-1.0,1
10204710,Minh Hối Đồng Trần,"Nhận được hiệu quả #YQuy Nghĩa#E: Gây thêm sát thương trực tiếp tăng #Y3%#E, và dựa theo tỷ lệ mất máu của mục tiêu để tăng thêm, mỗi mất máu 20% tăng thêm 0.5%, nhiều nhất #Y2%#E.",1,-1.0,1
10204711,Minh Hối Đồng Trần,"Nhận được hiệu quả #YQuy Nghĩa#E: Gây thêm sát thương trực tiếp loại hình tăng #Y3%#E, và tăng thêm theo tỷ lệ mất máu của mục tiêu, mỗi mất máu 20% tăng thêm 0.5%, nhiều nhất #Y2%#E. Nhận được hiệu quả #YAo Chiến#E: Chịu sát thương trực tiếp giảm #Y3%#E và gây hiệu quả trị liệu tăng #Y3%#E, và tăng thêm theo tỷ lệ mất máu của bản thân, mỗi mất máu 20% tăng thêm 0.5%, nhiều nhất #Y2%#E.",1,-1.0,1
10204713,Minh Hối Đồng Trần,"Nhận được hiệu quả #YQuy Nghĩa#E: Sát thương loại trực tiếp gây ra tăng #Y3%#E, và tăng thêm theo tỷ lệ mất máu của mục tiêu, cứ mất máu 15% tăng thêm 0.5%, nhiều nhất #Y2%#E. Nhận được hiệu quả #YAo Chiến#E: Chịu sát thương trực tiếp giảm #Y3%#E và hiệu quả trị liệu tăng #Y3%#E, và tăng thêm theo tỷ lệ mất máu của bản thân, cứ mất máu 15% tăng thêm 0.5%, nhiều nhất #Y2%#E.",1,-1.0,1
10204714,Minh Hối Đồng Trần,"Nhận được hiệu quả #YQuy Nghĩa#E：Gây sát thương trực tiếp tăng #Y3%#E, và tăng thêm theo tỷ lệ tổn thất khí huyết của mục tiêu, cứ tổn thất 15% khí huyết tăng thêm 0.5%, nhiều nhất #Y2%#E. Nhận được hiệu quả #YAo Chiến#E：Chịu sát thương trực tiếp giảm #Y3%#E và gây hiệu quả trị liệu tăng #Y3%#E, và tăng thêm theo tỷ lệ tổn thất khí huyết của bản thân, cứ tổn thất 15% khí huyết tăng thêm 0.5%, nhiều nhất #Y2%#E. #YQuy Nghĩa#E kỳ hạ, #YMinh#E và #YHối#E giao thoa mà sinh, mất đi tăng lên, duy trì 5 giây, nhiều nhất cộng dồn 5 tầng.",1,-1.0,1
10204716,Minh Hối Đồng Trần,"Nhận hiệu quả #YQuy Nghĩa#E: Gây thêm sát thương trực tiếp tăng #Y5%#E, và tăng thêm dựa trên tỷ lệ mất máu của mục tiêu, cứ mất 15% máu thì tăng thêm 1%, tối đa #Y4%#E. Nhận hiệu quả #YAo Chiến#E: Giảm sát thương trực tiếp phải chịu #Y5%#E và tăng hiệu quả trị liệu #Y5%#E, và tăng thêm dựa trên tỷ lệ mất máu của bản thân, cứ mất 15% máu thì tăng thêm 1%, tối đa #Y4%#E.",1,-1.0,1
10204717,Đại bí cảnh tầng 11-Quái vật-Đợt 3,Mỗi tầng #YHối#E khiến hiệu quả #YAo Chiến#E tăng 10%.,5,5.0,0
10204718,Minh,Mỗi tầng #YMinh#E khiến hiệu quả #YQuy Nghĩa#E tăng 10%.,5,5.0,0
10204810,Đan Tâm Toản,"Khi Khí Huyết bản thân dưới #Y30%#E, kích hoạt hiệu quả #YĐề Tâm#E: hồi phục #Y20%#E Khí Huyết, đồng thời trong 10 giây, chịu sát thương giảm #Y20%#E, tối đa kích hoạt một lần mỗi 120 giây.",1,-1.0,1
10204811,Đan Tâm Triện,"Khi Khí Huyết bản thân dưới #Y30%#E, kích hoạt hiệu quả #YĐề Tâm#E: hồi phục #Y20%#E Khí Huyết, đồng thời trong 10 giây chịu sát thương giảm #Y20%#E, mỗi 90 giây tối đa kích hoạt một lần.",1,-1.0,0
10204813,Đan Tâm Toản,"Khi giá trị Khí Huyết của bản thân dưới #Y30%#E, kích hoạt hiệu quả #YTệ Tâm#E: hồi phục #Y20%#E Khí Huyết, đồng thời trong 10 giây sát thương phải chịu giảm #Y20%#E, tối đa kích hoạt một lần sau mỗi 90 giây. Trong thời gian #YTệ Tâm#E gây ra hoặc chịu sát thương hồi phục #Y2%#E Khí Huyết, hiệu quả hồi máu tối đa kích hoạt 1 lần mỗi giây.",1,-1.0,0
10204814,Chính luật,"Khi giá trị Khí Huyết của bản thân dưới #Y30%#E, kích hoạt hiệu ứng #YĐề Tâm#: Hồi phục #Y20%#E Khí Huyết, đồng thời trong 10 giây sát thương phải chịu giảm #Y20%#E, tối đa kích hoạt một lần trong 90 giây. Trong thời gian #YĐề Tâm#E gây hoặc chịu sát thương hồi phục #Y2%#E Khí Huyết, hiệu quả hồi máu tối đa kích hoạt 1 lần mỗi giây. Đồng thời, trong thời gian #YĐề Tâm#E chịu sát thương sẽ gây ra một lần #YSát thương đâm chọc#E cho kẻ địch, sát thương đâm chọc tối đa kích hoạt 1 lần mỗi giây, đồng thời thêm hiệu ứng #YTruy vấn#E cho kẻ địch.",1,-1.0,0
10204815,Đan Tâm Triện,"Khi giá trị Khí Huyết của bản thân dưới #Y30%#E, kích hoạt hiệu ứng #YĐề Tâm#E: Hồi phục #Y20%#E Khí Huyết, đồng thời giảm #Y20%#E sát thương phải chịu trong 10 giây, tối đa kích hoạt một lần sau mỗi 90 giây. Trong thời gian #YĐề Tâm#E, gây hoặc chịu sát thương hồi phục #Y2%#E Khí Huyết, hiệu ứng hồi máu tối đa kích hoạt 1 lần mỗi giây. Đồng thời, trong thời gian #YĐề Tâm#E, chịu sát thương sẽ gây ra một lần #Ysát thương Chạc Thứ#E cho kẻ địch, sát thương Chạc Thứ tối đa kích hoạt 1 lần mỗi giây, đồng thời thêm hiệu ứng #YTruy Vấn#E cho kẻ địch.",1,-1.0,0
10204816,Đan Tâm Triện,"Khi giá trị khí huyết của bản thân dưới #Y30%#E, kích hoạt hiệu quả #YĐề Tâm#E: hồi phục #Y20%#E khí huyết, đồng thời trong 10 giây chịu sát thương giảm #Y20%#E, tối đa kích hoạt một lần trong 90 giây. Trong thời gian #YĐề Tâm#E, gây hoặc chịu sát thương hồi phục #Y2%#E giá trị khí huyết, hiệu quả hồi máu tối đa kích hoạt 1 lần mỗi giây. Đồng thời, trong thời gian #YĐề Tâm#E, gây hoặc chịu sát thương sẽ gây ra một lần #Ysát thương đục khoét#E cho kẻ địch, sát thương đục khoét tối đa kích hoạt 1 lần mỗi giây, đồng thời thêm hiệu quả #YTruy Vấn#E cho kẻ địch.",1,-1.0,0
10204817,Đan Tâm Toản,Hồi phục giá trị Khí Huyết tối đa của bản thân.,1,0.1,0
10204818,Đan Tâm Triện,"Sát thương và hiệu quả trị liệu tăng #Y5%#E, và hồi phục giá trị Khí Huyết tối đa của bản thân.",1,0.1,0
10204819,Chất vấn,"Giảm sát thương gây ra cho người thêm trạng thái #Y1.5%#E, tối đa cộng dồn 5 tầng",5,5.0,0
10204820,Tạc thích,Sát thương đục,1,0.1,0
10204821,Đệ tâm,Trong 10 giây chịu sát thương giảm #Y20%#E,1,10.1,0
10204822,Chất vấn,"Sát thương gây ra cho người thêm trạng thái giảm #Y3%#E, tối đa cộng dồn 5 tầng",5,5.0,0
10208110,Dịch Thủy Ca,"Mỗi lần tấn công hoặc trị liệu đều có #Y80%#E xác suất tự thêm một tầng #YHiệu ứng Dịch Thủy#E: Sát thương ngoại công và trị liệu tăng #Y1%#E, duy trì #Y8#E giây, tối đa có thể cộng dồn #Y5#E tầng. Hiệu ứng Dịch Thủy #Ymỗi hai giây chỉ có thể kích hoạt phán đoán thêm một lần#E.",1,-1.0,1
10208111,Dịch Thủy,"Tăng #Y1%#E sát thương ngoại công và hồi phục gây ra, duy trì #Y8#E giây, tối đa có thể cộng dồn #Y5#E tầng.",5,8.0,0
10208112,Dịch Thủy Ca,"Mỗi lần tấn công hoặc trị liệu đều có #Y80%#E xác suất tự thêm cho bản thân một tầng #YHiệu ứng Dịch Thủy#E: Ngoại công xuyên thấu tăng #Y2#E điểm, sát thương và trị liệu gây ra tăng #Y1%#E, duy trì #Y8#E giây, tối đa cộng dồn #Y5#E tầng. #YHiệu ứng Dịch Thủy#E chỉ có thể kích hoạt phán đoán thêm một lần sau mỗi #Yhai giây#E.",1,-1.0,1
10208113,Dịch Thủy,"Xuyên thấu ngoại công tăng #Y2#E điểm, sát thương và trị liệu gây ra tăng #Y1%#E, duy trì #Y8#E giây, tối đa có thể cộng dồn #Y5#E tầng.",5,8.0,0
10208114,Dịch Thủy Ca,"Mỗi lần tấn công hoặc trị liệu đều có #Y80%#E xác suất tự thêm một tầng #YHiệu ứng Dịch Thủy#E: Ngoại công xuyên thấu tăng #Y2#E điểm, sát thương và trị liệu gây ra tăng #Y1%#E, duy trì #Y8#E giây, tối đa có thể cộng dồn #Y5#E tầng. Khi mục tiêu đang trong #Ytrạng thái khống chế#E, #YDịch Thủy#E tăng gấp đôi (mỗi tầng tăng #Y2%#E sát thương và trị liệu), đồng thời số tầng có thể thêm mỗi lần cũng tăng gấp đôi (hai tầng). #YHiệu ứng Dịch Thủy#E cứ #Yhai giây#E mới có thể kích hoạt phán đoán thêm một lần.",1,-1.0,1
10208115,Dịch Thủy Ca,"Mỗi lần tấn công hoặc trị liệu đều có #Y100%#E xác suất tự thêm một tầng #YHiệu ứng Dịch Thủy#E: Ngoại công xuyên thấu tăng #Y2#E điểm, sát thương và trị liệu gây ra tăng #Y1%#E, duy trì #Y12#E giây, tối đa có thể cộng dồn #Y5#E tầng. Khi mục tiêu đang trong #Ytrạng thái khống chế#E, #YDịch Thủy#E tăng gấp đôi (mỗi tầng tăng #Y2%#E sát thương và trị liệu), đồng thời số tầng có thể thêm mỗi lần cũng tăng gấp đôi (hai tầng). #YHiệu ứng Dịch Thủy#E cứ #Yhai giây#E mới có thể kích hoạt phán đoán thêm một lần.",1,-1.0,1
10208116,Dịch Thủy,"Xuyên thấu ngoại công tăng #Y2#E điểm, sát thương và trị liệu gây ra tăng #Y1%#E (hiệu quả nhân đôi với mục tiêu đang bị khống chế), duy trì #Y12#E giây, tối đa cộng dồn #Y5#E tầng.",5,12.0,0
10208117,Dịch Thủy Ca,"Mỗi lần tấn công hoặc trị liệu đều có #Y100%#E xác suất tự thêm cho bản thân một tầng #YHiệu ứng Dịch Thủy#E: Ngoại công xuyên thấu tăng #Y2#E điểm, sát thương và trị liệu gây ra tăng #Y1%#E, duy trì #Y12#E giây, tối đa có thể chồng #Y5#E tầng. Hiệu ứng Dịch Thủy #Ymỗi hai giây chỉ có thể phán đoán thêm một lần#E. Khi #YHiệu ứng Dịch Thủy#E đạt #Yđủ tầng#E, nếu thỏa mãn điều kiện sẽ #Ytấn công hoặc trị liệu thêm 1-2 lần#E lên mục tiêu.",1,-1.0,1
10208118,Dịch Thủy Ca,"Mỗi lần tấn công hoặc trị liệu đều có #Y100%#E xác suất tự thêm một tầng #YHiệu ứng Dịch Thủy#E: Ngoại công xuyên thấu tăng #Y2#E điểm, sát thương và trị liệu gây ra tăng #Y1%#E, duy trì #Y12#E giây, tối đa có thể cộng dồn #Y5#E tầng. Hiệu ứng Dịch Thủy #Ymỗi hai giây chỉ có thể kích hoạt phán đoán thêm một lần#E. Sau khi #YDịch Thủy#E đạt #Ytầng tối đa#E, khi gây sát thương, sẽ dựa theo việc mục tiêu #Ycó đang bị khống chế hay không#E mà gây thêm #Y1-2#E lần sát thương phụ, trị liệu cũng tương tự, hiệu ứng này mỗi 10 giây chỉ có thể phát huy tác dụng một lần.",1,-1.0,0
10208119,Dịch Thủy,"Xuyên thấu Ngoại công tăng #Y2#E điểm, sát thương và trị liệu gây ra tăng #Y1%#E (hiệu quả tăng gấp đôi với mục tiêu đang bị khống chế), duy trì #Y12#E giây, tối đa cộng dồn #Y5#E tầng.",5,12.0,0
10208120,Dịch Thủy Ca,Đạt được khi 10208119 đạt tầng tối đa,1,-1.0,0
10208121,Khúc hát Dịch Thủy,Gây ra một lần sát thương phụ,1,0.1,0
10208122,Dịch Thủy Ca,Gây ra một lần trị liệu phụ trợ,1,0.1,0
10208123,Dịch Thủy Ca,Gây ra hai lần sát thương phụ trợ,1,0.1,0
10208124,Dịch Thủy Ca,Gây ra hai lần trị liệu phụ trợ,1,0.1,0
10208125,Dịch Thủy Ca,Giám sát giám sát xóa 10208119 thì xóa luôn 10208120,1,-1.0,0
10208126,Dịch Thủy,"Xuyên thấu Ngoại công tăng #Y2#E điểm, sát thương và trị liệu gây ra tăng #Y1%#E (hiệu quả nhân đôi với mục tiêu đang bị khống chế), duy trì #Y8#E giây, tối đa cộng dồn #Y5#E tầng.",5,8.0,0
10208210,Tứ Thời Vô Thường,"Sau khi thi triển Dịch Võ Kỹ, có thể lập tức nhận được một trong các hiệu ứng sau (Tỷ lệ Bạo Kích tăng #Y8%#E; Tỷ lệ Hội Ý tăng #Y4%#E; Sát thương Ngoại Công tăng #Y8%#E; Sát thương Toàn Thuộc Tính tăng #Y8%#E), duy trì #Y10#E giây. Hiệu ứng này mỗi #Y30#E giây chỉ có thể có hiệu lực một lần.",1,-1.0,1
10208211,Tâm của Bốn Mùa,Tăng 8% Tỷ Lệ Bạo Kích.,1,10.0,0
10208212,Ý nghĩa bốn mùa,Tăng 4% Tỷ lệ Hội Ý.,1,10.0,0
10208213,Thương Tổn Bốn Mùa,Tăng 8%  sát thương ngoại công.,1,10.0,0
10208214,Âm Thanh Bốn Mùa,Tăng 8% sát thương tấn công toàn thuộc tính.,1,10.0,0
10208215,Tứ Thời Vô Thường,"Sau khi thi triển Dịch Võ Kỹ, có thể nhận được ngay một trong các hiệu ứng sau (Tỷ lệ Bạo Kích tăng #Y8%#E; Tỷ lệ Hội Ý tăng #Y4%#E; Sát thương Ngoại công tăng #Y8%#E; Sát thương thuộc tính toàn diện tăng #Y8%#E), duy trì #Y12#E giây. Hiệu ứng này mỗi #Y30#E giây chỉ có thể có hiệu lực một lần.",1,-1.0,1
10208216,Tâm của Bốn Mùa,Tăng 8% tỷ lệ Bạo Kích.,1,12.0,0
10208217,Ý nghĩa bốn mùa,Tăng 4% Tỷ lệ Hội Ý.,1,12.0,0
10208218,Thương Tổn Bốn Mùa,Tăng 8% sát thương ngoại công.,1,12.0,0
10208219,Âm thanh bốn mùa,Tăng 8% sát thương cộng thêm của tất cả thuộc tính.,1,12.0,0
10208220,Vô thường bốn mùa,"Sau khi thi triển Dịch Võ Kỹ, có thể lập tức nhận được một trong các hiệu ứng sau (Tỷ lệ Bạo Kích tăng #Y8.0%#E; Tỷ lệ Chí Ý tăng #Y4%#E; Sát thương Ngoại Công cộng thêm tăng #Y8%#E; Sát thương thuộc tính toàn diện cộng thêm tăng #Y8%#E), có #Y20%#E xác suất nhận được hai hiệu ứng, duy trì #Y15#E giây. Hiệu ứng này mỗi #Y30#E giây chỉ có thể có hiệu lực một lần.",1,-1.0,1
10208221,Tứ Thời Vô Thường,"Sau khi thi triển Dịch Võ Kỹ, có thể nhận ngay một trong các hiệu ứng sau (Tỷ lệ Bạo Kích tăng #Y8.0%#E; Tỷ lệ Ý Cảnh tăng #Y4%#E; Sát thương Ngoại Công tăng #Y8%#E; Sát thương Toàn Thuộc Tính tăng #Y8%#E), có #Y20%#E xác suất nhận được hai hiệu ứng, duy trì #Y12#E giây. Hiệu ứng này mỗi #Y24#E giây chỉ có thể phát huy tác dụng một lần.",1,-1.0,1
10208222,Tứ Thời Vô Thường,"Sau khi thi triển Dịch Võ Kỹ, có thể nhận ngay một trong các hiệu ứng sau (Tỷ lệ trúng tăng #Y8.0%#E; Tỷ lệ đắc ý tăng #Y4%#E; Sát thương Ngoại Công tăng #Y8%#E; Sát thương Toàn Thuộc Tính tăng #Y8%#E), có #Y20%#E xác suất nhận hai hiệu ứng, #Y15%#E xác suất nhận ba hiệu ứng, #Y5%#E xác suất nhận cả bốn hiệu ứng, duy trì #Y12#E giây. Hiệu ứng này mỗi #Y25#E giây chỉ có thể phát huy tác dụng một lần.",1,-1.0,1
10210110,Thiên Sơn Pháp,"Sau khi sử dụng võ học Vô Danh Thương Pháp chiêu Càn Khôn Định, hiệu quả giảm tiêu hao thể lực nhận được tăng lên tới #Y20%#E.",1,-1.0,1
10210111,Thiên Sơn Pháp,"Sau khi sử dụng võ học Vô Danh Thương Pháp Kỹ Càn Khôn Định, hiệu quả giảm tiêu hao thể lực nhận được tăng lên #Y20%#E, thời gian duy trì tăng lên #Y7 giây#E.",1,-1.0,1
10210112,Thiên Sơn Pháp,"Sau khi sử dụng võ học Vô Danh Thương Pháp Kỹ Càn Khôn Định, hiệu quả giảm tiêu hao thể lực nhận được tăng lên #Y20%#E, thời gian duy trì tăng lên #Y7 giây#E. Khi thi triển kỹ năng trúng bất kỳ mục tiêu nào sẽ giảm #Y2#E giây hồi chiêu.",1,-1.0,1
10210113,Thiên Sơn Pháp,"Sau khi sử dụng võ học Kỹ Càn Khôn Định của Vô Danh Thương Pháp, hiệu quả giảm tiêu hao thể lực nhận được tăng lên tới #Y20%#E (Chạy nước rút, Kỹ tích nạp tăng thêm #Y10%#E), thời gian duy trì tăng lên tới #Y7 giây#E. Khi thi triển kỹ năng trúng bất kỳ mục tiêu nào có thể giảm #Y2#E giây hồi chiêu.",1,-1.0,1
10210114,Thiên Sơn Pháp,"Sau khi sử dụng võ học Vô Danh Thương Pháp · Càn Khôn Định, hiệu quả giảm tiêu hao thể lực nhận được tăng lên #Y20%#E (Chạy nước rút, Kỹ năng Trọng Kích được tăng thêm #Y10%#E), thời gian duy trì tăng lên #Y7 giây#E. Khi thi triển kỹ năng trúng bất kỳ mục tiêu nào có thể giảm #Y2#E giây hồi chiêu, đồng thời sẽ đánh dấu #Y Sơn Di#E lên mục tiêu, mỗi lần đánh trúng mục tiêu mang dấu ấn có thể hồi phục #Y3#E điểm thể lực, hiệu quả này mỗi giây chỉ có thể phát huy tác dụng một lần.",1,-1.0,1
10210115,Thiên Sơn Pháp,"Sau khi sử dụng võ học Vô Danh Thương Pháp · Càn Khôn Định, hiệu quả giảm tiêu hao thể lực nhận được tăng lên tới #Y20%#E (chạy nước rút, Kỹ năng Trọng Kích được tăng thêm #Y10%#E), thời gian duy trì tăng lên tới #Y6 giây#E. Khi thi triển kỹ năng trúng bất kỳ mục tiêu nào có thể giảm #Y2#E giây hồi chiêu, đồng thời sẽ thêm dấu ấn #YSơn Di#E lên mục tiêu, mỗi lần đánh trúng mục tiêu mang dấu ấn có thể hồi phục #Y3#E điểm thể lực, hiệu quả này mỗi giây chỉ có thể phát huy tác dụng một lần.",1,-1.0,0
10210116,Sơn Di,"Dấu ấn đặc biệt được thêm vào khi bị trúng chiêu thức võ học Vô Danh Thương Pháp được trang bị Tâm Pháp 【Thiên Sơn Pháp】, khi bị nguồn gây ra dấu ấn tấn công sẽ hồi phục cho nó #Y3#E điểm thể lực, hiệu ứng này mỗi giây chỉ có thể kích hoạt một lần.",1,12.0,0
10210117,Thiên Sơn Pháp,"Sau khi sử dụng võ học Vô Danh Thương Pháp kỹ năng Càn Khôn Định, hiệu quả giảm tiêu hao thể lực nhận được tăng lên #Y20%#E, thời gian duy trì tăng lên #Y7 giây#E. Khi thi triển kỹ năng trúng bất kỳ mục tiêu nào có thể giảm #Y2#E giây hồi chiêu.",1,-1.0,0
10210118,Thiên Sơn Pháp,Lượng tiêu hao thể lực giảm thêm #Y10%#E.,1,5.0,0
10210119,Thiên Sơn Pháp,"Tiêu hao thể lực giảm thêm #Y10%#E (Kỹ năng chạy nước rút, tích lực giảm thêm #Y10%#E).",1,8.0,0
10210120,Trường Phong,"Tiêu hao thể lực giảm thêm #Y20%#E (chạy nước rút, kỹ năng tích lực giảm thêm #Y10%#E), tỷ lệ Hội Ý trực tiếp khi kết toán tăng #Y1.5%#E, khi mục tiêu là đơn vị thủ lĩnh thì tăng thêm #Y1.5%#E.",1,8.0,0
10210121,Thiên Sơn Pháp · Đánh dấu,,1,-1.0,0
10210122,Thiên Sơn Pháp · đánh dấu,,1,-1.0,0
10210123,Thiên Sơn Pháp · Đánh dấu,,1,-1.0,0
10210210,Tinh Hỏa Thiêu Nguyên,Mỗi lần tiêu hao thể lực sẽ hoàn trả lại #Y3.5%#E.,1,-1.0,1
10210211,Tinh Hỏa Thiêu Nguyên,"Mỗi lần tiêu hao thể lực, sẽ hoàn trả lại #Y5.0%#E.",1,-1.0,1
10210212,Tinh Hỏa Thiêu Nguyên,"Mỗi lần tiêu hao thể lực, sẽ hoàn trả #Y5.0%#E. Tích lũy tiêu hao đạt đến #Y50#E điểm, có thể hoàn trả thêm #Y10#E điểm, mỗi #Y20#E giây chỉ có thể kích hoạt một lần.",1,-1.0,1
10210213,Tinh Hỏa Thiêu Nguyên,"Mỗi lần tiêu hao thể lực sẽ hoàn trả lại #Y7.0%#E. Khi tổng tiêu hao đạt đến #Y50#E điểm, có thể hoàn trả thêm #Y10#E điểm, mỗi #Y20#E giây chỉ có thể kích hoạt một lần.",1,-1.0,1
10210214,Tinh Hỏa Thiêu Nguyên,"Mỗi lần tiêu hao thể lực sẽ hoàn trả #Y7.0%#E. Khi tổng tiêu hao đạt đến #Y50#E điểm, có thể hoàn trả thêm #Y10#E điểm, mỗi #Y20#E giây chỉ kích hoạt được một lần. Khi thay đổi thể lực đơn lẻ đạt hoặc vượt #Y10#E điểm, có thể nhận được một tầng hiệu ứng #YTinh Hỏa#E: Tốc độ hồi phục thể lực tăng #Y1%#E, duy trì #Y10#E giây, tối đa có thể cộng dồn #Y10#E tầng.",1,-1.0,1
10210215,Tinh Hỏa Thiêu Nguyên,"Mỗi lần tiêu hao thể lực, sẽ hoàn trả lại #Y7.0%#E. Khi tổng tiêu hao đạt đến #Y50#E điểm, có thể hoàn trả thêm #Y10#E điểm, mỗi #Y20#E giây chỉ có thể kích hoạt một lần. Khi thay đổi thể lực đơn lẻ đạt hoặc vượt quá #Y10#E điểm, có thể nhận được một tầng hiệu ứng #Y Tinh Hỏa#E: Tốc độ hồi phục thể lực tăng #Y1%#E, duy trì #Y10#E giây, tối đa có thể cộng dồn #Y10#E tầng.",1,-1.0,0
10210216,Tinh Hỏa,"Khi tiêu hao hoặc nhận được sức bền đơn lẻ đạt hoặc vượt #Y10#E điểm, có thể nhận được một tầng hiệu ứng #Y Tinh Hỏa#E: Tốc độ hồi phục sức bền tăng #Y1%#E, duy trì #Y10#E giây, tối đa có thể cộng dồn #Y10#E tầng.",10,10.0,0
10210310,Uy Mãnh Ca,Sát thương gây ra lên đơn vị thủ lĩnh của Kỹ năng Tích Lũy tăng #Y10%#E.,1,-1.0,1
10210311,Ca Khúc Uy Mãnh,Kỹ năng Trọng Kích gây thêm #Y10%#E sát thương lên tất cả kẻ địch (bao gồm người chơi có độ bền dưới #Y60%#E).,1,-1.0,1
10210312,Uy Mãnh Ca,"Kỹ năng Trọng Kích gây thêm #Y10%#E sát thương lên tất cả kẻ địch (bao gồm người chơi có độ bền dưới #Y60%#E). Khi tích lực gây ra #Y Chí Tâm hoặc Chí Ý#E, nếu mục tiêu là người chơi sẽ trừ đi #Y10#E điểm độ bền của họ, nếu là thủ lĩnh sẽ hồi phục cho bản thân #Y10#E điểm độ bền, hiệu ứng này mỗi #Y20#E giây chỉ kích hoạt một lần.",1,-1.0,1
10210313,Uy Mãnh Ca,"Khi tích lực gây ra #Y Bạo Kích hoặc Ý hội#E, nếu mục tiêu là người chơi sẽ trừ đi #Y10#E điểm thể lực của họ, nếu là thủ lĩnh sẽ hồi phục cho bản thân #Y10#E điểm thể lực, hiệu quả này mỗi #Y20#E giây chỉ kích hoạt một lần.",1,-1.0,0
10210314,Uy Mãnh Ca,"Kỹ năng Trọng Kích gây thêm #Y15%#E sát thương lên tất cả kẻ địch (bao gồm cả người chơi có thể lực dưới #Y60%#E). Khi tích lực gây ra #YBạo Kích hoặc Hội Ý#E, nếu mục tiêu là người chơi sẽ trừ đi #Y10#E điểm thể lực của họ, nếu là thủ lĩnh sẽ hồi phục cho bản thân #Y10#E điểm thể lực, hiệu ứng này mỗi #Y20#E giây chỉ kích hoạt một lần.",1,-1.0,1
10210315,Ca Ngợi Uy Mãnh,"Kỹ năng Tích Lũy gây thêm sát thương lên tất cả kẻ địch (bao gồm người chơi có thể lực dưới #Y60%#E) là #Y15%#E. Khi Tích Lũy gây ra #YBạo Kích hoặc Ý Chí#E, nếu mục tiêu là người chơi sẽ trừ đi #Y10#E điểm thể lực của họ, nếu là thủ lĩnh sẽ hồi phục cho bản thân #Y10#E điểm thể lực, hiệu ứng này mỗi #Y20#E giây chỉ kích hoạt một lần. Khi Tích Lũy gây sát thương, nếu mục tiêu là người chơi, sẽ gây thêm sát thương dựa trên chênh lệch thể lực giữa hai bên, cứ mỗi #Y10#E điểm tăng 1%, tối đa #Y10%#E; nếu mục tiêu là thủ lĩnh, sẽ gây thêm sát thương dựa trên #Ylượng thể lực đã hao tổn hiện tại của nhân vật#E, cứ mỗi #Y10#E điểm thể lực hao tổn so với giá trị tối đa của bản thân sẽ tăng thêm #Y1%#E, tối đa #Y10%#E.",1,-1.0,1
10210316,Uy Mãnh Ca,"Khi tích lực gây ra #Y Bạo Kích hoặc ý cảnh#E cho người chơi, trừ đi #Y10#E điểm thể lực của họ.",1,0.3,0
10210410,Vô Danh Tâm Pháp,"【Vô Danh Kiếm Pháp】Kỹ năng Trọng Kích【Vô Dĩ Vi Gia】Trong thời gian lá chắn chân khí tồn tại, bắt đầu tích lực, có thể phóng ra thêm nhiều đạo kiếm khí khi hoàn thành tích lực đoạn hai. Khi phóng ra nhiều đạo kiếm khí, sẽ tiêu hao thêm thể lực để tăng sát thương, mỗi điểm thể lực có thể tăng #Y1%#E, tối đa #Y20%#E.",1,-1.0,1
10210411,Vô Danh Tâm Pháp,"【Vô Danh Kiếm Pháp】Trong trạng thái chưa giao chiến, khi Chân Khí Hộ Thuẫn còn hiệu lực, và trong vòng 5 giây sau khi tung chiêu Kiếm Khí của 【Vô Dĩ Vi Gia】 hoàn thành đoạn tích lực thứ hai, có thể phóng thêm nhiều đạo kiếm khí. Khi phóng nhiều đạo kiếm khí, sẽ tiêu hao thêm Thể Lực để tăng sát thương, mỗi điểm Thể Lực có thể tăng #Y1%#E, tối đa #Y20%#E.",1,-1.0,1
10210412,Vô Danh Tâm Pháp,"Chưa vào trạng thái chiến đấu, Kỹ năng Tích Lực 【Vô Dĩ Vi Gia】 hiện tại cũng sẽ bắn ra thêm nhiều luồng kiếm khí.",1,-1.0,0
10210413,Vô Danh Tâm Pháp,"【Vô Danh Kiếm Pháp】 khi chưa vào trạng thái chiến đấu, trong thời gian Chân Khí Hộ Thuẫn tồn tại và trong vòng 5 giây sau khi phóng kiếm khí của 【Thoái Dịch Hữu Phương】, chiêu thức tích lực 【Vô Dĩ Vi Gia】 hoàn thành tích lực đoạn hai có thể bắn ra thêm nhiều đạo kiếm khí. Khi bắn ra nhiều đạo kiếm khí, sẽ tiêu hao thêm thể lực để tăng sát thương, mỗi điểm thể lực có thể tăng #Y1%#E, tối đa #Y20%#E. Trong vòng #Y3#E giây sau khi kiếm khí trúng mục tiêu, bản thân gây ra sát thương kiếm khí lên mục tiêu sẽ tăng #Y3%#E, trúng liên tục có thể cộng dồn, tối đa tăng #Y12%#E.",1,-1.0,1
10210414,Vô Danh Tâm Pháp,"【Vô Danh Kiếm Pháp】Khi chưa vào trạng thái chiến đấu, trong thời gian Khiên Chân Khí còn hiệu lực, hoặc trong vòng 5 giây sau khi tung ra kiếm khí của 【Thoái Dịch Hữu Phương】 hoặc nhiều luồng kiếm khí, Kỹ năng Trọng Kích 【Vô Dĩ Vi Gia】 sau khi hoàn thành tích lực đoạn hai có thể bắn thêm nhiều luồng kiếm khí. Khi bắn nhiều luồng kiếm khí, sẽ tiêu hao thêm thể lực để tăng sát thương, mỗi điểm thể lực có thể tăng #Y1%#E, tối đa #Y20%#E. Trong vòng #Y3#E giây sau khi kiếm khí trúng mục tiêu, sát thương kiếm khí bản thân gây ra lên mục tiêu sẽ tăng #Y3%#E, có thể cộng dồn khi liên tục trúng đích, tối đa tăng #Y12%#E.",1,-1.0,1
10210416,Vô Danh Tâm Pháp,"Trong trạng thái chưa giao chiến, khi Khiên Chân Khí còn hiệu lực, hoặc trong vòng 5 giây sau khi tung ra Kiếm Khí của 【Thoái Dịch Hữu Phương】 hoặc nhiều luồng Kiếm Khí, Kỹ năng Trọng Kích 【Vô Dĩ Vi Gia】 sau khi hoàn thành giai đoạn tích lực thứ hai có thể bắn ra thêm nhiều luồng Kiếm Khí. Khi bắn ra nhiều luồng Kiếm Khí, sẽ tiêu hao thêm Thể Lực để tăng sát thương, mỗi điểm Thể Lực có thể tăng #Y1%#E, tối đa #Y20%#E. Trong vòng #Y3#E giây sau khi Kiếm Khí trúng mục tiêu, bản thân gây ra sát thương Kiếm Khí lên mục tiêu đó sẽ tăng #Y3%#E, liên tục trúng đích có thể cộng dồn, tối đa tăng #Y12%#E. Sau khi bắn ra nhiều luồng Kiếm Khí, trong một khoảng thời gian nhất định, tích lực lần nữa có thể trực tiếp tung ra nhiều luồng Kiếm Khí, hiệu ứng này mỗi 20 giây mới có thể kích hoạt một lần.",1,-1.0,1
10210417,Khí dũng,"Trong trạng thái hiện tại, không cần tích lực vẫn có thể tung ra nhiều luồng kiếm khí.",1,5.0,0
10210418,Vô Danh Tâm Pháp,"Trong thời gian Khiên Chân Khí của 【Vô Danh Kiếm Pháp】 tồn tại, Kỹ năng Trọng Kích 【Vô Dĩ Vi Gia】 giờ sẽ bắn thêm nhiều luồng kiếm khí.",1,-1.0,0
10210423,,Kỹ năng Trọng Kích [Vô Dĩ Gia] giờ đây có thể bắn thêm nhiều luồng kiếm khí.,1,5.0,0
10210424,Vô Danh Tâm Pháp,"Được thêm vào khi trúng Kiếm Khí của Kỹ năng Trọng Kích 【Vô Dĩ Vi Gia】 thuộc 【Vô Danh Kiếm Pháp】, mỗi tầng tăng 3% sát thương Kiếm Khí.",3,5.0,0
10210425,Vô Danh Tâm Pháp,"【Vô Dĩ Vi Gia】 Sau khi phóng ra nhiều luồng kiếm khí, trong một khoảng thời gian nhất định, tích tụ lực lần nữa có thể trực tiếp tung ra nhiều luồng kiếm khí",1,-1.0,0
10210426,,Nhiều đạo kiếm khí có thể tiêu hao thêm thể lực để tăng sát thương,1,-1.0,0
10210427,Vô Danh Tâm Pháp,"Khi nhận được hiệu ứng Khí Dũng, trong thời gian hiệu ứng còn, mỗi đạo kiếm khí đánh trúng lần đầu có thể giảm 1 giây thời gian hồi chiêu của Khí Dũng, đồng thời thời gian duy trì hiệu ứng giảm 1 giây, trong thời gian hiệu ứng còn, có thể kích hoạt tối đa 8 lần giảm thời gian hồi chiêu.",1,-1.0,0
10210428,Điều tức Chân Khí,"Khí dũng mỗi #Y20#E giây chỉ có thể kích hoạt một lần, hiện tại đang trong điều tức.",1,-1.0,0
10215110,Trúc Lang Tâm Kinh,"Số lần liên kích cần thiết để kích hoạt hiệu ứng tăng cường của võ học 【Cửu Khúc Kinh Thần Thương】 giảm từ 5/10 xuống còn 4/8, khi đánh trúng bất kỳ mục tiêu nào bị bản thân gây hiệu ứng chảy máu, sẽ có xác suất #Y60%#E/#Y70%#E/#Y80%#E/#Y90%#E/#Y100%#E tăng thêm 1 điểm liên kích dựa trên số tầng chảy máu.",1,-1.0,1
10215111,Trục Lang Tâm Kinh · Đánh dấu,【Cửu Khúc Kinh Thần Thương】Tăng số lần liên kích khi tấn công mục tiêu đang bị trọng thương,1,-1.0,0
10215120,Trục Lang Tâm Kinh,"【Cửu Khúc Kinh Thần Thương】Số lần liên kích cần thiết để nhận hiệu ứng cường hóa của võ học giảm từ 5/10 xuống còn 4/8, khi đánh trúng bất kỳ mục tiêu nào đang chịu hiệu ứng Tầm Tửu (Chảy Máu) do bản thân gây ra, có xác suất #Y60%#E/#Y70%#E/#Y80%#E/#Y90%#E/#Y100%#E để số lần liên kích tăng thêm 1, thời gian duy trì tất cả hiệu ứng cường hóa kéo dài thêm #Y3#E giây.",1,-1.0,1
10215121,Cường Tráng,Thi triển hiệu ứng Cường Nhuệ.,1,2.0,0
10215122,Giảm sát thương,Gây ra hiệu ứng giảm sát thương 60%.,1,2.0,0
10215130,Trục Lang Tâm Kinh,"Số lần liên kích cần thiết để nhận hiệu ứng tăng cường của võ học 【Cửu Khúc Kinh Thần Thương】 từ 5/10 giảm xuống còn 4/8, khi đánh trúng bất kỳ đơn vị nào bị bản thân gây hiệu ứng chảy máu, sẽ có xác suất lần lượt là #Y60%#E/#Y70%#E/#Y80%#E/#Y90%#E/#Y100%#E để tăng thêm 1 điểm liên kích, thời gian duy trì tất cả hiệu ứng tăng cường kéo dài thêm #Y3#E giây. Sầu Vô Tửu tăng sát thương #Y10%#E, trong quá trình thi triển bản thân nhận hiệu ứng giảm sát thương #Y60%#E, và tăng mạnh khả năng chống đứt quãng.",1,-1.0,1
10215140,Trục Lang Tâm Kinh,"Số lần liên kích cần thiết để nhận hiệu ứng tăng cường võ học 【Cửu Khúc Kinh Thần Thương】 giảm từ 5/10 xuống còn 4/8, khi đánh trúng bất kỳ đơn vị nào bị bản thân gây hiệu ứng chảy máu, có xác suất #Y60%#E/#Y70%#E/#Y80%#E/#Y90%#E/#Y100%#E để số lần liên kích tăng thêm 1, thời gian duy trì tất cả hiệu ứng tăng cường kéo dài thêm #Y3#E giây. Sầu Vô Tửu tăng sát thương #Y10%#E, trong quá trình thi triển bản thân nhận hiệu ứng giảm sát thương #Y60%#E, và tăng mạnh khả năng chống đứt quãng. Khi số lần liên kích đạt 10, có thể nhận hiệu ứng Giang Lưu mạnh mẽ: sát thương tăng #Y25%#E, sau khi đặc kỹ Tảo Thiên Quân gây sát thương sẽ hồi phục khí huyết bằng 20% lượng sát thương gây ra.",1,-1.0,1
10215150,Trục Lang Tâm Kinh,"Số lần liên kích cần thiết để nhận hiệu ứng cường hóa võ học 【Cửu Khúc Kinh Thần Thương】 giảm từ 5/10 xuống còn 4/8, khi đánh trúng bất kỳ mục tiêu nào bị bản thân gây hiệu ứng Chảy Máu, có xác suất #Y60%#E/#Y70%#E/#Y80%#E/#Y90%#E/#Y100%#E tăng thêm 1 lần liên kích dựa trên tầng Chảy Máu, thời gian duy trì tất cả hiệu ứng cường hóa kéo dài thêm #Y3#E giây. Sầu Vô Tửu tăng sát thương #Y10%#E, trong quá trình thi triển bản thân nhận hiệu ứng giảm sát thương #Y60%#E, và tăng mạnh khả năng kháng bị đứt chiêu. Khi số lần liên kích đạt 10, có thể nhận hiệu quả Giang Lưu cường hóa: sát thương tăng #Y25%#E, sau khi kỹ năng đặc biệt Tảo Thiên Quân gây sát thương sẽ hồi phục Khí Huyết bằng 20% lượng sát thương gây ra. Khi Sầu Vô Tửu gây ra ít nhất 5 lần liên kích lên cùng một mục tiêu trong vòng 3 giây, có thể thêm cho mục tiêu một tầng hiệu ứng Kinh Thần và hiệu ứng Tửu Cổ duy trì 15 giây: nhận tất cả sát thương từ nguồn hiệu ứng tăng thêm #Y5%#E.",1,-1.0,1
10215151,Liên Kích Đuổi Sói,"Khi dùng Sầu Vô Tửu đánh vào cùng một mục tiêu 3 giây gây ra ít nhất 5 lần liên kích, có thể thêm cho mục tiêu một tầng hiệu ứng Kinh Thần và hiệu ứng Tửu Cổ kéo dài 15 giây: Tất cả sát thương nhận vào từ nguồn hiệu ứng tăng #Y5%#E.",5,3.0,0
10215152,Cửu Cổ,"Nhận thêm #Y5%#E sát thương từ nguồn hiệu ứng, duy trì 12 giây.",1,15.0,0
10215153,Liên kích Đuổi Sói,"Khi buồn rầu không rượu mà đối với cùng một mục tiêu gây ra ít nhất 5 lần liên kích trong vòng 3 giây, có thể thêm cho mục tiêu một tầng hiệu ứng Kinh Thần và hiệu ứng Tửu Cổ kéo dài 15 giây: Tất cả sát thương nhận vào từ nguồn hiệu ứng tăng #Y5%#E.",5,3.0,0
10215154,Cửu Cổ,"Nhận thêm #Y5%#E tất cả sát thương từ nguồn hiệu ứng, duy trì 12 giây.",1,15.0,0
10215210,Dịch Kinh Hoán Võ,"""Nhận một hiệu ứng võ nghệ dựa trên loại vũ khí lưỡi kiếm đang sử dụng:",1,-1.0,1
10215211,Võ học tăng sát thương kỹ năng,Sát thương kỹ năng võ học lần tiếp theo tăng 25%.,1,8.0,0
10215212,Dịch Kinh Dịch Võ · Kiếm · Võ Nghệ,"Kiếm — Khi gây Sát thương Hội Ý có #Y100%#E xác suất thêm một tầng #YChảy máu#E lên mục tiêu, mỗi #Y6#E giây chỉ kích hoạt được một lần.",1,-1.0,0
10215213,Dịch Kinh Dịch Võ · Song Đao · Võ Nghệ,"Song đao · Sau khi né tránh hoàn hảo, sát thương chiêu thức võ học tiếp theo trong vòng #Y8#E giây tăng #Y25%#E, mỗi 10 giây chỉ kích hoạt một lần.",1,-1.0,0
10215214,Võ học kỹ tăng thương,Lần tiếp theo sát thương võ học kỹ tăng 25%.,1,8.0,0
10215215,Di Kinh Dịch Võ-Hoành Đao · Võ Nghệ,"Hoành Đao—— Trong vòng 5 giây sau khi gỡ thế thành công, sát thương Khinh Kích · phái sinh kỹ và Trọng Kích · phái sinh kỹ tăng #Y5%#E, mỗi 20 giây chỉ có thể kích hoạt một lần.",1,-1.0,0
10215216,Tăng sát thương kỹ năng phái sinh,Tăng sát thương Khinh Kích · Phái sinh kỹ và Trọng Kích · Phái sinh kỹ.,1,5.0,0
10215220,Dịch Kinh Dịch Võ,"""Nhận một hiệu ứng võ nghệ dựa trên loại vũ khí lưỡi đao đang sử dụng:",1,-1.0,1
10215230,Dịch Kinh Dịch Võ,"""Nhận được một hiệu ứng võ nghệ dựa trên loại vũ khí lưỡi đang sử dụng:",1,-1.0,1
10215231,Tăng tốc,Tốc độ di chuyển tăng 20%.,1,5.0,0
10215232,Giảm tốc,Tốc độ di chuyển giảm 20%.,1,5.0,0
10215240,Dịch Kinh Hoán Võ,"""Dựa vào loại vũ khí lưỡi đang sử dụng để nhận một hiệu ứng võ nghệ:",1,-1.0,1
10215250,Dời Kinh Đổi Võ,"""Nhận một hiệu ứng võ nghệ dựa trên loại vũ khí lưỡi đang sử dụng:",1,-1.0,1
10215251,Kiếm · Võ Nghệ,"Khi gây Sát thương Hội Ý có #Y10%#E xác suất thêm một tầng #YChảy máu#E cho mục tiêu, mỗi #Y6#E giây chỉ có thể kích hoạt một lần.",1,10.0,0
10215252,Thương · Võ Nghệ,Khi tấn công sẽ bỏ qua #Y12.5%#E Phòng ngự Ngoại Công của mục tiêu.,1,10.0,0
10215253,Song Đao · Võ Nghệ,"Sau khi né tránh hoàn hảo, sát thương kỹ năng tiếp theo trong vòng #Y8#E giây sẽ tăng #Y25%#E, mỗi #Y10#E giây chỉ kích hoạt được một lần.",1,10.0,0
10215254,Mạc Đao · Võ Nghệ,"Sát thương Bạo Kích của Kỹ năng Trọng Kích, Kỹ năng phản đòn đỡ tăng #Y20%#E.",1,10.0,0
10215255,Dịch Kinh Dịch Võ · Kiếm · Võ Nghệ,"Kiếm——khi gây sát thương Hội Ý có #Y100%#E xác suất thêm cho mục tiêu một tầng #YChảy Máu#E, mỗi #Y6#E giây chỉ có thể kích hoạt một lần.",1,-1.0,0
10215256,Dịch Kinh Dịch Võ · Song Đao · Võ Nghệ,"Song đao——sau khi né tránh hoàn hảo, sát thương kỹ năng võ học tiếp theo trong #Y8#E giây tăng #Y25%#E, mỗi 10 giây chỉ có thể kích hoạt một lần.",1,-1.0,0
10215257,Hoành Đao · Võ nghệ,"Trong vòng 5 giây sau khi gỡ thế thành công, sát thương của khinh kích · phái sinh kỹ và trọng kích · phái sinh kỹ tăng #Y5%#E, mỗi 20 giây chỉ có thể kích hoạt một lần.",1,10.0,0
10215258,Di Kinh Dịch Võ · Hoành Đao · Võ Nghệ,"Trong vòng 5 giây sau khi gỡ thế thành công, sát thương của Khinh Kích · Phái sinh kỹ và Trọng Kích · Phái sinh kỹ tăng #Y5%#E, chỉ có thể kích hoạt một lần sau mỗi 20 giây.",1,-1.0,0
10215310,Ngưng Thần Chương,"""Mỗi khi gây #YSát thương Hội Ý#E sẽ nhận được #CNgưng Thần#E. Khi Ngưng Thần đầy, tiến vào trạng thái #CKhán Phá#E trong #Y10#E giây.",1,-1.0,1
10215311,Ngưng Thần,"""Mỗi khi gây #YSát thương Hội Ý#E sẽ nhận được #CNgưng Thần#E. Khi Ngưng Thần đầy, tiến vào trạng thái #CKhán Phá#E trong #Y10#E giây.",1,-1.0,0
10215312,Khán Phá,"Sát thương gây ra tăng #Y10%#E, đồng thời có #Y5%#E xác suất giảm sát thương nhận vào #Y40%#E, duy trì #Y10#E giây.",1,10.0,0
10215313,Khán Phá,"Sát thương Hội Ý tăng #Y10%#E, và có #Y5%#E xác suất giảm sát thương nhận vào #Y40%#E, duy trì #Y10#E giây.",1,10.0,0
10215320,Ngưng Thần Chương,"""Mỗi khi gây #YSát thương Hội Ý#E sẽ nhận được #CNgưng Thần#E. Khi Ngưng Thần đầy, tiến vào trạng thái #CKhán Phá#E trong #Y10#E giây.",1,-1.0,1
10215321,Khán Phá,"Sát thương Hội Ý tăng #Y10%#E, đồng thời có #Y5%#E xác suất khiến sát thương nhận vào giảm #Y40%#E, đồng thời có thể dựa trên #Y1.5%#E lượng sát thương gây ra để hồi phục khí huyết bản thân, duy trì #Y10#E giây.",1,10.0,0
10215330,Ngưng Thần Chương,"""Mỗi khi gây #YSát thương Hội Ý#E sẽ nhận được #CNgưng Thần#E. Khi Ngưng Thần đầy, tiến vào trạng thái #CKhán Phá#E trong #Y10#E giây.",1,-1.0,1
10215331,Khán Phá,"Tỷ lệ Hội Ý và Sát thương Hội Ý lần lượt tăng #Y3%#E và #Y10%#E, đồng thời có #Y5%#E xác suất giảm #Y40%#E sát thương nhận vào, đồng thời có thể hồi phục Khí Huyết bản thân dựa trên #Y1.5%#E lượng sát thương gây ra, duy trì #Y10#E giây.",1,10.0,0
10215340,Ngưng Thần Chương,"""Mỗi khi gây #YSát thương Hội Ý#E sẽ nhận được #CNgưng Thần#E. Khi Ngưng Thần đầy, tiến vào trạng thái #CKhán Phá#E trong #Y10#E giây.",1,-1.0,1
10215350,Ngưng Thần Chương,"""Mỗi khi gây #YSát thương Hội Ý#E sẽ nhận được #CNgưng Thần#E. Khi Ngưng Thần đầy, tiến vào trạng thái #CKhán Phá#E trong #Y10#E giây.",1,-1.0,1
10215351,Khán Phá,"Tỷ lệ ngộ và sát thương ngộ lần lượt tăng #Y3%#E và #Y10%#E, sát thương duy trì gây ra tăng #Y20%#E, đồng thời có #Y5%#E xác suất giảm #Y40%#E sát thương nhận vào, đồng thời có thể hồi phục khí huyết bản thân dựa trên #Y1.5%#E lượng sát thương gây ra, duy trì #Y10#E giây.",1,10.0,0
10215410,Kiếm Khí Tung Hoành,"Khi Tích Cự Cửu Kiếm thi triển Võ học kỹ, Kỹ năng đặc biệt và Kỹ năng Trọng Kích, nhấn lại đúng thời điểm hoàn mỹ ở giai đoạn thu chiêu có thể thi triển truy kích địch bằng 【#Y Tung Hoành Kiếm#E】, nếu mục tiêu đang ở trạng thái chảy máu #Y5#E tầng sẽ xóa sạch toàn bộ chảy máu và lập tức gây ra một đợt sát thương chảy máu lớn.",1,-1.0,0
10215411,Kiếm Khí Tung Hoành,"Khi Kỷ Cửu Kiếm thi triển Võ học kỹ, Kỹ năng đặc biệt và Kỹ năng Trọng Kích, nhấn lại đúng thời điểm hoàn hảo khi thu chiêu có thể thi triển truy kích địch bằng 【#Y Tung Hoành Kiếm#E】, nếu mục tiêu đang ở trạng thái #Y5#E tầng chảy máu, sẽ xóa sạch toàn bộ chảy máu và lập tức gây ra một đợt sát thương chảy máu lớn.",1,-1.0,1
10215420,Kiếm Khí Tung Hoành,"Khi thi triển Võ học kỹ, Kỹ năng đặc biệt và Kỹ năng Trọng Kích của Cửu Kiếm Tích Tụ, nếu nhấn lại đúng thời điểm hoàn hảo ở giai đoạn thu chiêu, có thể thi triển đòn truy kích 【#Y Tung Hoành Kiếm#E】 lên kẻ địch. Nếu mục tiêu đang trong trạng thái chảy máu #Y5#E tầng, sẽ xóa bỏ toàn bộ hiệu ứng chảy máu và lập tức gây ra một đợt sát thương chảy máu lớn. Mỗi lần thi triển 【#C Tung Hoành Kiếm#E】 thành công có thể hồi phục #Y8#E điểm thể lực.",1,-1.0,1
10215421,Kiếm Khí Tung Hoành,"Khi Thi Tích Cửu Kiếm thi triển Võ học kỹ, Đặc thù kỹ và Tụ lực kỹ, nhấn lại đúng thời điểm hoàn mỹ ở giai đoạn thu chiêu có thể thi triển truy kích địch bằng 【#Y Tung Hoành Kiếm#E】. Nếu mục tiêu đang trong trạng thái #Y5#E tầng chảy máu, sẽ xóa sạch toàn bộ chảy máu và lập tức gây ra một lần sát thương chảy máu lớn. 【#C Tung Hoành Kiếm#E】 mỗi lần thi triển thành công có thể hồi phục #Y8#E điểm thể lực.",1,-1.0,0
10215430,Kiếm Khí Tung Hoành,"Khi tung ra võ học kỹ, kỹ năng đặc biệt và Kỹ năng Trọng Kích của Tích Cự Cửu Kiếm, nhấn lại vào thời điểm hoàn hảo ở giai đoạn thu chiêu có thể thi triển truy kích địch bằng 【#Y Tung Hoành Kiếm#E】, nếu mục tiêu đang ở trạng thái #Y5#E tầng chảy máu, sẽ xóa sạch tất cả chảy máu và lập tức gây ra một lần sát thương chảy máu lớn. 【#C Tung Hoành Kiếm#E】 mỗi lần thi triển thành công có thể hồi phục #Y8#E điểm thể lực. Mỗi lần gây ra một lần sát thương #Y chảy máu lớn#E, sẽ tích lũy #C Tung Hoành Kiếm Ý#E cho bản thân, lần 【#C Tung Hoành Kiếm#E】 tiếp theo sau khi tích đủ chắc chắn sẽ ngộ ý.",1,-1.0,1
10215431,Kiếm Kỹ,"Trong lúc tích tụ Cửu Kiếm, kích nổ dấu ấn Kiếm Hoa",1,7.0,0
10215432,Kiếm Kỹ,Kích hoạt hiệu ứng buff Đánh Dấu Kiếm Hoa trong thời gian thi triển Tuyệt Kỹ Tích Cự Cửu Kiếm.,1,7.0,0
10215440,Kiếm Khí Tung Hoành,"Khi thi triển võ học, kỹ năng đặc biệt và Kỹ năng Trọng Kích của Tích Cự Cửu Kiếm, có thể nhấn lại đúng thời điểm kết chiêu để tung ra đòn truy kích 【#Y Tung Hoành Kiếm#E】 vào kẻ địch. Nếu mục tiêu đang trong trạng thái chảy máu #Y5#E tầng, sẽ xóa bỏ toàn bộ hiệu ứng chảy máu và lập tức gây ra một đợt sát thương chảy máu lớn. Mỗi lần thi triển 【#C Tung Hoành Kiếm#E】 thành công có thể hồi phục #Y8#E điểm thể lực. Mỗi lần gây ra sát thương #Y chảy máu lớn#E, sẽ tích lũy #C Tung Hoành Kiếm Ý#E cho bản thân, lần thi triển 【#C Tung Hoành Kiếm#E】 tiếp theo sau khi tích đủ sẽ chắc chắn đạt được Ý\"". Khi Tung Hoành Kiếm Ý không trống, sát thương chảy máu lớn gây ra sẽ tăng thêm #Y15%#E.\""",1,-1.0,1
10215441,Kích nổ,Gây ra sát thương nổ.,1,0.2,0
10215442,Kích nổ,Gây sát thương nổ.,1,0.2,0
10215450,Kiếm Khí Tung Hoành,"Khi thi triển võ học kỹ, kỹ năng đặc biệt và Kỹ năng Trọng Kích của Cửu Kiếm Tích Quỹ, có thể nhấn lại vào thời điểm hoàn mỹ khi kết thúc chiêu thức để tung ra đòn truy kích 【#Y Tung Hoành Kiếm#E】 kẻ địch, nếu mục tiêu đang trong trạng thái #Y5#E tầng chảy máu, sẽ xóa bỏ toàn bộ chảy máu và lập tức gây ra một đợt sát thương chảy máu lớn. 【#C Tung Hoành Kiếm#E】 mỗi lần thi triển thành công có thể hồi phục #Y8#E điểm thể lực. Mỗi lần gây ra một đợt sát thương #Y chảy máu lớn#E, sẽ tích lũy #C Tung Hoành Kiếm Ý#E cho bản thân, lần thi triển 【#C Tung Hoành Kiếm#E】 tiếp theo sau khi tích đủ chắc chắn sẽ ngộ ý. Khi Tung Hoành Kiếm Ý không trống, sát thương chảy máu lớn gây ra sẽ tăng thêm #Y15%#E, và còn giữ lại thêm #Y2#E tầng chảy máu. Sau khi Tung Hoành Kiếm Ý tích đủ và kích hoạt lần thi triển 【Tung Hoành Kiếm】 tiếp theo ngộ ý, sẽ giữ lại #Y20#E điểm Tung Hoành Kiếm Ý.",1,-1.0,1
10230110,Hồ Lô Phi Phi,"[Thanh Sơn Chấp Bút] Chiêu thức [Xuân Tận Sơn Không] nhận được 2 tầng nạp năng lượng, nhưng thời gian điều tức tăng thêm #Y3#E giây.",1,-1.0,1
10230120,Hồ Lô Phi Phi,"【Thanh Sơn Chấp Bút】 chiêu thức 【Xuân Tận Sơn Không】 nhận được 2 tầng nạp năng, nhưng thời gian hồi chiêu tăng thêm #Y3#E giây. Sử dụng Thủy Nhân trở về vị trí cũ có thể giảm #Y3#E giây thời gian hồi chiêu, tăng #Y20%#E tốc độ di chuyển trong #Y3#E giây.",1,-1.0,1
10230121,Bay bổng,Tốc độ di chuyển tăng 20%.,1,3.0,0
10230130,Hồ Lô Phi Phi,"【Thanh Sơn Chấp Bút】 chiêu thức 【Xuân Tận Sơn Không】 nhận được 2 tầng nạp năng lượng, nhưng thời gian điều tức tăng thêm #Y3#E giây. Khi sử dụng Thủy Nhân trở về vị trí cũ sẽ giảm #Y3#E giây thời gian điều tức, tăng #Y20%#E tốc độ di chuyển trong #Y3#E giây. Khi đánh trúng mục tiêu nhưng không gây được hiệu ứng bay lên, lần thi triển 【Xuân Tận Sơn Không】 tiếp theo trong vòng #Y15#E giây sẽ tăng sát thương #Y30%#E, và hoàn trả thêm #Y3#E giây thời gian điều tức.",1,-1.0,1
10230132,Kinh Lôi,#Y15#E sát thương của lần【Xuân Tận Sơn Không】tiếp theo trong #Y30%#E giây sẽ được tăng cường.,1,15.0,0
10230140,Hồ lô bay bay,"【Thanh Sơn Chấp Bút】 chiêu thức 【Xuân Tận Sơn Không】 nhận được 2 tầng nạp năng lượng, nhưng thời gian điều tức tăng #Y3#E giây. Khi sử dụng Thủy Nhân trở về vị trí cũ sẽ giảm #Y3#E giây thời gian điều tức, tăng #Y20%#E tốc độ di chuyển trong #Y3#E giây. Khi đánh trúng mục tiêu nhưng không gây được hiệu ứng bay lên, sát thương của 【Xuân Tận Sơn Không】 lần tiếp theo trong #Y15#E giây sẽ tăng #Y30%#E, và hoàn trả thêm #Y3#E giây thời gian điều tức. Khi sử dụng Thủy Nhân trở về vị trí cũ, tốc độ nạp năng lượng của kỹ năng trọng kích và tốc độ di chuyển của Long Quyển trong #Y3#E giây đều tăng #Y50%#E.",1,-1.0,1
10230141,Long Quyển Phi Phi,Tốc độ tích lực cho kỹ năng trọng kích tiếp theo và tốc độ di chuyển lốc xoáy đều tăng #Y50%#E.,1,3.0,0
10230150,Hồ Lô Phi Phi,"【Thanh Sơn Chấp Bút】Chiêu thức 【Xuân Tận Sơn Không】 nhận được 2 tầng nạp năng lượng, nhưng thời gian điều tức tăng thêm #Y3#E giây. Khi sử dụng Thủy Nhân trở về vị trí cũ sẽ giảm #Y3#E giây thời gian điều tức, tăng #Y20%#E tốc độ di chuyển trong #Y3#E giây. Khi đánh trúng mục tiêu nhưng không gây được hiệu ứng Phi Thăng, sát thương của 【Xuân Tận Sơn Không】 lần tiếp theo trong vòng #Y15#E giây sẽ tăng #Y30%#E, và hoàn trả thêm #Y3#E giây thời gian điều tức. Khi sử dụng Thủy Nhân trở về vị trí cũ, tốc độ tích lực của kỹ năng trọng kích tích lực lần tiếp theo và tốc độ di chuyển Lốc Xoáy trong vòng #Y3#E giây đều tăng #Y50%#E. Khi đánh trúng mục tiêu và gây được hiệu ứng Phi Thăng hoặc thêm dấu ấn Trệ Cốt, sẽ lập tức hoàn trả #Y2#E giây thời gian điều tức và làm mới thời gian hồi chiêu của 【Nguyệt Xuất Kinh Xuân】, mỗi lần trọng kích truy kích gây lên mục tiêu đó trong vòng #Y3#E giây có thể giảm thời gian điều tức của 【Xuân Tận Sơn Không】 #Y1#E giây, mỗi hiệu ứng trên chỉ có thể có hiệu lực một lần mỗi giây.",1,-1.0,1
10230152,Hồ Lô Bay Bay,Mỗi lần trọng kích truy kích gây ra cho mục tiêu đều có thể giảm #Y0.5#E giây thời gian điều tức của 【Xuân Tận Sơn Không】.,1,3.0,0
10230153,Hồ Lô Phi Phi,"【Thanh Sơn Chấp Bút】 chiêu thức 【Xuân Tận Sơn Không】 nhận được 2 tầng nạp năng, nhưng thời gian điều tức tăng thêm #Y3#E giây. Khi sử dụng Thủy Nhân trở về vị trí cũ sẽ giảm #Y3#E giây thời gian điều tức và tăng #Y20%#E tốc độ di chuyển trong #Y3#E giây. Khi đánh trúng mục tiêu nhưng không gây được hiệu ứng Phi Thăng, lần 【Xuân Tận Sơn Không】 tiếp theo trong vòng #Y15#E giây sẽ tăng sát thương #Y30%#E, và hoàn trả thêm #Y3#E giây thời gian điều tức. Khi sử dụng Thủy Nhân trở về vị trí cũ, tốc độ nạp năng của kỹ năng kích nhẹ và tốc độ di chuyển Lốc Xoáy trong vòng #Y3#E giây đều tăng #Y50%#E. Khi đánh trúng mục tiêu và gây được hiệu ứng Phi Thăng hoặc thêm dấu ấn Trệ Cốt, sẽ lập tức hoàn trả #Y2#E giây thời gian điều tức và làm mới thời gian hồi chiêu 【Nguyệt Xuất Kinh Xuân】, mỗi lần trọng kích truy kích gây ra lên mục tiêu đó trong vòng #Y3#E giây có thể giảm #Y1#E giây thời gian điều tức của 【Xuân Tận Sơn Không】, mỗi hiệu ứng trên chỉ có thể có hiệu lực một lần mỗi giây.",1,-1.0,0
10230210,Xuân Lôi Thiên,"Trong vòng 3 giây di chuyển vượt quá #Y15#E thước, có thể nhận được #Y3#E tầng hiệu ứng Xuân Lôi: Mỗi lần sử dụng #YTrọng Kích, Trọng Kích Trên Không, Khinh Kích, Khinh Kích Tích Lũy#E gây sát thương đều có thể tiêu hao 1 tầng Xuân Lôi để tăng #Y15%#E sát thương nội lực gây ra bởi loại kỹ năng đó trong #Ylần này và 1 giây tiếp theo#E, chỉ sau khi hiệu ứng tăng sát thương kết thúc mới tiếp tục phán đoán. Hiệu ứng Xuân Lôi nhận được khi di chuyển mỗi #Y15#E giây chỉ có thể kích hoạt một lần, tối đa có thể giữ #Y12#E giây.",1,-1.0,1
10230211,Xuân Lôi,"Khi sử dụng #YTrọng Kích, Trọng Kích Trên Không, Khinh Kích, Khinh Kích Tích Lũy#E gây sát thương, có thể tiêu hao 1 tầng Xuân Lôi để tăng #Ysát thương Khí Huyết gây ra bởi loại kỹ năng đó trong lần này và 1 giây tiếp theo#Y15%#E, hiệu ứng tăng sát thương kết thúc mới tiếp tục phán đoán.",3,12.0,0
10230212,Kích hoạt Sấm Xuân,Thêm Tam Tầng Xuân Lôi,1,0.2,0
10230213,Xuân Lôi · Tăng sát thương khi trọng kích,Sát thương sinh lực gây ra bởi trọng kích tăng 15%.,1,1.0,0
10230214,Sấm mùa xuân · Tăng sát thương trọng kích trên không,Sát thương khí huyết gây ra bởi Đòn đánh mạnh trên không tăng 15%.,1,1.0,0
10230215,Xuân Lôi · Tăng sát thương đòn nhẹ,Sát thương khí huyết gây ra bởi đòn tấn công nhẹ tăng 15%.,1,1.0,0
10230216,Xuân Lôi · Tăng sát thương khi tích lực Khinh Kích,Sát thương sinh lực gây ra khi nhấn giữ để tích lực tăng 15%.,1,1.0,0
10230220,Chương Sấm Sét Mùa Xuân,"Trong vòng 3 giây, khi di chuyển vượt quá #Y12#E thước, có thể nhận được #Y3#E tầng hiệu ứng Xuân Lôi: Mỗi lần sử dụng #YTrọng Kích, Trọng Kích Trên Không, Khinh Kích, Khinh Kích Tích Lũy#E gây sát thương, có thể tiêu hao 1 tầng Xuân Lôi để tăng #Y15%#E sát thương nội/ngoại công của loại kỹ năng đó gây ra trong #Ylần này và 1 giây tiếp theo#E. Chỉ sau khi hiệu ứng tăng sát thương kết thúc mới tiếp tục phán đoán. Hiệu ứng Xuân Lôi nhận được khi di chuyển mỗi #Y15#E giây chỉ kích hoạt một lần, tối đa giữ được #Y12#E giây.",1,-1.0,1
10230230,Chương Lôi Đình,"Trong vòng 3 giây di chuyển vượt quá #Y12#E thước, có thể nhận được #Y3#E tầng hiệu ứng Xuân Lôi: Mỗi lần sử dụng #YTrọng Kích, Trọng Kích Trên Không, Khinh Kích, Khinh Kích Tích Lũy#E gây sát thương có thể tiêu hao 1 tầng Xuân Lôi để tăng #Ysát thương Khí Huyết và Chân Khí#E của loại kỹ năng đó #Y15%#E trong lần đó và 1 giây tiếp theo, hiệu ứng tăng sát thương kết thúc mới tiếp tục phán đoán. Nhận hiệu ứng Xuân Lôi khi di chuyển mỗi #Y15#E giây chỉ kích hoạt 1 lần, tối đa giữ được #Y12#E giây.",1,-1.0,1
10230231,Xuân Lôi,"Khi sử dụng #YTrọng Kích, Trọng Kích Trên Không, Khinh Kích, Khinh Kích Tích Lũy#E gây sát thương, đều có thể tiêu hao 1 tầng Xuân Lôi để tăng #Ysát thương Khí Huyết và Chân Khí gây ra bởi loại kỹ năng đó trong #Ylần này và 1 giây tiếp theo#E thêm #Y15%#E, hiệu ứng tăng sát thương kết thúc mới tiếp tục phán đoán.",3,12.0,0
10230232,Sấm Xuân Kích Hoạt,Thêm Tam Tầng Xuân Lôi,1,0.2,0
10230233,Sấm Xuân · Tăng sát thương trọng kích,Tăng 15% sát thương Khí Huyết và Chân Khí gây ra bởi đòn tấn công mạnh.,1,1.0,0
10230234,Xuân Lôi · Tăng sát thương trọng kích trên không,Sát thương Khí Huyết và Chân Khí do trọng kích trên không gây ra tăng 15%.,1,1.0,0
10230235,Sấm Xuân · Khinh Kích tăng sát thương,Sát thương Khí Huyết và Chân Khí do đòn tấn công nhẹ gây ra tăng 15%.,1,1.0,0
10230236,Xuân Lôi · Khinh Kích tích lực tăng sát thương,Tăng 15% sát thương Khí Huyết và Chân Khí gây ra khi tích lực tấn công nhẹ.,1,1.0,0
10230240,Xuân Lôi Thiên,"Khi di chuyển vượt quá #Y12#E thước trong vòng 3 giây, có thể nhận được #Y5#E tầng hiệu ứng Xuân Lôi: Mỗi lần sử dụng #Y Trọng Kích, Trọng Kích trên không, Khinh Kích, Khinh Kích tích lực #E gây sát thương đều có thể tiêu hao 1 tầng Xuân Lôi để tăng #Y15%#E sát thương Khí Huyết và Chân Khí của loại kỹ năng đó gây ra trong #Y lần này và 1 giây tiếp theo#E, hiệu ứng tăng sát thương sẽ được tính toán sau khi kết thúc. Hiệu ứng Xuân Lôi nhận được khi di chuyển chỉ có thể kích hoạt mỗi #Y15#E giây một lần, tối đa có thể giữ #Y12#E giây.",1,-1.0,1
10230241,Xuân Lôi,"Khi sử dụng #Y Trọng Kích, Không Trung Trọng Kích, Khinh Kích, Khinh Kích Tích Lũy#E gây sát thương, có thể tiêu hao 1 tầng Xuân Lôi để tăng #Y sát thương Khí Huyết và Chân Khí của loại kỹ năng này trong lần này và 1 giây tiếp theo#Y 15%#E, hiệu ứng tăng sát thương kết thúc mới tiếp tục phán đoán.",5,12.0,0
10230242,Sấm Xuân Kích Hoạt,Thêm tầng thứ năm của Xuân Lôi,1,0.2,0
10230250,Chương Sấm Sét Mùa Xuân,"Trong vòng 3 giây di chuyển vượt quá #Y12#E thước, có thể nhận #Y5#E tầng hiệu ứng Xuân Lôi: Mỗi lần sử dụng #YTrọng Kích, Trọng Kích Trên Không, Khinh Kích, Khinh Kích Tích Lũy#E gây sát thương đều có thể tiêu hao 1 tầng Xuân Lôi để tăng #Ysát thương Khí Huyết và Chân Khí#E của loại kỹ năng đó trong #Ylần này và 1 giây tiếp theo#Y thêm #Y15%#E, sau khi hiệu ứng tăng sát thương kết thúc mới tiếp tục phán đoán. Di chuyển nhận hiệu ứng Xuân Lôi mỗi #Y15#E giây chỉ có thể kích hoạt một lần, tối đa có thể giữ #Y12#E giây. Trong thời gian hiệu ứng #YXuân Lôi#E, khi #YTrọng Kích#E hoặc #YTrọng Kích Trên Không#E đánh trúng mục tiêu có Chân Khí dưới #Y30%#E hoặc đã Khí Kiệt, có thể hồi phục một tầng hiệu ứng #YXuân Lôi#E, mỗi #Y2#E giây chỉ có thể có hiệu lực một lần.",1,-1.0,1
10230251,Xuân Lôi Thiên,"Trong thời gian hiệu ứng #Y Xuân Lôi#E, khi #Y Trọng Kích hoặc Trọng Kích trên không hoặc Khinh Kích hoặc Khinh Kích tích lực#E đánh trúng mục tiêu có chân khí dưới 30% hoặc đã cạn khí, có thể hồi phục một tầng hiệu ứng #Y Xuân Lôi#E, mỗi #Y2#E giây chỉ có thể có hiệu lực một lần.",1,-1.0,0
10230310,Tung Địa Trích Tinh,"Sau khi khiến kẻ địch bị hất tung sẽ nhận được #Y10%#E tăng cường Tấn công Ngoại Công, duy trì #Y8#E giây.",1,-1.0,1
10230311,Vút đất hái sao,Nhận thêm #Y10%#E cộng thêm Tấn công Ngoại Công,1,8.0,0
10230313,Tung Địa Trích Tinh,"Thành công thêm Trệ Cốt cho kẻ địch, nhận được 5% tăng ngoại công.",1,-1.0,0
10230314,Trệ Cốt Trích Tinh,"Gắn thêm thành công Phù Không, nhận được #Y5%#E cộng thêm Ngoại Công.",1,8.0,0
10230320,Tung Địa Trích Tinh,"Sau khi đánh kẻ địch bay lên không trung sẽ nhận được tăng cường Tấn công Ngoại Công #Y15%#E, duy trì #Y8#E giây.",1,-1.0,1
10230321,Tróc Tinh Tung Địa,Nhận thêm #Y15%#E Tấn công Ngoại Công,1,8.0,0
10230322,Tung Địa Trích Tinh,Nhận được #Y10%#E tăng thêm Tấn công Ngoại Công,1,8.0,0
10230323,Tung địa hái sao,"Thành công gắn dấu ấn Trệ Cốt cho kẻ địch có thể nhận được 7.5% tăng thêm Tấn công Ngoại Công, duy trì 8 giây.",1,-1.0,0
10230324,Trệ Cốt Trích Tinh,"Thành công gắn Trì Cốt cho kẻ địch, nhận được 7.5% tăng Ngoại Công.",1,8.0,0
10230330,Vươn tới hái sao,"Sau khi khiến kẻ địch bị hất tung sẽ nhận được #Y15%#E cộng thêm Tấn công Ngoại Công, duy trì #Y8#E giây; nếu mục tiêu có chân khí dưới 30% hoặc đang trong trạng thái khí kiệt, sẽ nhận thêm #Y10%#E cộng thêm Tấn công Ngoại Công.",1,-1.0,1
10230331,Phù Không Trích Tinh · Cực,"Thành công gây choáng hoặc mục tiêu Chân Khí dưới 30%, nhận được #Y25%#E Tấn công Ngoại Công cộng thêm.",1,8.0,0
10230332,Tung Địa Trích Tinh,"Khi thành công gắn dấu ấn Trệ Cốt cho kẻ địch có thể nhận được 7.5% Tấn công Ngoại Công cộng thêm, duy trì 8 giây, nếu mục tiêu ở dưới 30% Chân Khí hoặc trạng thái Khí Kiệt, thì Tấn công Ngoại Công cộng thêm tăng lên #Y12.5%#E.",1,-1.0,0
10230333,Trệ Cốt Trích Tinh · Cực,"Thành công gắn Trệ Cốt cho mục tiêu có Khí Huyết cạn kiệt hoặc Chân Khí dưới 30%, nhận được buff Tấn công Ngoại Công #Y12.5%#E.",1,8.0,0
10230340,Tung Trảo Hái Sao,"Sau khi đánh trúng địch gây trạng thái bay lên, nhận thêm #Y15%#E cộng thêm Tấn công Ngoại Công, duy trì #Y12#E giây; nếu mục tiêu có dưới 30% Chân Khí hoặc đang trong trạng thái Khí Kiệt, sẽ nhận thêm #Y10%#E cộng thêm Tấn công Ngoại Công.",1,-1.0,1
10230341,Tung mình hái sao,Nhận thêm #Y15%#E cộng thêm Tấn công Ngoại Công,1,12.0,0
10230342,Vươn mình hái sao,Nhận được #Y10%#E tăng thêm Tấn công Ngoại Công,1,12.0,0
10230343,Tung Địa Trích Tinh,"Khi thành công gắn dấu hiệu Trì Cốt cho kẻ địch có thể nhận được 7.5% tăng thêm Tấn công Ngoại Công, duy trì 12 giây, nếu mục tiêu ở dưới 30% Chân Khí hoặc trạng thái khí kiệt, thì tăng thêm Tấn công Ngoại Công lên #Y12.5%#E.",1,-1.0,0
10230344,Trệ Cốt Trích Tinh,"Thành công gắn thêm Trệ Cốt cho kẻ địch, nhận được 7.5% Tấn công Ngoại Công cộng thêm.",1,12.0,0
10230345,Trệ Cốt Trích Tinh · Cực,"Thành công với mục tiêu Khí Kiệt hoặc Chân Khí dưới 30% gắn thêm Trệ Cốt, nhận được #Y12.5%#E Tấn công Ngoại Công gia thành.",1,12.0,0
10230350,Tung Địa Trích Tinh,"Khi thành công gây hiệu ứng Đánh Mòn cho kẻ địch sẽ nhận được 7.5% tăng cường Tấn công Ngoại Công, duy trì 12 giây, nếu mục tiêu có chân khí dưới 30% hoặc trạng thái khí kiệt, thì tăng cường Tấn công Ngoại Công tăng lên #Y12.5%#E. Sau khi gây hiệu ứng Phi Thăng cho kẻ địch sẽ nhận được #Y15%#E tăng cường Tấn công Ngoại Công, nếu mục tiêu có chân khí dưới 30% hoặc trạng thái khí kiệt, thì tăng cường Tấn công Ngoại Công tăng lên #Y25%#E. Khi gây sát thương lên mục tiêu đang ở trạng thái #YPhi Thăng#E và #Ybản thân đã gây hiệu ứng Đánh Mòn#E, nếu khí huyết bản thân cao hơn #Y75%#E, thì sát thương gây ra tăng #Y3%#E, nếu khí huyết bản thân không cao hơn #Y75%#E, thì sẽ hồi phục khí huyết bằng #Y10%#E lượng sát thương gây ra.",1,-1.0,1
10230351,Tung Địa Trích Tinh,"Gây cho địch nhân Phù Không sau khi nhận được #Y15%#E Tấn công Ngoại Công gia thành, nếu mục tiêu ở dưới 30% Chân Khí trị hoặc trạng thái Khí Kiệt, thì Tấn công Ngoại Công gia thành tăng lên đến #Y25%#E.",1,-1.0,0
10230352,Tung địa trích tinh,"Khi thành công gắn nhãn Trệ Cốt cho kẻ địch có thể nhận được 7.5% Tấn công Ngoại Công cộng thêm, duy trì 12 giây, nếu mục tiêu ở dưới 30% Chân Khí hoặc trạng thái Khí Kiệt, thì Tấn công Ngoại Công cộng thêm tăng lên #Y12.5%#E.",1,-1.0,0
10230410,Hoa Thượng Nguyệt Lệnh,"Cửu Trùng Xuân Sắc Võ Học Kỹ Bào Xuân Hận tối đa có thể tích trữ #Y2#E tầng, khi đánh trúng kẻ địch có thể khiến chúng chịu thêm #Y10%#E sát thương từ #Ykỹ năng đạn đạo#E của bản thân, kéo dài #Y10#E giây.",1,-1.0,1
10230411,Liên Trung,"Khi bị trúng đòn [Kỹ năng Đạn Đạo] của Cửu Trùng Xuân Sắc sẽ nhận thêm #Y10%#E sát thương, kéo dài 10 giây.",1,10.0,0
10230420,Hoa Thượng Nguyệt Lệnh,"Võ học Bất Tiên Cư · Xuân Sắc Cửu Trọng có thể tích trữ tối đa #Y2#E tầng, khi đánh trúng kẻ địch sẽ khiến chúng phải chịu thêm #Y20%#E sát thương từ #Ykỹ năng đạn đạo#E của bản thân, duy trì #Y10#E giây.",1,-1.0,1
10230421,Liên Trọng,"Khi bị trúng [Kỹ năng đạn đạo] Cửu Trùng Xuân Sắc sẽ nhận thêm #Y20%#E sát thương, duy trì 10 giây.",1,10.0,0
10230430,Tiêu tốn Nguyệt Lệnh,"Cửu Trùng Xuân Sắc Võ học kỹ có thể tích trữ tối đa #Y2#E tầng, tốc độ thi triển tăng #Y30%#E, khi đánh trúng kẻ địch có thể khiến chúng chịu thêm #Y20%#E sát thương từ #Ykỹ năng đạn đạo#E của bản thân, duy trì #Y15#E giây.",1,-1.0,1
10230431,Hoa Thượng Nguyệt Lệnh,Tốc độ thi triển kỹ năng Bỏ Xuân Hận của Cửu Trùng Xuân Sắc Võ Học được tăng cường.,1,-1.0,0
10230440,Tiêu Nguyệt Lệnh,"Cửu Trùng Xuân Sắc Võ học kỹ Bào Xuân Hận tối đa có thể nạp #Y2#E tầng, tốc độ thi triển tăng #Y30%#E, khi đánh trúng kẻ địch có thể khiến chúng chịu sát thương kỹ năng #Yđạn đạo#E của bản thân tăng #Y20%#E, duy trì #Y15#E giây. Khi Khinh Kích tích lực Bào Xuân Tẫn đánh trúng #Yđơn vị không phải người chơi#E đang chịu hiệu ứng #YLiên Trung#E do bản thân gây ra, cứ mỗi #Y3#E lần đánh trúng sẽ gây sát thương tán xạ lên các đơn vị không phải người chơi trong phạm vi xung quanh (mỗi lần tấn công tối đa có thể tán xạ #Y5#E mục tiêu).",1,-1.0,1
10230441,Liên trúng,"Khi bị đòn tấn công [Kỹ năng đạn đạo] Cửu Trùng Xuân Sắc đánh trúng, nhận thêm #Y20%#E sát thương, kéo dài 15 giây.",1,15.0,0
10230442,,"Kỹ năng Trọng Kích khi nhấn nhẹ, nếu thỏa mãn điều kiện sẽ có thể phân tán.",1,-1.0,0
10230450,Hoa Thượng Nguyệt Lệnh,"Cửu Trùng Xuân Sắc võ học kỹ Bạo Xuân Hận tối đa có thể tích nạp #Y2#E tầng, tốc độ thi triển tăng #Y30%#E, khi đánh trúng kẻ địch có thể khiến chúng chịu thêm #Y20%#E sát thương từ #Y kỹ năng đạn đạo#E của bản thân, duy trì #Y15#E giây. Khi đánh trúng mục tiêu mang hiệu ứng #Y Liên Trung#E do bản thân gây ra, thời gian hồi chiêu sẽ lập tức giảm #Y5#E giây, và nhận được #Y25#E điểm Phồn Hoa, hiệu quả hiện tại mỗi lần thi triển kỹ năng chỉ có thể có tác dụng một lần. Khi Khinh Kích tích lực kỹ Xuân Phi Tẫn đánh trúng #Y đơn vị không phải người chơi#E mang hiệu ứng #Y Liên Trung#E do bản thân gây ra, cứ mỗi #Y3#E lần đánh trúng sẽ gây sát thương phân tán cho các đơn vị không phải người chơi xung quanh trong phạm vi nhất định (mỗi lần tấn công tối đa có thể phân tán #Y5#E mục tiêu).",1,-1.0,1
10230451,Hoa Thượng Nguyệt Lệnh,"Khi đánh trúng mục tiêu đang chịu hiệu ứng #Y Liên Trung#E của bản thân, thời gian hồi chiêu sẽ giảm ngay lập tức #Y5#E giây, và nhận được #Y25#E điểm Phồn Hoa. Hiệu ứng hiện tại mỗi lần thi triển kỹ năng chỉ có tác dụng một lần.",1,-1.0,0
10235110,Quân Thần Dược,"Võ học #YNgồi Xem Mây Nổi#E trong #YMinh Xuyên Dược Điển#E tăng hiệu quả trị liệu của Thủy Nhân lên #Y10%#E, nếu bản thân nằm trong phạm vi hiệu quả, ngoài việc nhận trị liệu liên tục, còn hồi phục thêm điểm Lộ Thủy, mỗi lần hồi phục #Y1#E điểm.",1,-1.0,1
10235111,Quân Thần Dược,"#Y Minh Xuyên Dược Điển#E Võ học kỹ #Y Tọa Khán Vân Khởi#E tăng hiệu quả trị liệu của Thủy Nhân lên #Y10%#E, nếu bản thân đang trong phạm vi trị liệu liên tục, mỗi lần còn hồi phục thêm #Y3#E điểm giá trị Lộ Thủy.",1,-1.0,1
10235112,Quân Thần Dược,"Sau khi giải trừ vô tận, Bạch Vân sẽ gây hiệu ứng hồi phục duy trì 6 giây lên bản thân và đồng minh được hồi phục bởi nó.",1,-1.0,1
10235113,Quân Thần Dược,Điều kiện thi triển Bạch Vân Vô Tận thay đổi thành tiêu hao 50 điểm sương móc.,1,-1.0,1
10235114,Quân Thần Dược,"Khi bản thân trọng thương sẽ triệu hồi Thủy Nhân, đồng đội tiến vào phạm vi của Thủy Nhân có thể nhận kỹ năng hồi sinh để hồi sinh cho ngươi.",1,-1.0,1
10235115,Y đức,"Nhận được kỹ năng, có thể hồi sinh mục tiêu bị trọng thương của thủy nhân này",1,7.0,0
10235116,Phục sinh Thủy nhân điều tức,Phục sinh người nước điều tức,1,120.0,0
10235117,Minh Xuyên Dược Điển,Triệu trị Thanh Khê tăng 30% cho bản thân,1,6.11,0
10235118,Quân thần dược,Tăng trị liệu,1,5.0,0
10235119,Quân thần dược giảm thương,"Nhận tất cả sát thương từ đơn vị không phải người chơi giảm 20%, nếu bản thân tiến vào trạng thái trọng thương, thì sẽ loại bỏ hiệu quả giảm thương cho đến khi hồi sinh thủy nhân khả dụng.",1,-1.0,0
10235210,Hạnh Hoa Bất Kiến,"Mỗi lần gây ra #Y trị liệu Bạo Kích#E, sẽ thêm cho mục tiêu một tầng hiệu ứng #Y Dưỡng Tâm#E kéo dài #Y3#E giây: Hiệu quả trị liệu nhận được tăng thêm #Y2#E%, tối đa có thể cộng dồn đến #Y3#E tầng.",1,-1.0,1
10235211,Dưỡng Tâm,"Hiệu quả trị liệu nhận được tăng thêm #Y2%#E, tối đa cộng dồn 3 tầng, nhận lại lần nữa sẽ làm mới thời gian duy trì.",3,3.0,0
10235212,Hạnh Hoa Bất Kiến,"Mỗi lần gây ra #Y trị liệu Bạo Kích#E, sẽ thêm cho mục tiêu một tầng hiệu ứng #Y Dưỡng Tâm#E duy trì #Y6#E giây: Hiệu quả trị liệu nhận được tăng thêm #Y2#E%, tối đa có thể cộng dồn đến #Y3#E tầng.",1,-1.0,1
10235213,Dưỡng tâm,"Hiệu quả trị liệu nhận được tăng thêm #Y2%#E, tối đa cộng dồn 3 tầng, nhận lại lần nữa sẽ làm mới thời gian duy trì.",3,6.0,0
10235214,Hoa hạnh không thấy,"Mỗi khi gây #YBạo Kích Trị Liệu#E sẽ cộng thêm 1 tầng #YNuôi Dưỡng#E trong #Y6#E giây, tăng hiệu quả trị liệu nhận được #Y2%#E, tối đa cộng dồn #Y3#E tầng. Đồng thời tự nhận 1 tầng #YNgưng Tâm#E trong 6 giây, tăng hiệu quả trị liệu gây ra 2%, tối đa cộng dồn #Y3#E tầng.",1,-1.0,1
10235217,Hoa Mơ Đã Tàn,"Mỗi khi gây #YBạo Kích Trị Liệu#E sẽ cộng thêm 1 tầng #YNuôi Dưỡng#E trong #Y6#E giây, tăng hiệu quả trị liệu nhận được #Y2%#E, tối đa cộng dồn #Y6#E tầng. Đồng thời tự nhận 1 tầng #YNgưng Tâm#E trong 6 giây, tăng hiệu quả trị liệu gây ra 2%, tối đa cộng dồn #Y6#E tầng.",1,-1.0,1
10235218,Dưỡng Tâm,"Hiệu quả hồi phục nhận được tăng thêm #Y2%#E, tối đa cộng dồn 6 tầng, nhận lại lần nữa sẽ làm mới thời gian duy trì.",6,6.0,0
10235219,Hoa hạnh chẳng thấy,"Khi gây #YBạo Kích Trị Liệu#E lên mục tiêu có Khí Huyết Tối Đa dưới #Y30%#E, sẽ cộng thêm 2 tầng #YNuôi Dưỡng#E và #YNgưng Tâm#E.",1,-1.0,1
10235221,Ngưng Tâm,"Lượng hồi phục tăng thêm #Y2%#E, tối đa cộng dồn 3 tầng, nhận lại sẽ làm mới thời gian duy trì.",3,6.0,0
10235222,Ngưng Tâm,"Lượng hồi phục tăng thêm #Y2%#E, tối đa cộng dồn 6 tầng, nhận lại sẽ làm mới thời gian duy trì.",6,6.0,0
10235310,Chú giải Chỉ Huyền Thiên,"Khi mục tiêu được hồi sinh bằng kỹ năng Cảm Tri Kim Tiền Triều Ngọc trong Minh Xuyên Dược Điển, lượng máu hồi phục tăng #Y50%#E.",1,-1.0,1
10235311,Chú Giải Chỉ Huyền Thiên,"Khi Minh Xuyên Dược Điển hồi sinh bằng kỹ năng Cảm Tri Kim Tiền Triều Ngọc, lượng máu hồi phục của mục tiêu tăng #Y75%#E.",1,-1.0,1
10235312,Chú giải Chỉ Huyền Thiên,#H Minh Xuyên Dược Điển#E kỹ năng Cảm Tri hồi sinh #H Kim Tiền Triều Ngọc#E khi hồi sinh mục tiêu sẽ thêm cho mục tiêu hiệu ứng giảm sát thương #H30%#E trong 3 giây.,1,-1.0,1
10235314,Chỉ Huyền Thiên Chú,"Khi #Y Minh Xuyên Dược Điển#E hồi sinh kỹ năng Cảm Tri #Y Kim Tiền Triều Ngọc#E hồi sinh mục tiêu, sẽ thêm hiệu ứng hồi máu duy trì cho mục tiêu.",1,-1.0,1
10235315,Chỉ Huyền Thiên Chú,"#Y Minh Xuyên Dược Điển#E khi hồi sinh mục tiêu bằng kỹ năng Cảm Tri hồi sinh #Y Kim Tiền Triều Ngọc#E, sẽ gánh chịu #Y 30%#E sát thương trong vòng 10 giây cho đồng đội được hồi sinh.",1,-1.0,1
10235316,Sinh tử kiếp,Người thi triển trạng thái phải gánh chịu 30% sát thương.,1,8.0,0
10235317,Sinh Tử Kiếp,"Mục tiêu chết trong vòng 8 giây, bản thân hồi phục 25% khí huyết tối đa.",1,1.0,0
10235318,Chú giải Chỉ Huyền Thiên,Giảm sát thương 30% trong 3 giây.,1,6.6,0
10235319,Hồi phục sinh lực liên tục,Liên tục hồi phục khí huyết.,1,9.6,0
10235410,Thiên Tơ Cổ,"Sau khi thi triển Thiên Thập Dư Âm sẽ hồi phục #Y Sương Lộ#E, và cứ tiêu hao một lượng sương lộ nhất định sẽ trị thương thêm cho người chơi.",1,-1.0,1
10235411,Thiên Tơ Cổ,Thời gian hồi phục của Thiên Thập Dư Hưởng giảm xuống còn #Y1#E giây,1,-1.0,1
10235412,Thiên Tơ Cổ,Tích lũy tiêu hao #Y50#E điểm #Y sương móc#E là có thể trị liệu cho người chơi #Y10%#E Khí Huyết tối đa.,1,-1.0,1
10235413,Thiên Tơ Cổ,Thiên Thập Dư Âm giám sát phạm vi máu của đồng minh có lượng máu thấp nhất tăng #Y50%#E.,1,-1.0,1
10235414,Thiên Tơ Cổ,Thiên Thập Dư Âm có thể đồng thời trị liệu cho bản thân và đồng đội gần đó có phần trăm máu thấp nhất.,1,-1.0,1
10240120,Tuyệt vận Sơn Hà,"Sau khi thi triển Đao Pháp #YPhòng ngự thành công#E trong một khoảng thời gian, có thể kích hoạt kỹ năng phản đòn đặc biệt, nhấp vào kỹ năng Cảm Tri hoặc Trọng Kích có thể #Ymiễn tích lực#E giải phóng Trọng Kích tích lực uy lực #Ycấp 1#E, mỗi #Y10#E giây chỉ có thể kích hoạt một lần.",1,-1.0,1
10240121,Tuyệt vận sơn hà,Nhấp vào kỹ năng Cảm Tri hoặc Trọng Kích có thể #Y miễn tích lực#E để thi triển Trọng Kích Tích Lực #Y bậc một#E.,1,5.0,0
10240122,Sơn Hà Tuyệt Vận,"Than ôi, sau khi #YPhòng ngự thành công#E chiêu thức Đao Pháp, trong một khoảng thời gian có thể kích hoạt kỹ năng phản đòn đặc biệt, nhấn vào Kỹ năng Cảm nhận hoặc Trọng Kích có thể #Ymiễn tích lũy#E để tung ra chiêu thức Trọng Kích tích lũy uy lực #Ycấp 1#E, mỗi #Y10#E giây chỉ có thể kích hoạt một lần. Khi phòng ngự thành công có #Y20%#E xác suất hồi phục thêm #Y1#E điểm chiến ý.",1,-1.0,1
10240123,Sơn Hà Tuyệt Vận,"Than Sinh Đao Pháp khi đỡ đòn thành công sẽ hồi phục thêm #Y20%#E Chiến Ý, hồi phục #Y1#E điểm.",1,-1.0,0
10240124,Tuyệt Vận Sơn Hà,"Than ôi, sau một thời gian #YPhòng thủ thành công#E bằng Đao Pháp, có thể kích hoạt kỹ năng phản đòn đặc biệt, nhấp vào kỹ năng Cảm Tri hoặc Trọng Kích có thể #Ymiễn tích lực#E để tung ra Kỹ năng Trọng Kích uy lực #Yba cấp#E (có thể nối tiếp kỹ năng phái sinh tích lực), mỗi #Y10#E giây chỉ có thể kích hoạt một lần. Khi phòng thủ thành công có #Y20%#E xác suất hồi phục thêm #Y1#E điểm Chiến Ý.",1,-1.0,1
10240125,Tuyệt Vận Sơn Hà,Nhấn vào kỹ năng Cảm Tri hoặc trọng kích có thể #Y miễn tích lực#E thi triển Kỹ năng Trọng Kích #Y bậc ba#E.,1,5.0,0
10240126,Sơn Hà Tuyệt Vận,"Sau khi thi triển Đao pháp #YPhòng ngự thành công#E trong một khoảng thời gian, có thể kích hoạt kỹ năng phản đòn đặc biệt, nhấn vào kỹ năng Cảm Tri hoặc Trọng kích có thể #Ymiễn tích lũy#E giải phóng kỹ năng tích lũy Trọng kích uy lực #Yba nấc#E (có thể nối tiếp kỹ năng phái sinh tích lũy Trọng kích), mỗi #Y5#E giây chỉ có thể kích hoạt một lần. Khi phòng ngự thành công có #Y20%#E xác suất hồi phục thêm #Y1#E điểm Chiến ý.",1,-1.0,1
10240127,Sơn Hà Tuyệt Vận,"Sau khi thi triển Đao Pháp #YPhòng ngự thành công#E trong một khoảng thời gian, có thể kích hoạt kỹ năng phản đòn đặc biệt, nhấn vào kỹ năng Cảm Tri hoặc Trọng Kích có thể #Ymiễn tích lực#E để tung ra Kỹ năng Trọng Kích uy lực #Yba cấp#E (có thể nối tiếp kỹ năng phái sinh Trọng Kích tích lực), mỗi #Y5#E giây chỉ có thể kích hoạt một lần. Khi phòng ngự thành công có #Y20%#E xác suất hồi phục thêm #Y1#E điểm Chiến Ý. Khi tung ra Kỹ năng Trọng Kích ba cấp và kỹ năng phái sinh của nó, nếu tài nguyên Chiến Ý đủ, đều có thể tiêu hao thêm #Y1#E điểm Chiến Ý để tăng #Y25%#E sát thương (tối đa tiêu hao #Y2 điểm#Y Chiến Ý để tăng #Y50%#E sát thương).",1,-1.0,1
10240128,Tuyệt Vận Sơn Hà,Kỹ năng Trọng Kích chém mạnh của Đao Pháp trúng đích sẽ hoàn trả chiến ý,1,-1.0,0
10240129,Sơn Hà Phòng Phản Điều tức,"Than Sinh Đao Pháp #Y phòng ngự thành công #E mỗi #Y10#E giây chỉ có thể kích hoạt một lần kỹ năng phản đòn đặc biệt, hiện tại đang trong điều tức.",1,-1.0,0
10240130,Sơn hà phòng phản điều tức,"Than Sinh Đao Pháp#Y phòng ngự thành công#E mỗi#Y 5#E giây chỉ có thể kích hoạt một lần kỹ năng phòng phản đặc biệt, hiện tại đang trong thời gian điều tức.",1,-1.0,0
10240211,Khốn Thú Tâm Kinh,"Khi huyết khí dưới #Y30%#E, sẽ kích hoạt hiệu ứng #YCùng Thú Do Đấu#E khi nhận sát thương: tạo ra một lá chắn có khả năng hấp thụ sát thương bằng #Y30%#E lượng huyết khí tối đa. Hiệu ứng này kéo dài #Y4#E giây, có thể kích hoạt mỗi #Y300#E giây một lần.",1,-1.0,1
10240212,Đấu Sinh Tử,Khiên chắn có thể hấp thụ tối đa 30% sát thương lượng khí huyết.,1,4.0,0
10240213,Khốn Thú Tâm Kinh,"Khi khí huyết dưới #Y30%#E, nhận sát thương sẽ kích hoạt #Y hiệu ứng Cùng Đồ Đấu#E: tạo ra một lá chắn có khả năng hấp thụ sát thương bằng #Y40%#E Khí Huyết tối đa. Hiệu ứng này kéo dài #Y4#E giây, mỗi #Y300#E giây có thể kích hoạt một lần.",1,-1.0,1
10240214,Đấu Sinh Tử Lồng Sắt,Khiên chắn có thể hấp thụ sát thương bằng 40% lượng khí huyết tối đa.,1,4.0,0
10240215,Khốn Thú Tâm Kinh,"Khi khí huyết dưới #Y30%#E, nhận sát thương sẽ kích hoạt #Y hiệu ứng Cùng Thú Do Đấu#E: tạo ra một lá chắn có khả năng hấp thụ sát thương bằng #Y40%#E giá trị tối đa của khí huyết. Hiệu ứng này kéo dài #Y4#E giây, mỗi #Y300#E giây có thể kích hoạt một lần. Trong thời gian lá chắn tồn tại, hiệu quả hồi máu và hiệu quả sử dụng đan dược tăng #Y20%#E.",1,-1.0,1
10240216,Đấu Sinh Tử Của Thú Bị Nhốt,"Khiên chắn có thể hấp thụ tối đa 40% sát thương của Khí Huyết tối đa, trong thời gian khiên chắn tồn tại, hiệu quả hồi phục và sử dụng thuốc được tăng cường.",1,4.0,0
10240217,Khốn Thú Tâm Kinh,"Khi khí huyết dưới #Y30%#E, nhận sát thương sẽ kích hoạt #YHiệu ứng Khốn Thú Do Đấu#E: tạo ra một lá chắn có khả năng hấp thụ sát thương bằng #Y40%#E giá trị tối đa của khí huyết. Hiệu ứng này kéo dài #Y4#E giây, mỗi #Y300#E giây có thể kích hoạt một lần. Trong thời gian lá chắn tồn tại, hiệu quả hồi phục và sử dụng thuốc tăng #Y20%#E.",1,-1.0,1
10240218,Khốn Thú Tâm Kinh,"Khi khí huyết dưới #Y30%#E, nhận sát thương sẽ kích hoạt #Y hiệu ứng Cùng Thú Tuy Đấu#E: tạo ra một lá chắn có khả năng hấp thụ sát thương bằng #Y40%#E Khí Huyết tối đa. Hiệu ứng này kéo dài #Y4#E giây, mỗi #Y300#E giây có thể kích hoạt một lần. Trong thời gian lá chắn tồn tại, hiệu quả hồi máu và sử dụng thuốc tăng #Y20%#E, nếu bị phá vỡ trước khi lá chắn hết hiệu lực, sẽ giảm thêm #Y120#E giây thời gian chờ.",1,-1.0,1
10240219,Khốn Thú Tâm Kinh,"Khi Khí Huyết trị giá thấp hơn #Y30%#E, khi nhận sát thương sẽ kích hoạt #YHiệu ứng Cùng Đồ Tuyệt Địa#E: Tạo ra một lá chắn có khả năng hấp thụ sát thương bằng #Y40%#E Khí Huyết tối đa. Hiệu ứng này kéo dài #Y4#E giây, mỗi #Y300#E giây có thể kích hoạt một lần. Trong thời gian lá chắn tồn tại, hiệu quả hồi phục và sử dụng thuốc tăng #Y20%#E, nếu bị phá vỡ trước khi thời gian duy trì lá chắn kết thúc, sẽ giảm thêm #Y120#E giây thời gian hiệu lực.",1,-1.0,0
10240311,Đại Pháp Chống Đỡ,Thời gian duy trì hiệu ứng phụ của Khiên Huyết Khí tự thân và kỹ năng tạo ra nó được kéo dài thêm #Y4#E giây.,1,-1.0,1
10240312,Đại Pháp Chống Đỡ,Tăng thời gian duy trì lá chắn Khí Huyết của bản thân và hiệu ứng tăng cường của kỹ năng nguồn gốc thêm #Y4#E giây và tăng #Y10%#E Khí Huyết hấp thụ được.,1,-1.0,1
10240313,Đại Pháp Chống Đỡ,"Thời gian duy trì hiệu ứng phụ của Khiên Huyết Khí do bản thân thi triển và kỹ năng tạo ra được kéo dài thêm #Y4#E giây, lượng hấp thụ sát thương Huyết Khí tăng #Y10%#E. Khi đang trong #Y trạng thái được Khiên Huyết Khí bảo vệ#E, tất cả sát thương gây ra và hồi phục tăng #Y2%#E.",1,-1.0,1
10240314,Đại Pháp Chống Đỡ,"Thời gian duy trì của lá chắn tự thân và hiệu ứng phụ được kéo dài #Y6#E giây, lượng hấp thụ sát thương khí huyết tăng #Y10%#E. Khi ở trạng thái #Y được lá chắn khí huyết bảo vệ#E, tất cả sát thương và trị liệu gây ra tăng #Y2%#E.",1,-1.0,1
10240315,Kháng Tạo Đại Pháp,"Thời gian duy trì của lá chắn tự giải phóng và hiệu ứng phụ được kéo dài thêm #Y6#E giây, lượng hấp thụ sát thương khí huyết tăng #Y10%#E, nếu #Ytrong thời gian duy trì không bị phá vỡ#E, sẽ lập tức hồi phục khí huyết dựa trên #Y5%#E của #Ylượng lá chắn còn lại#E, lá chắn miễn thương không có tác dụng. Khi đang ở #Ytrạng thái lá chắn khí huyết#E, tất cả sát thương gây ra và hồi phục tăng #Y2%#E.",1,-1.0,1
10240411,Bàn Thạch Quyết,"Hiệu ứng #YGiảm sát thương#E của võ học Bát Phương Phong Lôi Thương sẽ tăng thêm #Y20%#E khi thành công khiêu khích một đơn vị thủ lĩnh và #Y5%#E khi khiêu khích một đơn vị không phải thủ lĩnh, tối đa có thể tăng #Y20%#E. Đồng thời, để đổi lấy sự tập trung ứng phó, trong thời gian hiệu ứng giảm sát thương duy trì, tất cả sát thương nhân vật gây ra sẽ giảm #Y10%#E.",1,-1.0,1
10240412,Trầm Thạch,"Trong thời gian trang bị Tâm Pháp · Bàn Thạch Quyết, tất cả sát thương gây ra giảm 10%.",1,-1.0,0
10240413,Bàn Thạch Quyết,"Hiệu quả giảm sát thương của võ học kỹ Bát Phương Phong Lôi Thương sẽ tăng thêm #Y20%#E khi thành công khiêu khích một thủ lĩnh và #Y5%#E khi khiêu khích đơn vị không phải thủ lĩnh, tối đa tăng #Y20%#E. Đồng thời, để đổi lấy việc tập trung ứng phó, trong thời gian hiệu quả giảm sát thương duy trì, tất cả sát thương nhân vật gây ra sẽ giảm #Y10%#E. Thời gian hồi chiêu võ học kỹ giảm 4 giây.",1,-1.0,1
10240414,Bàn Thạch Quyết,"Hiệu ứng #Y giảm sát thương#E của võ học Bát Phương Phong Lôi Thương sẽ tăng thêm #Y20%#E khi thành công khiêu khích một đơn vị thủ lĩnh và #Y5%#E khi khiêu khích đơn vị không phải thủ lĩnh, tối đa tăng #Y20%#E. Đồng thời, để đổi lấy sự tập trung ứng phó, trong thời gian hiệu ứng giảm sát thương duy trì, tất cả sát thương nhân vật gây ra sẽ giảm #Y10%#E. Thời gian hồi chiêu võ học giảm 4 giây. Tấn công đơn vị bị khiêu khích, sát thương tăng #Y5%#E.",1,-1.0,1
10240415,Bàn Thạch Quyết,"Hiệu ứng #YGiảm sát thương#E của võ học Bát Phương Phong Lôi Thương sẽ tăng thêm #Y25%#E khi thành công khiêu khích một đơn vị thủ lĩnh và #Y5%#E khi khiêu khích đơn vị không phải thủ lĩnh, tối đa có thể tăng #Y25%#E. Đồng thời, để đổi lấy sự tập trung, trong thời gian hiệu ứng giảm sát thương duy trì, tất cả sát thương nhân vật gây ra sẽ giảm #Y10%#E. Thời gian hồi chiêu võ học giảm 4 giây. Khi tấn công đơn vị bị khiêu khích, sát thương tăng #Y5%#E.",1,-1.0,1
10240416,Bàn Thạch Quyết,"Hiệu ứng giảm sát thương của võ học Bát Phương Phong Lôi Thương sẽ tăng thêm #Y25%#E khi thành công khiêu khích một đơn vị thủ lĩnh và #Y5%#E khi khiêu khích đơn vị không phải thủ lĩnh, tối đa có thể tăng #Y25%#E. Đồng thời, để đổi lấy sự tập trung ứng phó, trong thời gian hiệu ứng giảm sát thương duy trì, tất cả sát thương nhân vật gây ra sẽ giảm #Y10%#E. Thời gian hồi chiêu võ học giảm 4 giây. Khi tấn công đơn vị bị khiêu khích, sát thương tăng #Y5%#E. Trong thời gian hiệu ứng giảm sát thương duy trì, mỗi 1 điểm Chiến Ý tiêu hao có thể hồi phục 0.2% khí huyết.",1,-1.0,1
10240417,Bàn Thạch Quyết,"Mỗi tầng có thể giảm #Y5%#E sát thương nhận vào, tối đa có thể cộng dồn #Y4#E tầng.",4,12.0,0
10240418,Bàn Thạch Quyết,"Mỗi tầng có thể giảm #Y5%#E sát thương nhận vào, tối đa có thể cộng dồn #Y5#E tầng.",5,12.0,0
10245110,Vong Xuyên Tuyệt Tưởng,"Khinh Kích của Nê Lê Tam Cấu sẽ tích lũy #Y Ác Thân#E cho kẻ địch, Khinh Kích khi không ở trạng thái Thiên Nộ sẽ tích lũy #Y Khổ Quả#E cho kẻ địch. Khi tấn công mục tiêu đang bị #Y Ác Thân#E, #Y Khổ Quả#E, Khinh Kích của Nê Lê Tam Cấu sẽ lần lượt bỏ qua #Y10%#E Phòng ngự Ngoại Công và #Y10%#E kháng Phá Trúc của mục tiêu.",1,-1.0,1
10245111,Thân ác,Sát thương gây ra bởi Khinh Kích bỏ qua 10% Phòng ngự Ngoại Công của mục tiêu,1,3.0,0
10245113,Quả đắng,Sát thương gây ra bởi Khinh Kích bỏ qua 10% kháng Phá Trúc của mục tiêu.,1,3.0,0
10245115,Luân hồi,Tăng 5% sát thương Khí Huyết gây ra.,1,10.0,0
10245120,Vong Xuyên Tuyệt Tưởng,"Khi tấn công mục tiêu đồng thời mang trạng thái #Y Ác Thân#E và #Y Khổ Quả#E, bản thân nhận được hiệu ứng #Y Luân Hồi#E trong 5 giây.",1,-1.0,1
10245130,Vong Xuyên Tuyệt Tưởng,Kích hoạt né tránh hoàn hảo bản thân nhận hiệu ứng #Y Luân Hồi#E.,1,-1.0,1
10245131,Vong Xuyên Tuyệt Hưởng,"Kích hoạt né tránh hoàn mỹ bản thân nhận hiệu quả #YLuân Hồi#E, đồng thời bản thân khi nhận trạng thái Luân Hồi, khi gây sát thương sẽ tăng 1 điểm Nghiệp Hỏa.",1,-1.0,1
10245140,Vong Xuyên Tuyệt Tưởng,"Khi bản thân gây sát thương lên mục tiêu mang theo #Y Luân Hồi#E, sẽ tăng thêm #Y1#E điểm #Y Nghiệp Hỏa#E.",1,-1.0,1
10245150,Vong Xuyên Tuyệt Tưởng,"Chân Diễm hiện tại sẽ khiến tất cả đòn tấn công của ngươi đồng thời gây hiệu ứng Ác Thân, Khổ Quả lên mục tiêu.",1,-1.0,1
10245151,Vong Xuyên Tuyệt Tưởng,"Hóa Diễm hiện tại sẽ khiến tất cả các Khinh Kích của ngươi đồng thời gây lên mục tiêu một tầng #Y Ác Thân#E, một tầng #Y Khổ Quả#E. Gây đủ 8 lần sát thương lên mục tiêu trong 2 giây có thể đặt lại thời gian hồi chiêu của Si Mê Chướng một lần, tối đa đặt lại một lần sau mỗi #Y10#E giây.",1,-1.0,0
10245152,Luân hồi,Gây ra khí huyết sát thương tăng 10%.,1,10.0,0
10245153,Vong Xuyên Tuyệt Hưởng,"Khi tấn công đồng thời tồn tại mục tiêu #YÁc Thân#E, #YKhổ Quả#E, bản thân nhận được hiệu quả #YLuân Hồi#E trong 10 giây.",1,-1.0,1
10245210,Tâm Diên Nghê Ngư,"Thời gian hiệu lực của #Y Lệnh Thù Sát#E do <Cương Ti Tuyến Đao|781|#C|20701|20701002> gây ra kéo dài thêm #Y5#E giây, đồng thời hồi phục #Y20#E điểm bài Ân Tự.",1,-1.0,1
10245211,Đánh dấu,,1,0.1,0
10245220,Tâm Diên Nê Ngư,"#YThẻ Ân tự#E giờ sẽ hồi phục nhanh hơn, tốc độ hồi phục tăng #Y30%#E.",1,-1.0,1
10245230,Tâm Di Nê Ngư,"Gây hiệu ứng #Y Thử Truy Mệnh#E lên kẻ địch trong 15 giây, trong thời gian đó #Y30%#E sát thương gây ra bởi Chuột sẽ được tính lại dưới dạng sát thương bổ sung.",1,-1.0,1
10245231,"<Cương Ti Tuyến Đao|781|#C|20701|20701002> Kéo dài thời gian hiệu lực của #Y Lệnh Thù Sát#E, đồng thời hồi phục bài Ân Tự. Đồng thời cho mục tiêu thêm hiệu ứng #Y Thử Truy Mệnh#E, khi kết thúc, một phần sát thương gây ra bởi Chuột trong thời gian này sẽ được tính lại dưới dạng sát thương bổ sung.",#Y30%#E sát thương nhận phải từ #Y Thử Truy Mệnh#E trong thời gian này sẽ được tính lại dưới dạng sát thương bổ sung.,1,20.0,0
10245240,Cá bùn tâm,Tăng #Y20%#E sát thương Chân Khí do Chuột gây ra.,1,-1.0,1
10245241,Giảm hồi phục,Hiệu quả hồi phục nhận được giảm 50%.,1,2.0,0
10245250,Tâm Diên Nghê Ngư,"Khi tấn công mục tiêu bị dính #Y Lệnh Thù Sát#E, Chuột Sinh Uy gây thêm #Y50%#E sát thương, đồng thời giảm #Y50%#E hiệu quả hồi máu của mục tiêu.",1,-1.0,1
10245310,Đoạn Thạch Chi Cấu,"Khi gây #Y sát thương Bạo Kích#E lên kẻ địch đang trong trạng thái khí kiệt, bản thân sẽ nhận được một tầng #Y Phân Giải#E. Mỗi tầng #Y Phân Giải#E giúp xuyên thấu ngoại công của bản thân tăng #Y10#E điểm, tăng #Y5%#E hiệu ứng sát thương Bạo Kích, tối đa cộng dồn #Y3#E tầng, duy trì 3 giây.",1,-1.0,1
10245311,Phân giải,"Mỗi tầng #Y Phá Giải#E tăng 10 điểm Xuyên Thấu Ngoại Công bản thân, tăng 5% Sát thương Bạo Kích",3,3.0,0
10245320,Đoạn Thạch Chi Cấu,"Khi gây #Y Sát thương Bạo Kích#E lên kẻ địch đang trong trạng thái Khí Kiệt, bản thân sẽ nhận được một tầng #Y Phân Giải#E. Mỗi tầng #Y Phân Giải#E giúp xuyên thấu Ngoại công của bản thân tăng #Y10#E điểm, tăng thêm #Y5%#E Sát thương Bạo Kích, tối đa cộng dồn #Y3#E tầng, duy trì 5 giây.",1,-1.0,1
10245321,Phân rã,Thời gian duy trì hiệu ứng #Y Phân Rã#E tăng lên #Y5#E giây.,3,5.0,0
10245330,Cấu trúc Đoạn Thạch,"Đánh bại kẻ địch đang trong trạng thái #YKhí Kiệt#E có thể nhận được một tầng hiệu ứng #YBăng Giải#E, mỗi tầng #YBăng Giải#E giúp xuyên thấu ngoại công bản thân tăng #Y10#E điểm, sát thương Bạo Kích tăng #Y5%#E, tối đa cộng dồn #Y3#E tầng, duy trì 5 giây.",1,-1.0,1
10245331,Phân rã,Số tầng cộng dồn tối đa của #Y Phân Rã#E tăng lên #Y5#E tầng.,5,5.0,0
10245340,Cấu trúc Đá Vỡ,"Đánh trúng kẻ địch đang trong trạng thái #Y Khí Kiệt#E sẽ nhận được một tầng hiệu ứng #Y Băng Giải#E, mỗi tầng #Y Băng Giải#E giúp xuyên thấu ngoại công bản thân tăng #Y10#E điểm, sát thương Bạo Kích tăng #Y5%#E, tối đa cộng dồn #Y5#E tầng, duy trì 5 giây.",1,-1.0,1
10245350,Đoạn Thạch Chi Cấu,"Khi kích hoạt #Y Né tránh hoàn hảo#E, nhận 5 tầng #Y Phân rã#E, mỗi #Y15#E giây có thể nhận 1 lần.",1,-1.0,1
10245410,Thương Lãng Kiếm Quyết,"Khi kỹ năng khống chế trúng địch sẽ giảm #Y1#E giây thời gian hồi chiêu của võ học hiện tại, hiệu ứng này tối đa kích hoạt 1 lần mỗi #Y10#E giây.",1,-1.0,1
10245411,Ăn mòn xương cốt,Chân khí nhận vào tăng 5%,1,5.0,0
10245412,Đoạn Cốt,"Sát thương sinh lực gây ra bởi võ học tăng 10%, tối đa cộng dồn 3 tầng",3,3.0,0
10245420,Tuyệt Kỹ Thương Lãng Kiếm,"Kỹ năng khống chế khi đánh trúng địch nhân sẽ giảm #Y2#E giây thời gian điều tức của võ học hiện tại, hiệu ứng này mỗi #Y10#E giây tối đa kích hoạt 1 lần.",1,-1.0,1
10245430,Thương Lãng Kiếm Quyết,Võ học này gây thêm #Y10%#E sát thương Chân Khí lên mục tiêu đang trong trạng thái #Y bị khống chế#E hoặc #Y bị ăn mòn#E.,1,-1.0,1
10245440,Thương Lãng Kiếm Quyết,"Sau khi kỹ năng khống chế trúng địch sẽ giảm #Y2#E giây thời gian điều tức của võ học hiện tại, hiệu ứng này mỗi #Y5#E giây tối đa kích hoạt 1 lần.",1,-1.0,1
10245450,Thương Lãng Kiếm Quyết,"Khi võ học kỹ đánh trúng mục tiêu đang chịu trạng thái #Y khống chế#E hoặc #Y ăn mòn xương#E, bản thân sẽ nhận hiệu ứng #Y suy yếu xương#E duy trì 3 giây. Khi nhận hiệu ứng #Y suy yếu xương#E, sát thương khí huyết do võ học kỹ gây ra tăng #Y10%#E, tối đa có thể cộng dồn #Y3#E tầng.",1,-1.0,1
10245460,Đá đứt,Giảm 1% Phòng ngự Ngoại Công.,1,10.0,0
10245461,Liệt Thạch,Phòng ngự Ngoại Công giảm 5% (đơn vị người chơi là 25%).,1,10.0,0
10250110,Ngàn quân một tiếng hô,"#YHồng Tiêu Hương Đoạn#E lần đầu ném ra Hồi Toàn Tán sẽ triệu hồi ra #YHuyễn Ảnh Tán#E, sau đó cứ cách 3 lần ném tán có thể triệu hồi ra một cây. Khi tiếp tán hoàn mỹ, có thể cùng Huyễn Ảnh Tán trên sân sản sinh #Ycộng hưởng#E, Huyễn Ảnh Tán #Ycộng hưởng#E sẽ gây ra sát thương phạm vi.",1,-1.0,0
10250111,Ngàn trại một tiếng hô,"#YHồng Tiêu Hương Đoạn#E, chiếc ô xoay đầu tiên tung ra sẽ triệu hồi #YTán ảnh#E, sau đó cứ mỗi 3 lần tung ô có thể triệu hồi một chiếc. Khi tiếp ô hoàn hảo và triệu hồi Tán ảnh, có thể tạo ra #YCộng hưởng#E với Tán ảnh trên sân, Tán ảnh #YCộng hưởng#E sẽ gây sát thương phạm vi.",1,-1.0,1
10250120,Thiên Doanh Nhất Hô,"Khi tiếp nhận ô hoàn hảo, hồi phục #Y15#E điểm tàn hồng.",1,-1.0,0
10250121,Ngàn trại một tiếng hô,"#Y Hồng Tiêu Hương Đoạn#E lần tung dù đầu tiên sẽ triệu hồi ra #Y Dù Ảo Ảnh#E, sau đó cứ mỗi 3 lần tung dù có thể triệu hồi ra một chiếc. Khi tiếp dù hoàn hảo và triệu hồi Dù Ảo Ảnh, hồi phục #Y10#E điểm Hồng Nhan, đồng thời có thể tạo ra #Y Cộng Hưởng#E với Dù Ảo Ảnh trên sân, #Y Cộng Hưởng#E của Dù Ảo Ảnh sẽ gây sát thương phạm vi.",1,-1.0,1
10250130,Thiên Doanh Nhất Hô,"Gây thêm hiệu quả #Y Ảo Minh#E kéo dài 5 giây cho kẻ địch chịu sát thương #Y cộng hưởng#E: kháng ngoại công giảm 2 điểm, có thể cộng dồn tối đa 5 tầng.",1,-1.0,0
10250131,Huyễn Minh,Kháng Ngoại Công giảm 2 điểm.,5,5.1,0
10250132,Ngàn doanh một tiếng hô,"Lần đầu tung ra #YTán Phiến Hồng Tiêu Hương Đoạn#E sẽ triệu hồi #YTán Phiến Ảo Ảnh#E, sau đó cứ mỗi 3 lần tung dù có thể triệu hồi thêm một chiếc. Khi tiếp dù hoàn hảo và triệu hồi Tán Phiến Ảo Ảnh, hồi phục #Y10#E điểm Hồng Tàn, đồng thời có thể tạo ra #YCộng Hưởng#E với Tán Phiến Ảo Ảnh trên sân, #YCộng Hưởng#E của Tán Phiến Ảo Ảnh sẽ gây sát thương phạm vi. Gây hiệu ứng #YHuyễn Minh#E kéo dài 5 giây lên kẻ địch chịu sát thương #YCộng Hưởng#E: Kháng Ngoại Công giảm 2 điểm, tối đa cộng dồn 5 tầng.",1,-1.0,1
10250140,Thiên Doanh Nhất Hô,"#YCộng hưởng#E sát thương tăng 20%, và tập hợp kẻ địch gần đó (không có hiệu lực với thủ lĩnh), tập hợp tối đa 1 lần sau mỗi 20 giây.",1,-1.0,0
10250142,Tụ long miễn dịch,Trong thời gian này miễn nhiễm hiệu quả tụ lại do #Y cộng hưởng#E gây ra.,1,19.9,0
10250143,Tụ tập nội bộ CD,Tụ long nội kiến CD,1,19.9,0
10250144,Ngàn doanh một tiếng gọi,"#Y Hồng Tiêu Hương Đoạn#E lần đầu tung dù xoay sẽ triệu hồi #Y Tán Ảnh Dù#E, sau đó cứ mỗi 3 lần tung dù có thể triệu hồi một chiếc. Khi tiếp dù hoàn hảo và triệu hồi Tán Ảnh Dù, hồi phục #Y10#E điểm Tàn Hồng, đồng thời có thể tạo ra #Y Cộng Hưởng#E với Tán Ảnh Dù trên sân. #Y Cộng Hưởng#E của Tán Ảnh Dù sẽ gây sát thương phạm vi. Gây hiệu ứng #Y Huyễn Minh#E kéo dài 5 giây lên kẻ địch chịu sát thương #Y Cộng Hưởng#E: Kháng Ngoại Công giảm 2 điểm, tối đa cộng dồn 5 tầng. Sát thương #Y Cộng Hưởng#E tăng 20%, đồng thời tụ tập kẻ địch xung quanh (với thủ lĩnh không có hiệu lực), mỗi 20 giây tối đa kích hoạt 1 lần tụ tập.",1,-1.0,1
10250150,3,"Võ học #Y Hồng Tiêu Hương Đoạn#E, mỗi lần tung ra ô xoay đều sẽ triệu hồi Ảo Ảnh Tán, Ảo Ảnh Tán trong nháy mắt sinh ra một lần #Y cộng hưởng#E.",1,-1.0,0
10250151,Bay lên không trung,,1,2.0,0
10250152,Thiên doanh nhất hô,"Võ học kỹ #YHồng Tiêu Hương Đoạn#E mỗi lần ném ra ô dù quay vòng sẽ triệu hồi ô dù ảo ảnh, ô dù ảo ảnh tạo ra trong nháy mắt và khi tiếp ô dù hoàn mỹ sẽ tạo ra một lần #Ycộng hưởng#E. #YCộng hưởng#E ô dù ảo ảnh sẽ gây sát thương phạm vi, thêm hiệu ứng #YHuyễn Minh#E kéo dài 5 giây cho kẻ địch chịu #Ysát thương cộng hưởng#E: Kháng ngoại công giảm 2 điểm, tối đa có thể cộng dồn 5 tầng. #YCộng hưởng#E sát thương tăng 20%, và tập hợp kẻ địch gần đó (không hiệu quả với thủ lĩnh), tập hợp tối đa 1 lần mỗi 20 giây. Đồng thời khi tiếp ô dù hoàn mỹ, hồi phục #Y10#E điểm tàn hồng.",1,-1.0,1
10250210,Thuyền dây đi gỗ,"Sau khi thi triển võ học kỹ #YLý Hư Tảo Trần#E nhận được 50 điểm bài Ân Tự, đồng thời liên kích quét ngang từ đoạn 4 đến 7 của #YTiêu Minh Triệt Dã#E có thể thêm 2 tầng #YThất Hồn#E.",1,-1.0,0
10250211,Thằng Thừng Chu Hành Mộc,"Võ học kỹ #YLý Hư Tảo Trần#E sau khi thi triển nhận được 50 điểm ân tự bài, đồng thời trong trạng thái Nhiếp Hồn, #YTiêu Minh Triệt Dã#E mỗi đoạn liên kích quét ngang đều có thể thêm 2 tầng #YMất Hồn#E, hơn nữa đoạn quét ngang đầu tiên có thể kéo kẻ địch đến trước mặt.",1,-1.0,1
10250220,Thuyền dây đi trên gỗ,Thời gian duy trì hiệu ứng #Y Thất Hồn Lạc Phách#E và #Y Hồi Hồn#E tăng lên #Y18#E giây.,1,-1.0,0
10250221,Thuyền dây đi trên gỗ,"Sau khi thi triển võ học kỹ #YLý Hư Tảo Trần#E nhận được 50 điểm bài Ân Tự, đồng thời dưới trạng thái Nhiếp Hồn, mỗi đòn quét ngang liên kích của #YTiêu Minh Triệt Dã#E đều có thể thêm 2 tầng #YThất Hồn#E. Thời gian duy trì của #YThất Hồn Lạc Phách#E và #YHồi Hồn#E tăng lên đến #Y18#E giây.",1,-1.0,1
10250230,Thằng Chu Hành Mộc,"Tư thế sạc #YTiêu Hành Thiên Hạ#E quét ngang liên kích sát thương tăng lên: 1-3 đoạn gây thêm #Y5%#E sát thương, 4-5 đoạn gây thêm #Y10%#E sát thương, 6-7 đoạn gây thêm #Y15%#E sát thương.",1,-1.0,0
10250231,Thuyền dây đi trên gỗ,"Sau khi thi triển võ kỹ #YLý Hư Tảo Trần#E nhận được 50 điểm bài Ân Tự, đồng thời trong trạng thái Nhiếp Hồn, mỗi đợt liên kích quét ngang của #YTiêu Minh Triệt Dã#E đều có thể thêm 2 tầng #YThất Hồn#E. Sát thương liên kích quét ngang của tư thế tích lực #YTiêu Minh Triệt Dã#E tăng: 1-3 đoạn gây thêm #Y5%#E sát thương, 4-5 đoạn gây thêm #Y10%#E sát thương, 6-7 đoạn gây thêm #Y15%#E sát thương. Thời gian duy trì #YThất Hồn Lạc Phách#E và #YHồi Hồn#E tăng lên #Y18#E giây.",1,-1.0,1
10250240,Thằng Chu Hành Mộc,"Khi ở trạng thái #Y Nhiếp Hồn#E, <Bưu Minh Triệt Dã|781|#C|20702|20702101> đoạn quét ngang đầu tiên sẽ kéo kẻ địch đến trước mặt.",1,-1.0,0
10250241,Thuyền dây đi trên gỗ,"Sau khi thi triển Tuyệt kỹ võ học #Y Lướt Bụi Quần Xạ#E sẽ nhận được 50 điểm bài Ân Tự, đồng thời khi ở trạng thái Nhiếp Hồn, mỗi đòn quét ngang liên kích của #Y Tiêu Kêu Lục Lâm Sơn#E đều có thể thêm 2 tầng #Y Thất Hồn#E. Sát thương liên kích quét ngang của #Y Tiêu Kêu Lục Lâm Sơn#E ở tư thế tích lực tăng: 1-3 đoạn gây thêm #Y5%#E sát thương, 4-5 đoạn gây thêm #Y10%#E sát thương, 6-7 đoạn gây thêm #Y15%#E sát thương. Khi ở trạng thái #Y Nhiếp Hồn#E, đòn quét ngang đầu tiên của <Tiêu Kêu Lục Lâm Sơn|781|#C|20702|20702101> sẽ kéo địch nhân về phía trước. Thời gian duy trì của #Y Thất Hồn Lạc Phách#E và #Y Hồi Hồn#E tăng lên #Y18#E giây.",1,-1.0,1
10250242,Thuyền dây hành mộc,"Khi hiệu quả #YMất Hồn Lạc Phách#E kết thúc, 5% sát thương mà kẻ địch phải chịu trong thời gian đó sẽ được tính thêm.",1,-1.0,0
10250250,Thuyền thừng hành mộc,"Kỹ năng đặc biệt #Y Phấn Sào Đảo Huyệt#E búng tay sẽ làm mới trạng thái #Y Hồi Hồn#E của bản thân và trạng thái #Y Thất Hồn Lạc Phách#E của kẻ địch trong phạm vi 15 mét, đồng thời tăng sát thương kết toán #Y Thất Hồn Lạc Phách#E lên 10%.",1,-1.0,0
10250252,Thuyền dây đi gỗ,"Sau khi thi triển võ học kỹ #YLý Hư Tảo Trần#E nhận được 50 điểm bài Ân Tự, đồng thời trong trạng thái Nhiếp Hồn, #YTiêu Minh Triệt Dã#E mỗi đoạn quét ngang liên kích đều có thể thêm 2 tầng #YThất Hồn#E. Sát thương quét ngang liên kích của tư thế tích lực #YTiêu Minh Triệt Dã#E tăng: Đoạn 1-3 gây thêm #Y5%#E sát thương, đoạn 4-5 gây thêm #Y10%#E sát thương, đoạn 6-7 gây thêm #Y15%#E sát thương. Khi ở trạng thái #YNhiếp Hồn#E, <Tiêu Minh Triệt Dã|781|#C|20702|20702101> đoạn quét ngang đầu tiên sẽ kéo địch nhân về phía trước. Thời gian duy trì #YThất Hồn Lạc Phách#E và #YHồi Hồn#E tăng lên #Y18#E giây. Sát thương gây ra bởi kỹ năng đặc biệt #YPhần Sào Đảo Huyệt#E tăng 15% và chắc chắn Bạo Kích, đồng thời ngón tay búng sẽ làm mới trạng thái #YHồi Hồn#E của bản thân và trạng thái #YThất Hồn Lạc Phách#E trên người địch nhân trong phạm vi 15 thước.",1,-1.0,1
10250310,Đèn Nhi Lượng,"Đồng thời trúng không ít hơn 3 kẻ địch, thêm hiệu ứng #Y Chúc Ảnh#E 3 giây cho kẻ địch. Mỗi tầng #Y Chúc Ảnh#E khiến tốc độ di chuyển của kẻ địch giảm #Y 4%#E, sát thương phải chịu tăng #Y 2%#E, #Y Chúc Ảnh#E nhiều nhất cộng dồn 5 tầng, mỗi 0.5 giây thêm nhiều nhất 1 lần.",1,-1.0,1
10250311,Chúc ảnh,"Chúc ảnh: Di động tốc độ giảm xuống #Y4%#E, đã chịu đến thương tổn tăng thêm #Y2%#E",5,3.1,0
10250312,Miễn dịch Chúc Ảnh,Chúc Ảnh Chiếm Vị,1,0.49,0
10250313,Chịu sát thương tăng lên,Chúc ảnh: Sát thương phải chịu tăng #Y2%#E,5,3.1,0
10250320,Đèn sáng,"Đồng thời trúng không dưới 3 kẻ địch, thêm hiệu ứng #YChân Ảnh#E cho kẻ địch trong 5 giây. Mỗi tầng #YChân Ảnh#E khiến tốc độ di chuyển của kẻ địch giảm #Y4%#E, sát thương phải chịu tăng #Y2%#E, #YChân Ảnh#E tối đa cộng dồn 5 tầng, mỗi 0.5 giây tối đa thêm 1 lần.",1,-1.0,0
10250321,Đèn đã sáng,"Đồng thời đánh trúng không ít hơn 3 tên địch nhân, cho địch nhân thêm hiệu quả #YChúc Ảnh#E 5 giây. Mỗi tầng #YChúc Ảnh#E khiến địch nhân tốc độ di chuyển giảm #Y4%#E, chịu sát thương tăng #Y2%#E, #YChúc Ảnh#E nhiều nhất cộng dồn 5 tầng, mỗi 0.5 giây nhiều nhất thêm 1 lần.",1,-1.0,1
10250330,Đèn sáng,"Gây sát thương cho kẻ địch ở tầng #Y Chúc Ảnh#E 5, sẽ khiến kẻ địch bị định thân #Y 2#E giây (không có hiệu lực với thủ lĩnh), kẻ địch trong vòng 20 giây chỉ bị hiệu ứng #Y Đèn Nhi Sáng#E định thân 1 lần.",1,-1.0,0
10250332,Định Thân,"Bị định thân, không thể di chuyển hoặc tung ra hầu hết các kỹ năng.",1,2.1,0
10250333,Miễn nhiễm Định Thân,Trong thời gian này miễn dịch hiệu quả định thân do #YĐèn Lồng Sáng#E gây ra.,1,19.9,0
10250334,Đèn sáng,"Đồng thời trúng không dưới 3 kẻ địch, sẽ thêm hiệu ứng #YChúc Ảnh#E trong 5 giây cho kẻ địch. Mỗi tầng #YChúc Ảnh#E khiến tốc độ di chuyển của kẻ địch giảm#Y4%#E, chịu sát thương tăng#Y2%#E, #YChúc Ảnh#E cộng dồn tối đa 5 tầng, mỗi 0.5 giây cộng thêm 1 lần. Gây sát thương lên kẻ địch có 5 tầng #YChúc Ảnh#E, sẽ khiến kẻ địch bị định thân#Y2#E giây (không hiệu quả với Thủ lĩnh), hiệu quả này mỗi 20 giây định thân tối đa 1 kẻ địch, và kẻ địch đó trong 20 giây chỉ bị hiệu ứng #YĐăng Nhi Lượng#E của bất kỳ nguồn nào định thân 1 lần.",1,-1.0,1
10250335,Không thể định thân,#YĐèn sáng#E không thể gây hiệu ứng định thân cho kẻ địch có khả năng miễn nhiễm với định thân #YĐèn sáng#E.,1,20.0,0
10250340,Đèn Nhi Sáng,"Đồng thời trúng không ít hơn 2 kẻ địch, sẽ thêm hiệu ứng #YChúc Ảnh#E trong 5 giây cho kẻ địch. Mỗi tầng #YChúc Ảnh#E khiến tốc độ di chuyển của kẻ địch giảm #Y4%#E, chịu sát thương tăng #Y2%#E, #YChúc Ảnh#E có thể cộng dồn tối đa 5 tầng, tối đa thêm 1 lần mỗi 0.5 giây.",1,-1.0,0
10250341,Đèn sáng,"Khi đánh trúng không dưới 2 kẻ địch, sẽ thêm hiệu ứng #YChủy Ảnh#E cho kẻ địch trong 5 giây. Mỗi tầng #YChủy Ảnh#E khiến tốc độ di chuyển của kẻ địch giảm #Y4%#E, sát thương nhận được tăng #Y2%#E, #YChủy Ảnh#E cộng dồn tối đa 5 tầng, tối đa thêm 1 lần mỗi 0.5 giây. Gây sát thương cho kẻ địch có 5 tầng #YChủy Ảnh#E, sẽ khiến kẻ địch bị định thân #Y2#E giây (không có hiệu lực với thủ lĩnh), hiệu ứng này tối đa định thân 1 kẻ địch mỗi 20 giây, và kẻ địch đó chỉ bị hiệu ứng #YĐèn Lồng Sáng#E từ bất kỳ nguồn nào định thân 1 lần trong 20 giây.",1,-1.0,1
10250350,Đèn sáng,Đối mãn tằng #Y Chúc Ảnh#E địch nhân tạo thành đích thương hại ngạch ngoại tăng gia #Y3%#E。Nhược địch nhân thụ đáo thương hại thì，cự ly tự thân siêu quá 8 mễ，tắc thương hại tăng gia hiệu quả đề thăng chí #Y6%#E。,1,-1.0,0
10250351,Đèn sáng,"Đồng thời trúng ít nhất 2 kẻ địch, sẽ thêm hiệu ứng #Y Chúc Ảnh#E cho kẻ địch trong 5 giây. Mỗi tầng #Y Chúc Ảnh#E khiến tốc độ di chuyển của kẻ địch giảm #Y4%#E, sát thương phải chịu tăng #Y2%#E, #Y Chúc Ảnh#E có thể cộng dồn tối đa 5 tầng, mỗi 0.5 giây cộng dồn tối đa 1 lần. Gây sát thương lên kẻ địch có 5 tầng #Y Chúc Ảnh#E, sẽ khiến kẻ địch bị định thân #Y2#E giây (không hiệu quả với Thủ lĩnh), hiệu ứng này mỗi 20 giây định thân tối đa 1 kẻ địch, và kẻ địch đó trong 20 giây chỉ bị hiệu ứng #Y Đăng Nhi Sáng#E của bất kỳ nguồn nào định thân 1 lần. Sát thương gây ra cho kẻ địch có đủ tầng #Y Chúc Ảnh#E sẽ tăng thêm #Y3%#E. Nếu kẻ địch chịu sát thương, cách xa bản thân hơn #Y8#E mét, thì hiệu quả tăng sát thương sẽ tăng lên #Y6%#E.",1,-1.0,1
10250410,Đại Đường Ca,"#YVõ học kỹ#E khi gây sát thương cho kẻ địch, bản thân nhận được hiệu quả #YĐường Ca#E trong 4 giây. Khi Khí Huyết cao hơn 50%, mỗi tầng #YĐường Ca#E khiến sát thương hội tâm khi kết toán võ học kỹ tăng #Y2%#E; khi Khí Huyết thấp hơn 50%, mỗi tầng #YĐường Ca#E tăng võ học kỹ của bản thân #Y2%#E hút máu, mỗi giây hút tối đa 2.5% Khí Huyết Tối Đa của bản thân. #YĐường Ca#E cộng dồn tối đa #Y5#E tầng, mỗi giây nhận tối đa 1 tầng.",1,-1.0,1
10250411,Đường Ca,"Khi giá trị Khí Huyết trên 50%, mỗi tầng #Y Đường Ca#E khiến sát thương Hội Ý khi tính toán kỹ năng võ học tăng #Y2%#E; khi giá trị Khí Huyết dưới 50%, mỗi tầng #Y Đường Ca#E tăng kỹ năng võ học #Y2%#E hút máu, mỗi giây hút tối đa 2.5% giá trị Khí Huyết tối đa của bản thân.",5,4.1,0
10250420,Đại Đường Ca,"Khi #YVõ học#E gây sát thương lên kẻ địch, bản thân sẽ nhận được hiệu ứng #YĐường Ca#E kéo dài 7 giây. Khi Khí Huyết cao hơn 50%, mỗi tầng #YĐường Ca#E khiến sát thương Hội Ý khi thi triển võ học tăng thêm #Y2%#E; khi Khí Huyết thấp hơn 50%, mỗi tầng #YĐường Ca#E tăng #Y2%#E hút máu của võ học, mỗi giây hút tối đa 2.5% Khí Huyết Tối Đa của bản thân. #YĐường Ca#E có thể cộng dồn tối đa #Y5#E tầng, mỗi giây nhận tối đa 1 tầng.",1,-1.0,1
10250421,Đường Ca,"Khi giá trị Khí Huyết cao hơn 50%, mỗi tầng #YĐường Ca#E khiến sát thương Hội Tâm gây ra khi tính toán kỹ năng võ học tăng #Y2%#E; khi giá trị Khí Huyết thấp hơn 50%, mỗi tầng #YĐường Ca#E tăng #Y2%#E hút Khí Huyết của kỹ năng võ học, hút tối đa 2.5% Khí Huyết Tối Đa của bản thân mỗi giây.",5,7.1,0
10250430,Đại Đường Ca,"Khi #YVõ học kỹ#E gây sát thương cho kẻ địch, bản thân nhận được hiệu ứng #YĐường Ca#E kéo dài 7 giây. Khi giá trị Khí Huyết cao hơn 50%, mỗi tầng #YĐường Ca#E khiến sát thương hội tâm khi tính toán võ học kỹ tăng #Y3%#E; khi giá trị Khí Huyết thấp hơn 50%, mỗi tầng #YĐường Ca#E tăng #Y3%#E hút Khí Huyết võ học kỹ của bản thân, mỗi giây hút tối đa 2.5% Khí Huyết tối đa của bản thân. #YĐường Ca#E cộng dồn tối đa #Y5#E tầng, mỗi giây nhận được tối đa 2 tầng.",1,-1.0,0
10250431,Đường Ca,"Khi giá trị khí huyết cao hơn 50%, mỗi tầng #Y Đường Ca#E khiến võ học kỹ kết toán gây ra sát thương hội tâm tăng thêm #Y3%#E; khi giá trị khí huyết thấp hơn 50%, mỗi tầng #Y Đường Ca#E tăng cường kỹ năng võ học #Y3%#E hút máu, mỗi giây hút tối đa 2.5% giá trị khí huyết tối đa của bản thân.",5,7.1,0
10250432,Đại Đường ca,"#YKỹ năng võ học#E khi gây sát thương cho kẻ địch, bản thân nhận được hiệu quả #YĐường Ca#E kéo dài 7 giây. Khi giá trị Khí Huyết cao hơn 50%, mỗi tầng #YĐường Ca#E khiến sát thương hội tâm khi tính toán kỹ năng võ học tăng thêm #Y3%#E; khi giá trị Khí Huyết thấp hơn 50%, mỗi tầng #YĐường Ca#E tăng cường kỹ năng võ học #Y3%#E hút Khí Huyết của bản thân, mỗi giây hút tối đa 2.5% Khí Huyết tối đa của bản thân. #YĐường Ca#E có thể cộng dồn tối đa #Y5#E tầng, mỗi giây nhận được tối đa 2 tầng.",1,-1.0,1
10250440,Đại Đường Ca,"#Y Võ học kỹ#E khi gây sát thương cho kẻ địch, bản thân nhận được hiệu quả #Y Đường Ca#E kéo dài 7 giây. Khi giá trị Khí Huyết cao hơn 50%, mỗi tầng #Y Đường Ca#E khiến sát thương Hội Tâm gây ra khi tính toán kỹ năng võ học tăng thêm #Y3%#E; khi giá trị Khí Huyết thấp hơn 50%, mỗi tầng #Y Đường Ca#E tăng kỹ năng võ học của bản thân #Y3%#E hút Khí Huyết, mỗi giây hút tối đa 2.5% Khí Huyết tối đa của bản thân. #Y Đường Ca#E có thể cộng dồn tối đa #Y5#E tầng, mỗi giây nhận tối đa 2 tầng. #Y Võ học kỹ#E đồng thời đánh trúng không ít hơn #Y2#E kẻ địch thì nhận thêm 1 tầng #Y Đường Ca#E, mỗi giây nhận tối đa thêm 2 lần.",1,-1.0,1
10250441,Đại Đường Ca,"#Y Võ học kỹ#E khi gây sát thương cho kẻ địch, bản thân nhận được hiệu quả #Y Đường Ca#E kéo dài 7 giây. Khi Khí Huyết cao hơn 50%, mỗi tầng #Y Đường Ca#E khiến sát thương hội tâm khi tính toán kỹ năng võ học tăng #Y3%#E; khi Khí Huyết dưới 50%, mỗi tầng #Y Đường Ca#E tăng #Y3%#E hút máu Khí Huyết của bản thân, mỗi giây hút nhiều nhất 2.5% Khí Huyết Tối Đa của bản thân. #Y Đường Ca#E nhiều nhất cộng dồn #Y5#E tầng, mỗi giây nhiều nhất nhận được 2 tầng. #Y Võ học kỹ#E đồng thời trúng không ít hơn #Y2#E kẻ địch thì nhận thêm 1 tầng #Y Đường Ca#E, mỗi giây nhiều nhất nhận thêm 2 lần.",1,-1.0,0
10250450,Đại Đường Ca,"Khi #YVõ học#E gây sát thương cho kẻ địch, bản thân sẽ nhận hiệu ứng #YĐường Ca#E kéo dài 7 giây. Mỗi tầng #YĐường Ca#E tăng #Y3%#E sát thương Hội Ý khi Võ học kết toán, đồng thời tăng #Y3%#E hút Khí Huyết từ Võ học, mỗi giây hút tối đa 2.5% Khí Huyết Tối Đa của bản thân. #YĐường Ca#E có thể cộng dồn tối đa #Y5#E tầng, mỗi giây nhận tối đa 2 tầng. Khi #YVõ học#E đồng thời trúng không ít hơn #Y2#E kẻ địch sẽ nhận thêm 1 tầng #YĐường Ca#E, mỗi giây nhận thêm tối đa 2 lần.",1,-1.0,1
10250451,Đường Ca,"Mỗi tầng#Y Đường Ca#E khiến võ học kỹ tính toán sát thương hội tâm tăng#Y3%#E, đồng thời tăng kỹ năng võ học của bản thân#Y3%#E hút khí huyết, mỗi giây hút tối đa 2.5% giá trị khí huyết tối đa của bản thân.",5,7.1,0
10255110,Sương Thiên Bạch Dạ,"#YTrảm Tuyết Đao Pháp#E hóa giải thành công, có thể kích hoạt trọng kích · Kỹ năng phái sinh #Y Bạt Tuyết Tầm Xuân#E, gây ra 1 đòn chém nhanh lên kẻ địch, nhận hiệu ứng Cường Tráng trong lúc thi triển, khi đánh trúng đơn vị không phải người chơi sẽ gây thêm 20% sát thương sinh lực.",1,-1.0,0
10255111,Đêm trắng sương giá,"#Y Trảm Tuyết Đao Pháp#E thành công hóa giải lực đạo, có thể kích hoạt Trọng Kích · Kỹ năng phái sinh #Y Bạt Tuyết Tầm Xuân#E, gây ra 1 đòn chém nhanh lên kẻ địch, trong lúc thi triển nhận hiệu ứng Cường Tráng, khi đánh trúng đơn vị không phải người chơi sẽ gây thêm 20% sát thương khí huyết.",1,-1.0,1
10255120,Sương Thiên Bạch Dạ,"#YĐao pháp Trảm Tuyết#E thành công gỡ thế, có thể kích hoạt Trọng Kích · Phái sinh kỹ #YBạt Tuyết Tầm Xuân#E, gây ra 1 lần chém nhanh vào kẻ địch. Trong trạng thái #YThiết Y Thú Hồn#E, #YBạt Tuyết Tầm Xuân#E trúng kẻ địch, xuất hiện #YHành Đao An Tây Quân#E gây thêm sát thương truy kích.",1,-1.0,0
10255121,Sương Thiên Bạch Dạ,"#Y Đao pháp Trảm Tuyết#E gỡ thế thành công, có thể kích hoạt trọng kích · phái sinh kỹ #Y Bạt Tuyết Tầm Xuân#E, gây ra 1 lần trảm kích nhanh chóng cho kẻ địch. Trong trạng thái #Y Thiết Y Vệ Hồn#E, #Y Bạt Tuyết Tầm Xuân#E trúng kẻ địch, xuất hiện #Y Hoành Đao An Tây Quân#E gây thêm sát thương truy kích.",1,-1.0,1
10255130,Sương Thiên Bạch Dạ,"#YTrảm Tuyết Đao Pháp#E thành công hóa giải lực đạo, hoặc sau khi thi triển trọn vẹn #YTrùng Thượng Sương#E và #YHoành Đao · Dịch Võ#E, có thể kích hoạt Trọng Kích · Kỹ Năng Phái Sinh #YBạt Tuyết Tầm Xuân#E, gây ra 1 đòn chém nhanh lên kẻ địch, trúng đơn vị không phải người chơi sẽ gây thêm 20% sát thương sinh lực. Trong trạng thái #YThiết Y Thú Hồn#E, #YBạt Tuyết Tầm Xuân#E trúng địch sẽ xuất hiện #YHoành Đao An Tây Quân#E gây thêm sát thương truy kích.",1,-1.0,0
10255131,Đêm trắng sương trời,"Sau khi #Y Trảm Tuyết Đao Pháp#E hóa giải lực thành công, hoặc thi triển trọn vẹn #Y Trùng Thượng Sương#E và #Y Hoành Đao · Dịch Võ#E, có thể kích hoạt Kỹ năng phái sinh Trọng Kích là #Y Bạt Tuyết Tầm Xuân#E, gây ra 1 đòn chém nhanh lên kẻ địch, trúng đơn vị không phải người chơi sẽ gây thêm 20% sát thương sinh lực. Trong trạng thái #Y Thiết Y Thú Hồn#E, #Y Bạt Tuyết Tầm Xuân#E trúng địch sẽ gây thêm sát thương truy kích của #Y Hoành Đao An Tây Quân#E.",1,-1.0,1
10255140,Sương Thiên Bạch Dạ,"Sau khi #Y Trảm Tuyết Đao Pháp#E hóa giải thành công, hoặc thi triển trọn vẹn #Y Trùng Thượng Sương#E và #Y Hoành Đao · Dịch Võ#E, có thể kích hoạt Trọng Kích · Phái Sinh Kỹ #Y Bạt Tuyết Tầm Xuân#E, gây ra 1 đòn chém nhanh lên kẻ địch, khi đánh trúng đơn vị không phải người chơi sẽ gây thêm 20% sát thương khí huyết. Trong trạng thái #Y Thiết Y Thú Hồn#E, #Y Bạt Tuyết Tầm Xuân#E đánh trúng địch, xuất hiện #Y Hoành Đao An Tây Quân#E gây thêm sát thương truy kích.",1,-1.0,0
10255141,Sương Thiên Bạch Dạ,"#Y Trảm Tuyết Đao Pháp#E thành công triệt tiêu lực hoặc sau khi thi triển trọn vẹn #Y Trủng Thượng Sương#E và #Y Hoành Đao · Dịch Võ#E, có thể kích hoạt trọng kích · kỹ năng phái sinh #Y Bạt Tuyết Tầm Xuân#E, gây ra 1 lần chém nhanh lên kẻ địch, khi đánh trúng đơn vị không phải người chơi sẽ gây thêm 20% sát thương sinh lực. Trong trạng thái #Y Thiết Y Sóc Hồn#E, #Y Bạt Tuyết Tầm Xuân#E đánh trúng kẻ địch sẽ xuất hiện #Y Hoành Đao An Tây Quân#E gây thêm sát thương truy kích.",1,-1.0,1
10255150,Sương Thiên Bạch Dạ,"Sau khi #Y Trảm Tuyết Đao Pháp#E thành công hóa giải lực đánh, hoặc thi triển trọn vẹn #Y Trùng Thượng Sương#E và #Y Hoành Đao · Dịch Võ#E, có thể kích hoạt Trọng Kích · Kỹ Năng Phái Sinh #Y Bạt Tuyết Tầm Xuân#E, gây ra 1 đòn chém nhanh lên kẻ địch, trúng mục tiêu không phải người chơi sẽ gây thêm 20% sát thương sinh lực. Trong trạng thái #Y Thiết Y Sóc Hồn#E, khi #Y Bạt Tuyết Tầm Xuân#E đánh trúng kẻ địch, sẽ xuất hiện #Y Hoành Đao An Tây Quân#E gây thêm sát thương truy kích. Tốc độ thi triển #Y Trọng Kích · Áp Chế#E tăng 20%, và trong vòng 3 giây sau khi thi triển, nhấn #Y Khinh Kích#E có thể miễn tích lực thi triển 1 lần #Y Khinh Kích · Tích Lực#E, mỗi 6 giây có thể kích hoạt 1 lần.",1,-1.0,0
10255151,Sương Thiên Bạch Dạ,"#Y Đao Pháp Trảm Tuyết#E thành công hóa giải lực đạo, hoặc sau khi thi triển trọn vẹn #Y Trùng Thượng Sương#E và #Y Hoành Đao · Dịch Võ#E, có thể kích hoạt Kỹ năng phái sinh Trọng Kích #Y Bạt Tuyết Tầm Xuân#E, gây ra 1 đòn chém nhanh lên kẻ địch, trúng đơn vị không phải người chơi sẽ gây thêm 20% sát thương sinh lực. Trong trạng thái #Y Thiết Y Thú Hồn#E, #Y Bạt Tuyết Tầm Xuân#E trúng địch sẽ xuất hiện #Y Hoành Đao An Tây Quân#E gây thêm sát thương truy kích. Sát thương sinh lực do #Y Bạt Tuyết Tầm Xuân#E gây ra tăng 10%, và sau khi thi triển sẽ kích hoạt hiệu ứng #Y Vong Cơ#E.",1,-1.0,1
10255210,Cô trung bất từ,"#YThập Phương Phá Trận#E Trọng Kích · Kỹ năng súc lực #YTấn thử tâm#E súc lực tối đa tăng đến #Yba đoạn#E, đoạn súc lực thứ ba nhảy chém gây sát thương cao. Trong trạng thái #YThiết Y Vệ Hồn#E, trong thời gian súc lực đoạn thứ ba sẽ xuất hiện #YMạch Đao An Tây quân#E nhảy chém về phía mục tiêu.",1,-1.0,0
10255211,Cô trung bất từ,"#YThập Phương Phá Trận#E Trọng Kích · Kỹ năng súc lực #YPhần thử tâm#E tăng số đoạn súc lực tối đa lên #Yba đoạn#E, đoạn súc lực thứ ba nhảy chém gây sát thương lớn. Trong trạng thái #YThiết Y Vệ Hồn#E, trong giai đoạn súc lực thứ ba sẽ xuất hiện #YMạch Đao An Tây Quân#E nhảy chém về phía mục tiêu.",1,-1.0,1
10255220,Cô trung bất từ,"Kỹ năng Trọng Kích #YThập Phương Phá Trận#E · #YPhần Thử Tâm#E tăng số lần sạc tối đa lên #Yba lần#E, nhảy chém lần thứ ba gây ra sát thương lớn. Trong trạng thái #YThiết Y Thú Hồn#E, trong lần sạc thứ ba sẽ có #YMạch Đao An Tây Quân#E nhảy chém về phía mục tiêu.",1,-1.0,0
10255221,Cô trung bất từ,"#YThập Phương Phá Trận#E Trọng Kích · Kỹ năng súc lực #YPhần thử tâm#E tăng tối đa tầng súc lực lên #YTam đoạn#E, nhảy chém súc lực tầng thứ ba gây sát thương cao. Trong trạng thái #YThiết Y Thú Hồn#E, trong thời gian súc lực tầng thứ ba sẽ xuất hiện #YMạch Đao An Tây quân#E nhảy chém về phía mục tiêu.",1,-1.0,1
10255230,Cô trung bất từ,"#Y Thập Phương Phá Trận#E Trọng Kích · Súc Lực Kỹ #Y Phần Thử Tâm#E tối đa súc lực tăng lên #Y ba đoạn#E, đoạn súc lực thứ ba nhảy chém tạo thành sát thương cao. Trong trạng thái #Y Thiết Y Thú Hồn#E, trong thời gian súc lực đoạn thứ ba sẽ xuất hiện #Y Mạch Đao An Tây Quân#E hướng mục tiêu nhảy chém. #Y Mạch Đao An Tây Quân#E trúng địch có thể gán cho nó hiệu quả #Y Khai Sơn#E kéo dài 5 giây: #Y Phần Thử Tâm#E và #Y An Tây Quân#E đối với mục tiêu bị gán hiệu quả này tạo thành sát thương tất sẽ hội tâm và tăng #Y10%#E sát thương hội tâm, hiệu quả #Y Khai Sơn#E trong 15 giây chỉ có thể gán 1 lần cho cùng một mục tiêu.",1,-1.0,0
10255231,Khai sơn,Tăng sát thương do #Y Phần Thử Tâm #E và #Y An Tây Quân #E gây ra.,1,5.0,0
10255232,Cô trung bất từ,"#YThập Phương Phá Trận#E Trọng Kích · Súc Lực Kỹ #YPhần Thử Tâm#E tăng số đoạn súc lực tối đa lên #Yba đoạn#E, đoạn súc lực thứ ba nhảy chém gây sát thương cao. Trong trạng thái #YThiết Y Thú Hồn#E, trong thời gian súc lực đoạn thứ ba sẽ xuất hiện #YMạch Đao An Tây Quân#E nhảy chém về phía mục tiêu. #YMạch Đao An Tây Quân#E trúng địch, bản thân nhận hiệu quả #YKhai Sơn#E kéo dài 5 giây: Sát thương do #YPhần Thử Tâm#E và #YAn Tây Quân#E gây ra chắc chắn sẽ bạo kích và tăng #Y10%#E sát thương bạo kích, hiệu quả #YKhai Sơn#E chỉ có thể nhận 1 lần trong 15 giây.",1,-1.0,1
10255233,Miễn dịch khai sơn,"Trong thời gian đó, kẻ địch không thể thêm hiệu quả #YKhai Sơn#E cho ngươi một lần nữa.",1,14.9,0
10255234,Không thể gắn Khai Sơn,Không thể thêm hiệu ứng Khai Sơn lên kẻ địch có trạng thái #Y Miễn Khai Sơn#E.,1,14.9,0
10255240,Cô trung bất từ,"#YThập Phương Phá Trận#E Trọng Kích · Súc Lực Kỹ #YPhần Thử Tâm#E tăng số đoạn súc lực tối đa lên #Yba đoạn#E, đoạn súc lực thứ ba nhảy chém gây sát thương cao. Trong trạng thái #YThiết Y Thú Hồn#E, trong thời gian súc lực đoạn thứ ba sẽ xuất hiện #YMạch Đao An Tây Quân#E nhảy chém về phía mục tiêu. #YMạch Đao An Tây Quân#E trúng địch bản thân nhận được hiệu quả #YKhai Sơn#E kéo dài 5 giây: Sát thương do #YPhần Thử Tâm#E và #YAn Tây Quân#E gây ra chắc chắn sẽ bạo kích và tăng #Y10%#E sát thương bạo kích, hiệu quả #YKhai Sơn#E trong 15 giây chỉ có thể nhận 1 lần.",1,-1.0,0
10255241,Cô Trung Bất Từ,"#YThập Phương Phá Trận#E Trọng Kích · Kỹ tụ lực #YPhần Thử Tâm#E tăng số đoạn tụ lực tối đa lên #YBa đoạn#E, đoạn tụ lực thứ ba nhảy chém gây sát thương cao. Trong trạng thái #YThiết Y Thú Hồn#E, trong thời gian tụ lực đoạn thứ ba sẽ xuất hiện #YMạch Đao An Tây Quân#E nhảy chém về phía mục tiêu. #YMạch Đao An Tây Quân#E đánh trúng kẻ địch bản thân nhận được hiệu quả #YKhai Sơn#E kéo dài 5 giây: Sát thương do #YPhần Thử Tâm#E và #YAn Tây Quân#E gây ra nhất định sẽ hội tâm và tăng #Y10%#E sát thương hội tâm, hiệu quả #YKhai Sơn#E chỉ có thể nhận được 1 lần trong vòng 15 giây.",1,-1.0,1
10255250,Cô trung bất từ,"#YThập Phương Phá Trận#E Trọng kích · Súc lực kỹ #YPhần Thử Tâm#E số súc lực tối đa tăng lên #Yba đoạn#E, súc lực đoạn thứ ba nhảy chém gây sát thương cao. Trong trạng thái #YThiết Y Thú Hồn#E, trong thời gian súc lực đoạn thứ ba sẽ xuất hiện #YMạch Đao An Tây Quân#E nhảy chém về phía mục tiêu. #YMạch Đao An Tây Quân#E trúng kẻ địch có thể thêm cho nó hiệu quả #YKhai Sơn#",1,-1.0,0
10255251,Khai Sơn,#Y Phần Thử Tâm#E và #Y An Tây Quân#E gây sát thương tăng lên.,1,8.0,0
10255252,Cô trung không từ nan,"#Y Thập Phương Phá Trận#E Trọng Kích · Kỹ năng Trọng Kích #Y Phần Thử Tâm#E tăng tối đa lên #Y ba đoạn#E, đoạn thứ ba tích lực khi nhảy chém gây sát thương lớn. Trong trạng thái #Y Thiết Y Thú Hồn#E, trong quá trình tích lực đoạn thứ ba sẽ xuất hiện #Y Mạc Đao An Tây Quân#E nhảy chém mục tiêu. #Y Mạc Đao An Tây Quân#E đánh trúng kẻ địch có thể gây hiệu ứng #Y Khai Sơn#E duy trì 8 giây: Sát thương gây ra bởi #Y Phần Thử Tâm#E và #Y An Tây Quân#E lên mục tiêu bị hiệu ứng này tăng 15%, đồng thời chắc chắn Bạo Kích và tăng #Y 10%#E sát thương Bạo Kích, hiệu ứng #Y Khai Sơn#E chỉ có thể gây lên cùng một mục tiêu 1 lần trong 15 giây.",1,-1.0,1
10255310,Xuyên Hầu Quyết,"Khi #YKhinh Kích · Kỹ năng phái sinh#E và #YĐòn đánh mạnh · Kỹ năng phái sinh#E gây sát thương, bản thân nhận hiệu ứng #YXuyên hầu#E duy trì 8 giây: Khi gây sát thương trực tiếp, bỏ qua #Y2 điểm#E kháng ngoại công của mục tiêu và tăng #Y2%#E sát thương Bạo Kích, hiệu ứng #YXuyên hầu#E tối đa cộng dồn #Y3 tầng#E.",1,-1.0,1
10255311,Xuyên Hầu,"Khi gây sát thương, bỏ qua 2 điểm kháng ngoại công của mục tiêu và tăng 2% sát thương Bạo Kích.",3,8.0,0
10255320,Xuyên Hầu Quyết,"Khi #Y Kích Nhẹ · Kỹ Năng Phái Sinh#E và #Y Kích Nặng · Kỹ Năng Phái Sinh#E gây sát thương, bản thân nhận hiệu ứng #Y Xuyên Hầu#E kéo dài 12 giây: Khi gây sát thương trực tiếp, bỏ qua #Y 2 điểm#E kháng ngoại công của mục tiêu và tăng #Y 2%#E sát thương Bạo Kích, hiệu ứng #Y Xuyên Hầu#E tối đa cộng dồn #Y 3 tầng#E.",1,-1.0,1
10255321,Xuyên hầu,"Khi gây sát thương, bỏ qua 2 điểm kháng ngoại công của mục tiêu và sát thương Bạo Kích tăng 2%.",3,12.0,0
10255330,Xuyên Hầu Quyết,"#Y Khinh Kích · Kỹ năng phái sinh#E và #Y Đòn đánh mạnh · Kỹ năng phái sinh#E gây sát thương, bản thân nhận hiệu ứng #Y Xuyên hầu#E duy trì 12 giây: Khi gây sát thương trực tiếp, bỏ qua #Y 2 điểm#E kháng ngoại công của mục tiêu và tăng #Y 2%#E sát thương Bạo Kích, hiệu ứng #Y Xuyên hầu#E tối đa cộng dồn #Y 3 tầng#E. #Y Xuyên hầu#E tăng thêm cho #Y Khinh Kích · Kỹ năng phái sinh#E và #Y Đòn đánh mạnh · Kỹ năng phái sinh#E.",1,-1.0,1
10255331,Xuyên hầu,"Khi gây sát thương, bỏ qua 2 điểm kháng ngoại công của mục tiêu và tăng 2% sát thương Bạo Kích, có hiệu quả tăng cường khi sử dụng #Y Khinh Kích · Kỹ Năng Phái Sinh#E và #Y Đòn Đánh Mạnh · Kỹ Năng Phái Sinh#E.",3,12.0,0
10255332,Xuyên hầu,"Khi gây sát thương, bỏ qua 2 điểm kháng ngoại công của mục tiêu và tăng 2% sát thương Bạo Kích, có thêm hiệu quả khi sử dụng #Y Kích Nhẹ · Kỹ Năng Phái Sinh#E và #Y Kích Mạnh · Kỹ Năng Phái Sinh#E.",3,12.0,0
10255340,Xuyên Hầu Quyết,"Khi #YKhinh Kích · Phái Sinh Kỹ#E và #YTrọng Kích · Phái Sinh Kỹ#E gây sát thương, bản thân nhận hiệu ứng #YXuyên Hầu#E kéo dài 12 giây: Khi gây sát thương trực tiếp, bỏ qua #Y2 điểm#E kháng ngoại công của mục tiêu và tăng #Y2%#E sát thương Bạo Kích, hiệu ứng #YXuyên Hầu#E tối đa cộng dồn #Y5 tầng#E. #YXuyên Hầu#E tăng thêm cho #YKhinh Kích · Phái Sinh Kỹ#E và #YTrọng Kích · Phái Sinh Kỹ#E.",1,-1.0,1
10255341,Xuyên hầu,"Khi gây sát thương, bỏ qua 2 điểm kháng ngoại công của mục tiêu và tăng 2% sát thương Bạo Kích, có thêm hiệu quả khi sử dụng #Y Khinh Kích · Kỹ Năng Phái Sinh#E và #Y Đòn Đánh Mạnh · Kỹ Năng Phái Sinh#E.",5,12.0,0
10255342,Xuyên hầu,"Khi gây sát thương, bỏ qua 2 điểm kháng ngoại công của mục tiêu và tăng 2% sát thương Bạo Kích, có thêm hiệu quả khi sử dụng #Y Kích Nhẹ · Kỹ Năng Phái Sinh#E và #Y Kích Mạnh · Kỹ Năng Phái Sinh#E.",5,12.0,0
10255350,Xuyên Hầu Quyết,"Khi #Y Khinh Kích · Kỹ Năng Phái Sinh#E và #Y Đòn Đánh Mạnh · Kỹ Năng Phái Sinh#E gây sát thương, bản thân nhận hiệu ứng #Y Xuyên Hầu#E duy trì 12 giây: Khi gây sát thương trực tiếp, bỏ qua #Y 2 điểm#E kháng ngoại công của mục tiêu và tăng #Y 2%#E sát thương Bạo Kích, hiệu ứng #Y Xuyên Hầu#E tối đa cộng dồn #Y 5 tầng#E. #Y Xuyên Hầu#E tăng thêm cho #Y Khinh Kích · Kỹ Năng Phái Sinh#E và #Y Đòn Đánh Mạnh · Kỹ Năng Phái Sinh#E. Thành công #Y Giải Thế#E, nhận 5 tầng #Y Xuyên Hầu#E, tối đa kích hoạt mỗi 20 giây một lần.",1,-1.0,1
10255410,Liêu Nguyên Đạp,"Bản thân ở trạng thái #YCường Nhẫn#E, tất cả sát thương gây ra tăng #Y4%#E, và xung quanh #Y3#E mét, mỗi khi có một kẻ địch còn sống tăng thêm #Y1%#E sát thương, tối đa tăng thêm #Y3%#E.",1,-1.0,1
10255420,Liêu Nguyên Đạp,"Khi ở trạng thái #YCường Tráng#E, tất cả sát thương gây ra tăng #Y4%#E, và xung quanh #Y5#E mét có một kẻ địch còn sống sẽ tăng thêm #Y1%#E sát thương, tối đa tăng thêm #Y3%#E.",1,-1.0,1
10255430,Liêu Nguyên Đạp,"Khi bản thân ở trạng thái #YCường Nhận#E, tất cả sát thương gây ra sẽ tăng #Y4%#E, đồng thời nhận được hiệu quả giảm sát thương #Y4%#E, và cứ mỗi kẻ địch còn sống trong phạm vi #Y5#E mét, hiệu ứng tăng và giảm sát thương sẽ tăng thêm #Y1%#E, tối đa tăng thêm #Y3%#E.",1,-1.0,1
10255440,Liêu Nguyên Đạp,"Khi bản thân ở trạng thái #YCường Trấn#E, nhận được hiệu quả #Y3%#E hút máu, tất cả sát thương gây ra tăng #Y4%#E, đồng thời nhận được hiệu quả #Y4%#E giảm sát thương, và xung quanh #Y5#E mét, mỗi khi có một kẻ địch còn sống, tăng sát thương và giảm sát thương đều tăng thêm #Y1%#E, tối đa tăng thêm #Y3%#E.",1,-1.0,1
10255450,Liêu Nguyên Đạp,"Khi bản thân ở trạng thái #Y cường tráng#E, nhận được hiệu quả #Y hút máu 3%#E, gây ra tất cả sát thương tăng #Y4%#E, đồng thời nhận được hiệu quả #Y giảm sát thương 4%#E, và cứ mỗi #Y5#E mét xung quanh có một kẻ địch còn sống, tăng sát thương và giảm sát thương đều tăng thêm #Y1.5%#E, tối đa tăng thêm #Y4.5%#E.",1,-1.0,1
11200002,Vũ khí ẩn,,1,-1.0,0
11200003,Thanh máu nhỏ ẩn,,1,-1.0,0
11200004,Giảm oxy,,1,-1.0,0
11200005,Thay đổi thuộc tính vật lý của chủ sở hữu,,1,-1.0,0
11200006,Hiệu ứng Biến thân Đại Nga,,1,-1.0,0
15000001,Liêm Đạo Tử,BUFF tạm thời,1,-1.0,0
15000002,Liêm Đạo Tử,BUFF tạm thời,1,-1.0,0
15000003,Liêm Đạo Tử,BUFF tạm thời,1,-1.0,0
15000004,Liêm Đạo Tử,Tạm thời BUFF,1,-1.0,0
15000005,Liêm Đạo Tử,BUFF tạm thời,1,-1.0,0
15000006,Liêm Đạo Tử,BUFF tạm thời,1,-1.0,0
15000008,Liêm Đạo Tử,BUFF tạm thời,1,-1.0,0
15000009,Liêm Đạo Tử,BUFF tạm thời,1,-1.0,0
15000010,Liêm Đạo Tử,BUFF tạm thời,1,-1.0,0
15000011,Liêm Đạo Tử,Bảng thưởng · Trần Giai Vỹ,1,-1.0,0
15000012,Liêm Đạo Tử,BUFF tạm thời,1,-1.0,0
15000013,Liêm Đạo Tử,BUFF Tạm Thời,1,-1.0,0
15000014,Liêm Đạo Tử,BUFF tạm thời,1,-1.0,0
15000015,Liêm Đạo Tử,BUFF tạm thời,1,-1.0,0
15000016,Liêm Đạo Tử,BUFF tạm thời,1,-1.0,0
15000017,Liêm Đạo Tử,BUFF tạm thời,1,-1.0,0
15000018,Liêm Đạo Tử,BUFF tạm thời,1,-1.0,0
15000030,Giang Vô Lãng,Lâm thì BUFF,1,-1.0,0
15000031,Tiểu Thiếu Đông Gia,BUFF tạm thời,1,-1.0,0
21000001,Thuộc tính Tâm Pháp,TC Ngoại Công tối thiểu +10,1,-1.0,0
21000011,Thuộc tính Tâm Pháp,Tấn công +10,1,-1.0,0
21000021,Thuộc tính Tâm Pháp,Phòng ngự +3,1,-1.0,0
21000031,Thuộc tính Tâm Pháp,Khí huyết +100,1,-1.0,0
21000041,Thuộc tính Tâm Pháp,Tấn công +15,1,-1.0,0
21000051,Thuộc tính Tâm Pháp,Phòng ngự +5,1,-1.0,0
21000061,Thuộc tính Tâm Pháp,Khí huyết +150,1,-1.0,0
21000071,Thuộc tính Tâm Pháp,Tấn công +20,1,-1.0,0
21000081,Thuộc tính Tâm Pháp,Phòng ngự +8,1,-1.0,0
21000091,Thuộc Tính Tâm Pháp,Khí huyết +200,1,-1.0,0
21000101,Thuộc tính Tâm Pháp,Sát thương kỹ năng chủ động +15%,1,-1.0,0
21000111,Thuộc tính Tâm Pháp,Sát thương Kỹ năng đặc biệt +18%,1,-1.0,0
21000121,Thuộc tính tâm pháp,Sát thương Kỹ năng Trọng Kích +15%,1,-1.0,0
21000131,Thuộc Tính Tâm Pháp,Sát thương Đòn Nặng/Nhẹ +18%,1,-1.0,0
21000151,Thuộc tính Tâm Pháp,Hiệu quả trị liệu +18%,1,-1.0,0
21000161,Quy Yến Kinh,"Khi thi triển Tuyệt Kỹ Khí Kiệt, có thể hồi phục 50% khí huyết bản thân dựa trên lượng sát thương gây ra.",1,-1.0,0
21000171,Mười bước giết một người,"Khi đánh bại người chơi, hồi phục 40 điểm tinh nguyên.",1,-1.0,0
21000181,Lăng Vân,Khoảng cách di chuyển tối đa của Lăng Vân Đạp tăng 20%.,1,-1.0,0
21000191,Sát sinh chồng nghiệp,"Khi đánh bại người chơi, bản thân nhận được 3% hút máu duy trì, tối đa cộng dồn 5 lần.",1,-1.0,0
21000192,Sát Sinh Điệp Nghiệt,"Nhận được 3% Hấp Huyết, tối đa có thể cộng dồn 5 tầng.",5,-1.0,0
21000201,Tử địa hậu sinh,"Khi khí huyết dưới 60%, tấn công tăng 10%; khi khí huyết dưới 30%, tấn công tăng 20%.",1,-1.0,0
21000202,Tử địa hậu sinh,"Khi khí huyết dưới 60%, tấn công tăng 10%.",1,-1.0,0
21000203,Tử Địa Hậu Sinh,"Khi Khí Huyết dưới 30%, tấn công tăng thêm 10%.",1,-1.0,0
21000211,Yến Phi,"Khi thi triển Kỹ Năng Kết Liễu Khí Kiệt, gây thêm 15% sát thương, đồng thời còn giúp bản thân hồi đầy Chân Khí.",1,-1.0,0
21000221,Ngàn dặm không lưu dấu chân,"Khi đánh bại người chơi, hồi phục 60 điểm Tinh Nguyên, và tất cả kỹ năng Kỳ Thuật lập tức hoàn thành hồi chiêu.",1,-1.0,0
21000231,Đạp Phong,"Khi Lăng Vân Đạp trúng địch, hoàn trả 50% thời gian hồi chiêu",1,-1.0,0
21000241,Nhân Quả Do Dự,"Khi đánh bại người chơi, tăng 20% Tấn công bản thân, giảm 5% phòng ngự, duy trì 75 giây.",1,-1.0,0
21000242,Nhân quả tuần hoàn,"Tăng 20% tấn công bản thân, nhưng giảm 5% phòng ngự, duy trì 75 giây.",1,75.0,0
21000243,Hồi phục Tinh Nguyên,,1,1.0,0
21000244,Tăng cường công thủ,Tăng 15% tấn công và phòng ngự.,1,120.0,0
21000245,Hồi Nại cường hóa,Tăng 50% hồi phục thể lực tự nhiên.,1,120.0,0
21000246,Giảm miễn sát thương Chân Khí,Giảm 40% sát thương Chân Khí phải chịu.,1,120.0,0
21000250,Thiên Công · Hỏa Cơ Đáy,,1,-1.0,0
21000251,Thiên Công · Hỏa,"Gây sát thương tăng 18%, khi gây sát thương trực tiếp sẽ thêm hiệu ứng thiêu đốt cho mục tiêu, và bản thân có xác suất gây sát thương nổ cho mục tiêu đang thiêu đốt. Thiêu đốt: Mỗi giây trừ 0.3% giá trị Khí Huyết tối đa, duy trì 6 giây.",1,-1.0,0
21000260,Thiên Công · Thủy Cơ Để,,1,-1.0,0
21000261,Thiên Công · Thủy,"Gây sát thương và trị liệu đều tăng 10%, gây sát thương trực tiếp sẽ thêm hiệu quả trì trệ cho mục tiêu, và mỗi lần tấn công hoặc trị liệu đơn vị người chơi có thể hồi phục thêm 2 điểm tinh nguyên, khoảng thời gian kích hoạt là 2 giây. Trì trệ: gây sát thương giảm 8%, duy trì 12 giây.",1,-1.0,0
21000270,Thiên Công · Độc Cơ Để,,1,-1.0,0
21000271,Thiên Công · Độc,"Gây sát thương tăng 12%, sát thương Chân Khí gây ra tăng thêm 10%, mỗi lần tấn công sẽ gắn hiệu ứng trúng độc cho mục tiêu, và khi xử tử đơn vị người chơi bị trúng độc, có thể gây thêm 3% sát thương Khí Huyết tối đa. Trúng độc: Mỗi giây trừ 0.9 điểm Chân Khí, kéo dài 6 giây.",1,-1.0,0
21000272,Thiên Công · Nhuận Trạch Thủy,"Gây hiệu quả trị liệu trực tiếp có thể hồi phục 0.8 điểm tinh nguyên, thời gian kích hoạt cách nhau 3 giây. Khi bị kẻ địch tấn công, thành công gỡ thế/ né tránh hoàn hảo/ chịu sát thương đều có thể nhận được hiệu quả 【Phi Công · Mặc Thủ】. Nếu trong thời gian không có hiệu quả 【Phi Công · Mặc Thủ】 gây sát thương cho người khác, thì sẽ nhận được hiệu quả 【Vô Đấu】, mỗi giây trừ 1 điểm chân khí của bản thân.",1,40.0,0
21000273,Thiên Công · Vấn Tâm Độc,"Gây sát thương Chân Khí tăng 4%. Khi bị đối phương tấn công, thành công gỡ thế/ né tránh hoàn mỹ/ chịu sát thương đều có thể nhận được hiệu quả 【Phi Công · Mặc Thủ】. Nếu trong thời gian không có hiệu quả 【Phi Công · Mặc Thủ】 gây sát thương cho người khác, thì sẽ nhận được hiệu quả 【Vô Đấu】, mỗi giây khấu trừ 1 điểm Chân Khí của bản thân.",1,40.0,0
21000274,Thiên công · Chế luyện hỏa,"Gây sát thương Khí Huyết tăng thêm 0.4%. Khi chịu công kích của địch, gỡ thế thành công/hoàn mỹ né tránh/chịu sát thương đều có thể nhận được hiệu quả 【Phi Công · Mặc Thủ】. Nếu trong thời gian không có hiệu quả 【Phi Công · Mặc Thủ】 gây sát thương cho người khác, thì sẽ nhận được hiệu quả 【Vô Đấu】, mỗi giây khấu trừ 1 điểm Chân Khí của bản thân.",1,40.0,0
21000275,Thiên Công · Vấn Tâm Độc,"Gây thêm 4% sát thương Chân Khí. Khi bị địch tấn công, thành công gỡ thế/ né tránh hoàn mỹ/ chịu sát thương đều có thể nhận được hiệu quả 【Phi Công · Mặc Thủ】. Nếu trong thời gian không có hiệu quả 【Phi Công · Mặc Thủ】 gây sát thương cho người khác, sẽ nhận được hiệu quả 【Vô Đấu】, mỗi giây trừ 1 điểm Chân Khí của bản thân.",1,40.0,0
21000276,Thiên Công · Chú Luyện Hỏa,"Gây sát thương Khí Huyết tăng 0.4%. Khi bị đối phương tấn công, thành công gỡ thế/ né tránh hoàn mỹ/ chịu sát thương đều có thể nhận được hiệu quả 【Phi Công · Mặc Thủ】. Nếu trong thời gian không có hiệu quả 【Phi Công · Mặc Thủ】 gây sát thương cho người khác, thì sẽ nhận được hiệu quả 【Vô Đấu】, mỗi giây khấu trừ 1 điểm Chân Khí của bản thân.",1,40.0,0
21000277,Thiên Công · Nhuận Trạch Thủy,"Gây hiệu quả trị liệu trực tiếp có thể hồi 0.8 điểm tinh nguyên, thời gian kích hoạt cách nhau 3 giây. Khi bị kẻ địch tấn công, thành công gỡ thế/ né tránh hoàn mỹ/ chịu sát thương đều có thể nhận được hiệu quả 【Phi Công·Mặc Thủ】. Nếu trong thời gian không có hiệu quả 【Phi Công·Mặc Thủ】 gây sát thương cho người khác, sẽ nhận được hiệu quả 【Vô Đấu】, mỗi giây khấu trừ 1 điểm chân khí của bản thân.",1,40.0,0
21000278,Phi Công·Mặc Thủ,Phi Công · Mặc Thủ,1,-1.0,0
21000279,Vô Đấu,Mỗi giây giảm 1 điểm chân khí.,1,10.0,0
21000300,Minh Kim · Quan ải Hồng Quan,,1,-1.0,0
21000301,Phá Trúc · Phản thương ải Phong Quan,,1,0.6,0
21000302,Liệt Thạch · Uy Quan ải,,1,-1.0,0
21000303,Phá Trúc · Phong Quan Khảm Huyết,,1,-1.0,0
21000304,Minh Kim · Ảnh,,1,-1.0,0
21000305,Chảy máu,Hiệu ứng chảy máu.,12,600.0,0
21000306,Định Thân,"Bị định thân, không thể di chuyển hoặc sử dụng hầu hết kỹ năng",1,8.0,0
21000307,Dễ thương tổn,Tăng 20% khi nhận sát thương.,1,8.0,0
21000308,Hấp Thụ Khí Huyết,Nhận được 25% hút sinh lực.,1,8.0,0
21000309,Hiệu suất nhận Tinh Nguyên tăng,,1,-1.0,0
21000310,Miễn tử,,1,-1.0,0
21000311,"Khi Khí Huyết đầy lại, làm mới Khí Huyết và kích hoạt al",,1,-1.0,0
21000312,Thanh lọc khí huyết và kích hoạt al,,1,5.0,0
21000313,"Khi khí huyết hồi đầy, thanh lọc khí huyết và kích hoạt al",,1,-1.0,0
21000314,Thanh lọc khí huyết và kích hoạt al,,1,5.0,0
21000315,"Khi Khí Huyết đầy lại, làm mới Khí Huyết và kích hoạt al",,1,-1.0,0
21000316,Thanh lọc khí huyết và kích hoạt al,,1,5.0,0
21000317,"Khi Khí Huyết hồi đầy, thanh lọc Khí Huyết và kích hoạt al",,1,-1.0,0
21000318,"Khi nhận trị liệu Bạo Kích, kích hoạt al",,1,-1.0,0
21000319,Thanh lọc khí huyết và kích hoạt al,,1,5.0,0
21000320,al kích hoạt khi nhận trị liệu Bạo Kích,,1,5.0,0
21000321,Dễ bị thương,Tăng 15% sát thương nhận vào.,1,8.0,0
21000350,Gây thêm sát thương,Gây sát thương gia tăng,100,-1.0,0
21000351,Toàn thuộc tính tấn công cộng thêm,Toàn thuộc công cộng thêm,100,-1.0,0
21000352,Khí Huyết gia thành,Bảng thưởng-Phó Trạch Vũ,100,-1.0,0
21000353,Giảm sát thương phải chịu,Giảm miễn sát thương,100,-1.0,0
21000354,Giảm miễn sát thương của tường người Đại Nga địch phương,Sát thương tường người ngỗng giảm,100,-1.0,0
21000355,Cộng thêm sát thương tường người Đại Nga,Sát thương tăng thêm của Ngỗng Lớn,100,-1.0,0
21000356,Miễn trừ sát thương khi khiêng cây phát tài,Vận chuyển cây phát tài giảm sát thương,100,-1.0,0
21000357,Tăng sát thương trung lập của gà ném bom,Tăng thêm sát thương trung lập của gà nổ,100,-1.0,0
21000358,Tường người Khí Huyết hồi phục,Hồi phục Khí Huyết người tường,100,-1.0,0
21000359,Giảm sát thương,"Gần người tường, cứ mỗi một hữu phương, có thể nhận được 10% giảm sát thương, cao nhất cộng dồn 5 tầng.",5,-1.0,0
21000360,Giảm sát thương,"Mỗi khi có một hữu phương ở gần đại nga, có thể nhận được 2% giảm sát thương, cộng dồn tối đa 15 tầng.",15,-1.0,0
21000361,Đoạn Cân Thác Cốt,"Đoạn Cân Thác Cốt, trong một khoảng thời gian không thể sử dụng chạy nước rút và nhảy, đồng thời giảm 50% tốc độ di chuyển.",1,5.0,0
21000362,Tăng cường Hội Tâm,,1,-1.0,0
21000363,Tăng cường Hội Ý,,1,-1.0,0
21000364,Cộng thêm sát thương thuộc tính,,1,-1.0,0
21000365,Sát thương thuộc tính cộng thêm,,1,-1.0,0
21000366,Tăng cường khinh trọng kích,,1,-1.0,0
21000367,Tăng cường kỹ năng đặc biệt,,1,-1.0,0
21000368,Tăng sát thương Kỹ năng Súc Lực,,1,-1.0,0
21000369,Kỳ thuật tăng thương,,1,-1.0,0
21000370,Tăng sát thương Kỳ Thuật,,1,-1.0,0
21000371,Tăng ích võ học kỹ,,1,-1.0,0
21000372,Chảy máu tăng thương,,1,-1.0,0
21000373,Tăng cường lá chắn,,1,-1.0,0
21000374,Chiến ý cao ngất,,1,-1.0,0
21000375,Kháng tính cộng thêm,,1,-1.0,0
21000376,Kháng Hội Ý Hội Tâm,,1,-1.0,0
21000377,Phổ công đối T tăng thương,,1,-1.0,0
21000378,Cộng thêm Ngũ Âm của Võ Khố,,1,-1.0,0
21000379,Toàn thuộc công kháng tính,,1,-1.0,0
21000380,Tăng sát thương,"Gần tường người mỗi khi có một địch phương hoặc hữu phương người chơi, có thể nhận được 2% sát thương tăng thêm, cao nhất cộng dồn 15 tầng.",15,-1.0,0
21000381,Dấu ấn Tử Vong,"Hồi sinh đang trong thời gian hồi chiêu, không thể được Minh Xuyên Dược Điển hồi sinh lần nữa",1,60.0,0
21000500,Tần Xuyên quái vật đánh dấu,,1,-1.0,0
21000501,Thiên Công Thủy Đống Kết Thiên Phú 1,,1,-1.0,0
21000502,Hàn ý,"Đơn vị Lương Châu sau khi chịu sát thương kèm theo 【Thiên Công Khai Vật · Thủy】, sẽ nhận hiệu quả Hàn Ý, chịu sát thương loại này tăng 5%. Tích lũy đến 5 tầng sẽ còn tiến vào trạng thái Đóng Băng.",5,10.0,0
21000503,Đóng băng,"Bị đóng băng, không thể hành động, trong thời gian này chịu sát thương kèm theo 【Thiên Công Khai Vật · Thủy】 tăng 10%。",1,4.0,0
21000504,Thiên Công Thủy đóng băng thiên phú 2,,1,-1.0,0
21000505,Cường hóa Thực phẩm,,1,-1.0,0
21000506,Cường hóa Phù Thiếp,,1,-1.0,0
21000507,Rèn đúc bạo kích,,1,-1.0,0
21000508,Giảm miễn Sát thương Xử Quyết,,1,-1.0,0
21000509,Kỳ thuật cải tạo,,1,-1.0,0
21001001,Minh Kim · Hồng Thường Trú 1,"Khi né tránh, hóa giải thành công, hoặc gây ra bất kỳ sát thương trực tiếp nào sẽ cộng dồn một tầng buff Suy Yếu lên boss",1,-1.0,0
21001002,Minh Kim · Ảnh Thường Trú 1,"Khi né tránh, hóa giải thành công, hoặc gây ra bất kỳ sát thương trực tiếp nào sẽ cộng thêm một tầng buff Suy Yếu lên boss",1,-1.0,0
21001003,Liệt Thạch · Uy Thường Trú 1,"Khi né tránh, hóa giải thành công, gây ra bất kỳ sát thương trực tiếp nào sẽ cộng thêm một tầng buff Suy Yếu cho boss",1,-1.0,0
21001004,Khiên Ti · Ngọc Thường Trú 1,"Khi né tránh, hóa giải thành công, hoặc gây ra bất kỳ sát thương trực tiếp nào sẽ cộng dồn một tầng buff Suy Yếu lên boss",1,-1.0,0
21001005,Khiên Ti · Lâm Thường Trú 1,"Khi né tránh, hóa giải thành công, gây ra bất kỳ sát thương trực tiếp nào sẽ cộng dồn một tầng buff Suy Yếu lên boss",1,-1.0,0
21001006,Phá Trúc · Phong thường trú 1,"Khi né tránh, hóa giải thành công, gây ra bất kỳ sát thương trực tiếp nào, sẽ cộng dồn một tầng hiệu ứng suy yếu cho boss",1,-1.0,0
21001007,Phá Trúc · Trần Thường Trú 1,"Khi né tránh, hóa giải thành công, hoặc gây bất kỳ sát thương trực tiếp nào sẽ cộng dồn một tầng buff Suy Yếu lên boss",1,-1.0,0
21001011,Minh Kim · Hư Nhược,Suy nhược,35,-1.0,0
21001012,Minh Kim · Ảnh,Suy nhược,35,-1.0,0
21001013,Liệt Thạch · Suy yếu,Suy nhược,35,-1.0,0
21001014,Khiên Ti · Ngọc Hư Nhược,Suy Yếu,35,-1.0,0
21001015,Khiên Ti · Lâm Suy Yếu,Suy nhược,35,-1.0,0
21001016,Phá Trúc · Phong Suy Nhược,Suy nhược,35,-1.0,0
21001017,Phá Trúc · Trần Suy Nhược,Suy nhược,35,-1.0,0
21001021,Minh Kim · Đánh dấu suy nhược đơn người của Hồng,Suy nhược,1,-1.0,0
21001022,Minh Kim · Ảnh Đánh Dấu Suy Yếu Đơn Nhân,Suy nhược,1,-1.0,0
21001023,Liệt Thạch · Uy Đánh Dấu Suy Yếu Đơn Người,Suy nhược,1,-1.0,0
21001024,Khiên Ti · Ngọc Đánh Dấu Suy Yếu Đơn Người,Suy Nhược,1,-1.0,0
21001025,Khiên Ti · Lâm dấu hiệu suy yếu đơn nhân,Suy yếu,1,-1.0,0
21001026,Phá Trúc · Phong đơn nhân suy nhược ký hiệu,Suy nhược,1,-1.0,0
21001027,Phá Trúc · Đánh dấu Suy Yếu đơn người của Trần,Suy nhược,1,-1.0,0
21001031,Minh Kim · Đánh dấu suy nhược cho Hồng,Suy yếu,1,-1.0,0
21001032,Minh Kim · Đánh dấu suy nhược của Ảnh Nhân,Suy nhược,1,-1.0,0
21001033,Liệt Thạch · Uy dấu ấn suy nhược hai người,Suy nhược,1,-1.0,0
21001034,Khiên Ti · Dấu hiệu suy yếu của Ngọc Nhân,Suy nhược,1,-1.0,0
21001035,Khiên Ti · Lâm · Dấu ấn suy yếu của hai người,Hư nhược,1,-1.0,0
21001036,Phá Trúc · Đánh dấu suy yếu của hai người Phong,Suy nhược,1,-1.0,0
21001037,Phá Trúc · Đánh tan hai người bị đánh dấu suy yếu,Suy nhược,1,-1.0,0
21001041,Minh Kim · Đánh dấu suy yếu Tam Nhân Hồng,Suy nhược,1,-1.0,0
21001042,Minh Kim · Đánh dấu suy yếu cho ba bóng người,Suy nhược,1,-1.0,0
21001043,Liệt Thạch · Uy dấu hiệu suy yếu của ba người,Suy nhược,1,-1.0,0
21001044,Đánh dấu Suy Yếu của Tam Nhân Tơ Lụa,Suy nhược,1,-1.0,0
21001045,Khiên Ti · Đánh dấu suy yếu cho ba người,Suy nhược,1,-1.0,0
21001046,Phá Trúc · Đánh dấu Suy Yếu cho ba người,Suy nhược,1,-1.0,0
21001047,Phá Trúc: Đánh dấu Suy Yếu cho ba kẻ địch,Suy nhược,1,-1.0,0
21001051,Minh Kim · Hồng · Đánh dấu suy yếu cho bốn người,Suy nhược,1,-1.0,0
21001052,Minh Kim · Đánh dấu suy nhược cho bốn người Ảnh,Suy Yếu,1,-1.0,0
21001053,Liệt Thạch · Đánh dấu suy yếu cho 4 người,Suy Yếu,1,-1.0,0
21001054,Khiên Ti · Dấu hiệu Suy yếu Tứ nhân Ngọc,Suy nhược,1,-1.0,0
21001055,Khiên Ti · Lâm bốn người đánh dấu suy yếu,Suy nhược,1,-1.0,0
21001056,Phá Trúc · Phong Tứ Nhân Suy Yếu Đánh Dấu,Suy nhược,1,-1.0,0
21001057,Phá Trúc · Đánh dấu suy yếu Tứ Nhân,Suy nhược,1,-1.0,0
21001061,Minh Kim · Đánh dấu suy yếu tổ đội năm người,Hư Nhược,1,-1.0,0
21001062,Minh Kim · Ảnh Tháp Phái Ngũ nhân suy nhược ký hiệu,Suy nhược,1,-1.0,0
21001063,Liệt Thạch · Uy Đánh Dấu Suy Yếu Ngũ Nhân,Hư nhược,1,-1.0,0
21001064,Dây Tơ · Đánh dấu suy yếu tổ đội Ngọc Ngũ Nhân,Suy nhược,1,-1.0,0
21001065,Khiên Ti · Lâm · Dấu ấn suy yếu cho 5 người,Suy nhược,1,-1.0,0
21001066,Phá Trúc · Đánh dấu suy yếu cho 5 người Phong,Suy nhược,1,-1.0,0
21001067,Phá Trúc · Đánh dấu Suy Yếu của Trần Ngũ nhân,Suy nhược,1,-1.0,0
21001071,Tiếng Cồng Chiêu Quân · Thủ lĩnh Hồng suy yếu,Suy nhược,1,20.0,0
21001072,Minh Kim · Ảnh,Suy nhược,1,20.0,0
21001073,Liệt Thạch · Uy Thủ Lĩnh Suy Yếu,Suy nhược,1,20.0,0
21001074,Khiên Ti · Thủ lĩnh Ngọc suy yếu,Suy Yếu,1,20.0,0
21001075,Khiên Ti · Thủ lĩnh Lâm suy nhược,Suy nhược,1,20.0,0
21001076,Phá Trúc · Thủ lĩnh Phong suy yếu,Suy nhược,1,20.0,0
21001077,Phá Trúc · Thủ lĩnh Bụi suy yếu,Hư nhược,1,20.0,0
21001081,Hoạt động Tết Lao Động Suy Yếu Kết Thúc Tiêu Hủy Bùng Phát,"Suy yếu kết thúc, hủy bỏ hiệu ứng bạo phát",1,1.0,0
21001082,Thủ lĩnh thường trú chung,"Vào chiến đấu kích hoạt al để lấy số lượng người gần đó, nếu nhận được Suy Yếu thì phát sự kiện",1,-1.0,0
21001083,Thủ lĩnh tiến vào chiến đấu kích hoạt AL,,1,2.0,0
21001084,Dấu hiệu buff Thủ lĩnh AL,,1,-1.0,0
21001085,Kéo dài thời gian hồi chiêu của dấu ấn suy yếu,,1,32.0,0
21001086,Điều chỉnh giá trị độ khó đơn giản,,1,-1.0,0
21001087,Điều chỉnh số liệu độ khó Đơn giản · Khiên Ti Lâm,,1,-1.0,0
21001088,Điều chỉnh số liệu độ khó Khó,,1,-1.0,0
21001089,Điều chỉnh số liệu độ khó Khó · Khiên Ti Lâm,,1,-1.0,0
21001091,Minh Kim · Thủ lĩnh Hồng Thường trú,,1,-1.0,0
21001092,Minh Kim · Thủ lĩnh Ảnh Thường trú,,1,-1.0,0
21001093,Liệt Thạch · Uy Thủ lĩnh thường trú,,1,-1.0,0
21001094,Mộc Tơ · Thủ lĩnh Ngọc thường trú,,1,-1.0,0
21001095,Khiên Ti · Thủ lĩnh Lâm thường trú,,1,-1.0,0
21001096,Phá Trúc · Thủ lĩnh Phong thường trú,,1,-1.0,0
21001097,Phá Trúc · Thủ lĩnh Trần Thường trú,,1,-1.0,0
21001101,Minh Kim · Hồng thủ lĩnh nhận được số người trên sân,,5,-1.0,0
21001102,Minh Kim · Ảnh Tháp Phái Thủ lĩnh nhận số lượng người trên sân,,5,-1.0,0
21001103,Liệt Thạch · Uy nhận số lượng người chơi trên sân,,5,-1.0,0
21001104,Khiên Ti · Ngọc Thủ lĩnh nhận số người trên sân,,5,-1.0,0
21001105,Khiên Ti · Lâm Thủ lĩnh nhận số người trên sân,,5,-1.0,0
21001106,Phá Trúc · Thủ lĩnh Phong nhận số lượng người trên sân,,5,-1.0,0
21001107,Phá Trúc · Thu thập số người trên sân của Trưởng Lão,,5,-1.0,0
21001201,Minh Kim · Hồng Thường Trú 2,Vô Danh Thương Pháp trúng đích có thể kéo dài thời gian bộc phát 2 giây,1,-1.0,0
21001202,Minh Kim · Ảnh Tháp Phái Thường Trú 2,Kỹ năng võ học Cửu Khúc Kinh Thần Thương trúng địch có thể kéo dài thời gian bộc phát thêm 2 giây,1,-1.0,0
21001203,Liệt Thạch · Uy Thường Trú 2,Kỹ năng tích nộ Bát Phương Phong Lôi Thương nếu đánh trúng có thể kéo dài thời gian bùng nổ 2 giây,1,-1.0,0
21001204,Khiên Ti · Ngọc Thường Trú 2,Thanh Sơn Chấp Bút kỹ năng đặc biệt trúng đích có thể kéo dài thời gian bộc phát 2 giây,1,-1.0,0
21001205,Khiên Ti · Lâm Thường Trú 2,"Nhận buff bùng nổ, bản thân nhận được ô dù hồi máu tự động",1,-1.0,0
21001206,Phá Trúc · Phong Thường Trú 2,Võ học Túc Tử Du Trần trúng đích có thể kéo dài thời gian bộc phát 2 giây,1,-1.0,0
21001207,Phá Trúc · Trần Thường Trú 2,Kỹ năng đặc biệt của Túc Tử Hành Vân trúng đích có thể kéo dài thời gian bộc phát 2 giây,1,-1.0,0
21001208,Liệt Thạch · Uy thường trú 3,,1,-1.0,0
21002001,Thiên Lôi Khai Ngộ · Hồng,"Vô Danh Kiếm Pháp, #Y Kỹ năng đặc biệt Thoái Dịch Hữu Phương\""#E và #Y Kỹ năng phái sinh \""Kiếm Đột Tiến\""#E đều có thể nhận được hiệu ứng cường hóa #Y Khí Ung#E, khiến Kỹ năng Trọng Kích lần sau \""Vô Dĩ Vi Gia\"" có thể phóng thêm nhiều luồng kiếm khí.\""",1,15.0,0
21002002,Thiên Lôi Khai Ngộ · Ảnh,"""Tích Cự Cửu Kiếm #Y Kỹ năng đặc biệt Tam Thứ Cân Hành Pháp\""#E giảm 60% tiêu hao thể lực.",1,15.0,0
21002003,Lôi ngộ thiên kiếp · Uy,"""Kỹ năng Trọng Kích đao pháp #Y Sơn Băng Địa Liệt\""#E có thể lập tức hoàn thành ba cấp độ tích lực.",1,15.0,0
21002004,Thiên Lôi Khai Ngộ · Ngọc,"""Thời gian hồi chiêu của #Y Tuyệt Kỹ Xuân Tận Sơn Không\""#E giảm 9 giây, và sát thương của #Y \""Phù Không Truy Kích\""#E tăng 40%.",1,15.0,0
21002005,Thiên Lôi Khai Ngộ · Lâm,"Khi sinh lực của Du Hiệp #Y hồi phục về 100%#E, sẽ tự động chuyển hóa sinh lực thành hộ thuẫn, khi chuyển hóa lặp lại, hộ thuẫn sẽ được làm mới về mức tối đa. Đồng thời mỗi lần chuyển hóa sẽ khiến Càn Hương Dẫn Hồn Cổ #Y Kỹ năng đặc biệt Thiên Thập Dư Âm\""#E có thêm một sợi #Y \""Khiên Ti Lưu Diễm\""#E, #Y \""Khiên Ti Lưu Diễm\""#E tối đa tồn tại 6 sợi cùng lúc, mỗi sợi đều có thể tấn công kẻ địch theo quỹ đạo độc đáo gây ra sát thương lớn.\""",1,15.0,0
21002006,Thiên Lôi Khai Ngộ · Phong,"""Túc Tử Du Trần #Y Kỹ năng đặc biệt Thử Truy Mệnh\""#E được cường hóa, sát thương của chuột được triệu hồi tăng lên——Chuột Chuột, nổi giận rồi!",1,15.0,0
21002007,Thiên Lôi Khai Ngộ · Trần,"Võ học Hồng Tiêu Hương Đoạn\"" của Túy Mộng Du Xuân #Y sẽ lập tức hoàn thành điều tức và giảm 10 giây thời gian điều tức trong quá trình, khi thi triển #E chắc chắn kích hoạt Ôn Nhu Tán Vũ hoàn mỹ, đồng thời mỗi lần thi triển sẽ gây thêm 40% sát thương và hồi phục thêm 10 điểm Hồng Nhan.\""",1,15.0,0
21002008,Thiên Lôi Khai Ngộ · Quân,"Đao pháp Trảm Tuyết #YKỹ năng đặc biệt Phi Hồng Đạp Tuyết\""#E lập tức hồi chiêu xong. Mỗi lần thi triển đao pháp Trảm Tuyết #YKỹ năng Trọng Kích \""Trùng Thượng Sương\""#E, #YKỹ năng phái sinh trọng kích \""Bạt Tuyết Tầm Xuân\""#E hoặc Thập Phương Phá Trận #YKỹ năng Trọng Kích \""Phần Thử Tâm\""#E đều có thể khiến #Y\""Phi Hồng Đạp Tuyết\""#E giảm 4 giây thời gian hồi chiêu. Trong thời gian hiệu lực của #Y【Nhiệt Huyết Nan Lương】#E, tốc độ tích lực của #Y\""Trùng Thượng Sương\""#E và #Y\""Phần Thử Tâm\""#E sẽ tăng mạnh.\""",1,15.0,0
21003001,Tiếng chuông báo · Hồng Thường Trú 1,"Né tránh, hóa giải thành công, khi gây ra bất kỳ sát thương trực tiếp nào sẽ tự cộng thêm một tầng buff Bạo Phát",1,-1.0,0
21003002,Minh Kim · Ảnh Tháp Phái Thường Trú 1,"Khi né tránh, hóa giải thành công, hoặc gây ra bất kỳ sát thương trực tiếp nào sẽ tự cộng thêm một tầng buff Bạo Phát",1,-1.0,0
21003003,Liệt Thạch · Uy thường trú 1,"Khi né tránh, hóa giải thành công, gây ra bất kỳ sát thương trực tiếp nào sẽ tích cho bản thân một tầng buff bùng nổ",1,-1.0,0
21003004,Khiên Ti · Ngọc Thường Trú 1,"Khi né tránh, hóa giải thành công, gây ra bất kỳ sát thương trực tiếp nào sẽ tự cộng thêm một tầng buff Bạo Phát",1,-1.0,0
21003005,Khiên Ti · Lâm Thường Trú 1,"Khi né tránh, hóa giải thành công, hoặc gây ra bất kỳ sát thương trực tiếp nào sẽ nhận được một tầng buff Bùng Nổ.",1,-1.0,0
21003006,Phá Trúc · Phong Thường Trú 1,"Khi né tránh, hóa giải thành công, gây ra bất kỳ sát thương trực tiếp nào sẽ cộng thêm một tầng buff Bạo Phát cho bản thân",1,-1.0,0
21003007,Phá Trúc · Bụi Trần Thường Trú 1,"Khi né tránh, hóa giải thành công, hoặc gây ra bất kỳ sát thương trực tiếp nào sẽ cộng thêm một tầng buff Bạo Phát cho bản thân",1,-1.0,0
21003008,Liệt Thạch · Quân Thường Trú 1,"Nhận 1 tầng hiệu ứng tăng cường bùng nổ khi né tránh thành công, đỡ đòn hoặc gây bất kỳ sát thương trực tiếp nào.",1,-1.0,0
21003011,Cầu vồng,"Khi gây bất kỳ sát thương trực tiếp nào, làm mất thế hoặc né tránh hoàn hảo thành công, có thể tự cộng thêm một tầng 【Hồng】",12,600.0,0
21003012,Ảnh,"Khi gây bất kỳ sát thương trực tiếp, làm mất thế hoặc né tránh hoàn hảo thành công, có thể tự cộng thêm một tầng 【Ảnh】",12,600.0,0
21003013,Uy,"Khi gây bất kỳ sát thương trực tiếp nào, làm mất thế hoặc né tránh thành công, có thể tự cộng thêm một tầng 【Uy】",12,600.0,0
21003014,Ngọc,"Khi gây ra bất kỳ sát thương trực tiếp nào, làm mất thế hoặc né tránh hoàn hảo thành công, có thể tự cộng thêm một tầng 【Ngọc】",12,600.0,0
21003015,Lâm,"Khi gây bất kỳ sát thương trực tiếp nào, làm mất thế hoặc né tránh hoàn hảo thành công, có thể tự cộng thêm một tầng 【Lâm】",12,600.0,0
21003016,Gió,"Khi gây ra bất kỳ sát thương trực tiếp nào, làm mất thế hoặc né tránh hoàn hảo thành công, có thể tự cộng thêm một tầng 【Phong】",12,600.0,0
21003017,Trần,"Khi gây ra bất kỳ sát thương trực tiếp nào, làm mất thế hoặc né tránh hoàn hảo thành công, có thể tự cộng thêm một tầng 【Trần】",12,600.0,0
21003018,Quân,"Khi gây ra bất kỳ sát thương trực tiếp, làm mất thế hoặc né tránh hoàn hảo thành công, có thể tự cộng thêm một tầng 【Quân】",12,600.0,0
21009111,Vô Danh Tâm Pháp,[Vô Danh Kiếm Pháp] Kỹ năng Trọng Kích [Vô Dĩ Vi Gia] nay sẽ bắn thêm nhiều luồng kiếm khí.,1,-1.0,0
21019111,Vô Danh Thương Pháp,"Võ học kỹ 【Càn Khôn Định】 của 【Vô Danh Thương Pháp】 khi đánh trúng mục tiêu sẽ trừ hết thể lực, đồng thời nhận hiệu ứng giảm tốc độ hồi phục thể lực.",1,-1.0,0
21029111,Dịch chuyển xa,,1,-1.0,0
21039111,Mục tiêu bị câm lặng,,1,-1.0,0
21049111,Tuyệt kỹ Đao Tâm Pháp,【Tuyệt Kỹ Than Dao】Kỹ năng đặc biệt【Truy Phong Đuổi Nhật】đòn tấn công thứ hai gây hiệu ứng đánh bay phạm vi.,1,-1.0,0
21059111,Bát Phương Thương Tâm Pháp,"[Bát Phương Phong Lôi Thương] Võ học kỹ [Phong Lôi Khiếu] thời gian hiệu ứng khiêu khích kéo dài, tỉ lệ chuyển sát thương tăng lên.",1,-1.0,0
21060000,Kích hoạt cơ chế,,1,1.0,0
21060001,Thuộc tính vũ khí Tím 1,"Khi sử dụng kỹ năng phá phòng thành công phá giải trạng thái phòng ngự của mục tiêu, sẽ gây thêm 12 điểm sát thương chân khí.",1,-1.0,0
21060002,Thuộc tính vũ khí Tím 2,"Khi sử dụng kỹ năng phá phòng thành công phá giải trạng thái phòng ngự của mục tiêu, khiến mục tiêu phải chịu thêm 10% sát thương trong 3 giây tiếp theo.",1,-1.0,0
21060003,Thuộc tính vũ khí Tím 3,"Khi sử dụng kỹ năng Phản Đòn Phòng Ngự thành công gây sát thương lên mục tiêu, bản thân sẽ nhận hiệu ứng Cường Tráng trong 1.5 giây.",1,-1.0,0
21060004,Thuộc tính vũ khí Tím 4,"Khi sử dụng kỹ năng Phản Đòn Phòng Ngự đánh trúng đơn vị chưa ở trạng thái phòng ngự, gây thêm 12 điểm sát thương Chân Khí.",1,-1.0,0
21060005,Thuộc tính vũ khí Tím 5,Sau khi sử dụng Kỹ Năng Kết Liễu có thể giúp bản thân hồi phục 50 điểm thể lực.,1,-1.0,0
21060006,Thuộc tính vũ khí tím 6,Sau khi sử dụng Kỹ năng Xử Quyết có thể giúp bản thân hồi phục 30 điểm Tinh Nguyên.,1,-1.0,0
21060007,Thuộc tính vũ khí Vàng 1,"Khi sử dụng kỹ năng phá phòng thành công phá vỡ trạng thái phòng ngự của mục tiêu, gây thêm 15 điểm sát thương chân khí. Đồng thời hồi phục cho bản thân 10 điểm chân khí.",1,-1.0,0
21060008,Thuộc tính vàng cấp 2 của Vũ khí,"Khi sử dụng kỹ năng phá phòng thành công phá giải trạng thái phòng ngự của mục tiêu, khiến mục tiêu phải chịu thêm 12% sát thương trong 5 giây tiếp theo.",1,-1.0,0
21060009,Thuộc tính vũ khí cấp 3 Vàng,"Khi sử dụng kỹ năng Phản Đòn Phòng Ngự thành công gây sát thương lên mục tiêu, bản thân sẽ nhận hiệu ứng Cường Tráng trong 1.5 giây và hồi phục 30 điểm Thể Lực.",1,-1.0,0
21060010,Thuộc tính vũ khí Vàng 4,"Khi sử dụng kỹ năng Phản Đòn Phòng Ngự đánh trúng đơn vị chưa ở trạng thái phòng ngự, gây thêm 15 điểm sát thương Chân Khí và hồi phục cho bản thân 5 điểm Chân Khí.",1,-1.0,0
21060011,Thuộc tính vũ khí Kim 5,"Sau khi sử dụng Kỹ năng Kết Liễu có thể giúp bản thân hồi phục 50 điểm thể lực, và nhận được 3 giây hiệu ứng Cứng Cỏi.",1,-1.0,0
21060012,Thuộc tính vũ khí Vàng 6,"Sau khi sử dụng kỹ năng xử quyết, bản thân sẽ hồi phục 30 điểm tinh nguyên, đồng thời hồi phục 20% khí huyết bằng với lượng sát thương gây ra.",1,-1.0,0
21060101,Mục từ Quan Trụ tím 1,"Khi sử dụng kỹ năng giải khống chế thành công gỡ bỏ trạng thái bị đánh hoặc bị khống chế, sau khi hiệu ứng bá thể kết thúc sẽ nhận thêm 2 giây hiệu ứng cường tráng.",1,-1.0,0
21060102,Thuộc tính Quan Trụ tím 2,"Khi sử dụng kỹ năng giải khống chế thành công để thoát khỏi trạng thái bị đánh hoặc bị khống chế, hồi phục cho bản thân 30 điểm thể lực.",1,-1.0,0
21060103,Thuộc tính Quan Trụ màu tím 3,"Khi sử dụng kỹ năng giải khống chế thành công để thoát khỏi trạng thái bị đánh hoặc bị khống chế, khiến sát thương chân khí bản thân gây ra trong 5 giây tiếp theo tăng 20%.",1,-1.0,0
21060104,Mục từ Quan Trụ Vàng 1,"Khi sử dụng kỹ năng giải khống chế thành công gỡ bỏ trạng thái bị đánh hoặc bị khống chế, sau khi hiệu ứng bá thể kết thúc sẽ nhận thêm 2.8 giây hiệu ứng cường tráng.",1,-1.0,0
21060105,Từ khóa Quan Tráo vàng 2,"Khi sử dụng kỹ năng giải khống chế thành công để thoát khỏi trạng thái bị đánh hoặc bị khống chế, hồi phục cho bản thân 30 điểm thể lực, đồng thời giảm 4 giây thời gian hồi chiêu của kỹ năng giải khống chế.",1,-1.0,0
21060106,Thuộc tính Kim 3 của Quan Giáp,"Khi sử dụng kỹ năng giải khống chế thành công để thoát khỏi trạng thái bị đánh hoặc bị khống chế, khiến sát thương sinh lực và sát thương chân khí bản thân gây ra trong 5 giây tiếp theo tăng 20%.",1,-1.0,0
21060201,Thuộc tính Áo giáp tím 1,"Khi bản thân đang trong trạng thái bị đánh, sát thương nhận vào giảm 20%.",1,-1.0,0
21060202,Thuộc tính giáp ngực Tím 2,Giảm 25% sát thương Kỳ Thuật bản thân phải chịu.,1,-1.0,0
21060203,Áo giáp ngực thuộc tính tím 3,Giảm 25% sát thương nhận vào từ võ học kỹ và đặc thù kỹ.,1,-1.0,0
21060204,Giáp ngực thuộc tính Vàng 1,"Khi bản thân đang trong trạng thái bị đánh, sát thương nhận vào giảm 28%.",1,-1.0,0
21060205,Thuộc tính giáp ngực Vàng 2,Giảm 35% sát thương kỳ thuật bản thân phải chịu.,1,-1.0,0
21060206,Thuộc tính giáp ngực vàng 3,Giảm 35% sát thương nhận vào từ kỹ năng võ học và kỹ năng đặc biệt.,1,-1.0,0
21060301,Thuộc tính Giáp ống chân cấp tím 1,"Sau khi né tránh thành công đòn tấn công của địch, bản thân hồi phục 15 điểm chân khí, thời gian kích hoạt lại là 10 giây.",1,-1.0,0
21060302,Giáp ống chân · Thuộc tính Tím 2,"Sau khi né tránh thành công đỡ đòn của địch, bản thân hồi phục 6% khí huyết tối đa, thời gian kích hoạt cách nhau 10 giây.",1,-1.0,0
21060303,Thuộc tính Giáp ống chân cấp tím 3,"Sau khi né tránh thành công đòn tấn công của địch, hồi phục 20 điểm thể lực.",1,-1.0,0
21060304,Giáp ống chân · Thuộc tính Vàng 1,"Sau khi né tránh thành công đỡ đòn của địch, bản thân hồi phục 20 điểm chân khí, thời gian kích hoạt là 10 giây.",1,-1.0,0
21060305,Chân Giáp Từ Điều Kim 2,"Sau khi né tránh thành công đỡ đòn tấn công của địch, bản thân hồi phục 8% khí huyết tối đa, thời gian kích hoạt là 10 giây.",1,-1.0,0
21060306,Thuộc tính giáp ống chân Kim 3,"Sau khi né tránh thành công đỡ đòn của địch, hồi phục 20 điểm thể lực, và trong 2 giây tiếp theo né tránh không tiêu hao thể lực.",1,-1.0,0
21060401,Giáp tay từ thuộc tính tím 1,"Khi hóa giải thế thành công, hồi phục thêm 8 điểm Tinh Nguyên, thời gian kích hoạt là 5 giây.",1,-1.0,0
21060402,Thuộc tính Giáp Tay Tím 2,"Khi Giải Thế thành công, bản thân hồi phục 12 điểm chân khí, thời gian kích hoạt là 10 giây.",1,-1.0,0
21060403,Thuộc tính Giáp Tay Tím 3,"Khi hóa giải thành công, sát thương Chân Khí gây ra tăng 25%.",1,-1.0,0
21060404,Thuộc tính Giáp Tay Vàng 1,"Khi Giải Thế thành công, hồi phục thêm 8 điểm tinh nguyên, đồng thời khiến kỳ thuật bản thân gây sát thương tăng 12% trong 5 giây tiếp theo, thời gian kích hoạt là 5 giây.",1,-1.0,0
21060405,Thuộc tính Giáp Tay Vàng 2,"Khi hóa giải thế thành công, bản thân hồi phục 16 điểm chân khí, thời gian kích hoạt là 10 giây.",1,-1.0,0
21060406,Thuộc tính Giáp Tay Vàng 3,"Khi hóa giải lực liên tục thành công (khoảng cách không quá 1.5 giây), sát thương Chân Khí gây ra sẽ tăng dần (25%/27%/29%/31%), tối đa 31%.",1,-1.0,0
21060501,Hoàn · Minh Kim Hồng Tím 1,"<Kỹ năng Võ học: Càn Khôn Định> khi gây hiệu ứng Định Thân, kéo dài thêm 0.5 giây thời gian Định Thân, và sau khi kết thúc Định Thân khiến mục tiêu bị cứng đờ khi nhận đòn trong 0.2 giây.",1,-1.0,0
21060502,Hoàn · Minh Kim Hồng Tím2,<Kỹ năng đặc biệt: Thoái cũng có phương> Kiếm khí phóng ra sẽ gây thêm 10 điểm sát thương chân khí lên đơn vị đang trong trạng thái bị đánh.,1,-1.0,0
21060503,Hoàn · Minh Kim Hồng Tím 3,"<Võ học kỹ: Càn Khôn Định> Khi điều tức xong, bản thân đang trong trạng thái bị đánh có thể kích hoạt <Cảm tri kỹ: Nhật Nguyệt Phản>, sử dụng trong thời gian cảm tri có thể gây sát thương và làm địch bị định thân 2 giây, nhưng sẽ khiến Càn Khôn Định tiến vào thời gian điều tức, và 60 giây sau không thể kích hoạt lại Nhật Nguyệt Phản.",1,-1.0,0
21060504,Hoàn · Minh Kim Hồng Kim 1,"<Võ học kỹ: Càn Khôn Định> Khi gây hiệu ứng Định Thân, kéo dài thêm 0.5 giây thời gian Định Thân, nếu lúc này mục tiêu vẫn đang trong trạng thái Cường Tráng, sẽ kéo dài thêm 0.4 giây. Sau khi Định Thân kết thúc, khiến mục tiêu bị cứng đờ khi nhận đòn trong 0.2 giây.",1,-1.0,0
21060505,Hoàn · Minh Kim Hồng Kim 2,<Kỹ năng đặc biệt: Thoái Dã Hữu Phương> Kiếm khí phóng ra sẽ gây thêm 12 điểm sát thương chân khí lên các đơn vị đang trong trạng thái bị đánh hoặc bị khống chế.,1,-1.0,0
21060506,Hoàn · Minh Kim Hồng Kim 3,"<Võ học kỹ: Càn Khôn Định> Khi điều tức xong, bản thân đang trong trạng thái bị đánh có thể kích hoạt <Cảm tri kỹ: Nhật Nguyệt Phản>, trong thời gian cảm tri sử dụng có thể gây sát thương và làm địch thủ bị định thân 2 giây, nhưng sẽ khiến Càn Khôn Định vào thời gian điều tức, và 60 giây sau không thể kích hoạt lại Nhật Nguyệt Phản. Nhật Nguyệt Phản trúng đích còn hồi phục cho bản thân thêm 10 điểm chân khí.",1,-1.0,0
21060507,Vòng · Minh Kim · Hồng Tím 4,"<Đặc thù kỹ: Vạn Quân Phá> đối với đơn vị Cường Nhận có thể gây thêm 15 điểm Chân Khí sát thương, và gây ra 0.5 giây định thân, cứ 5 giây có thể kích hoạt một lần.",1,-1.0,0
21060508,Hoàn · Minh Kim · Hồng Kim 4,"<Kỹ năng đặc biệt: Vạn Quân Phá> có thể gây thêm 20 điểm sát thương Chân Khí cho đơn vị dẻo dai, và gây định thân 0.5 giây, khiến bản thân hồi phục 20 điểm độ bền, có thể kích hoạt một lần sau mỗi 5 giây.",1,-1.0,0
21060601,Hoàn · Minh Kim Ảnh Tím 1,"<Võ học kỹ: Nhất Thức Nội Hành Pháp> Đòn chém cuối cùng khi thi triển nếu đánh trúng đơn vị đang chịu đòn hoặc bị khống chế, sẽ thêm 2 tầng chảy máu.",1,-1.0,0
21060602,Hoàn · Minh Kim Ảnh Tím 2,"<Kỹ năng đặc biệt: Tam Thứ Cân Hành Pháp> Nếu trúng cùng một mục tiêu 4 lần trở lên, sẽ hồi phục cho bản thân 20 điểm thể lực, mỗi lần thi triển chỉ có thể kích hoạt một lần.",1,-1.0,0
21060603,Hoàn · Minh Kim Ảnh Tím 3,"<Võ học kỹ: Sầu Vô Tửu> Sau khi thi triển, khi nhận trạng thái Dũng Tuyền/Giang Lưu, còn tăng thêm 8%/16% sát thương chân khí tự gây ra.",1,-1.0,0
21060604,Nhẫn · Minh Kim Ảnh Kim1,"Đòn chém cuối cùng của <Võ học kỹ: Nội Nhất Hoành Kính Số> nếu đánh trúng mục tiêu đang chịu đòn hoặc bị khống chế, sẽ thêm 2 tầng chảy máu và gây hiệu ứng định thân ngắn.",1,-1.0,0
21060605,Hoàn · Minh Kim Ảnh Kim 2,"<Kỹ năng đặc biệt: Tam Thứ Cân Hành Pháp> Nếu trúng cùng một mục tiêu 3 lần trở lên, sẽ hồi phục cho bản thân 25 điểm thể lực, mỗi lần thi triển chỉ có thể kích hoạt một lần.",1,-1.0,0
21060606,Hoàn · Minh Kim Ảnh Kim 3,"<Võ học kỹ: Sầu Vô Tửu> Sau khi thi triển, khi nhận trạng thái Dũng Tuyền/Giang Lưu, còn khiến bản thân tăng thêm 15%/20% sát thương chân khí.",1,-1.0,0
21060607,Hoàn · Minh Kim · Ảnh Tử 4,"<Kỹ năng đặc biệt: Tảo Thiên Quân> mỗi khi trúng một đơn vị, khiến bản thân nhận được hiệu quả kiên cường 0.5 giây, nhiều nhất tính 4 người, khi trúng đơn vị kiên cường nhận được hiệu quả gấp đôi. Mỗi 15 giây có thể kích hoạt một lần.",1,-1.0,0
21060608,Hoàn · Minh Kim · Ảnh Kim 4,"<Kỹ năng đặc biệt: Tảo Thiên Quân> mỗi khi trúng một đơn vị, khiến bản thân nhận được hiệu quả cường nhận 0.6 giây, và hồi phục 5 điểm nội lực, nhiều nhất tính 5 người, trúng đơn vị cường nhận thì nhận được hiệu quả gấp đôi. Mỗi 15 giây có thể kích hoạt một lần.",1,-1.0,0
21060701,Hoàn · Liệt Thạch Uy Tím 1,"<Kỹ năng Võ học: Phong Lôi Khiếu> Khi đánh trúng đơn vị đang khí kiệt, sẽ gây hiệu ứng bay lên.",1,-1.0,0
21060702,Hoàn · Liệt Thạch Uy Tím 2,"<Kỹ năng đặc biệt: Kinh Lôi Chấn> Khi đòn tấn công bổ nhào trúng mục tiêu chưa ở trạng thái phòng ngự, bản thân có thể nhận hiệu ứng [Phá Cổ].",1,-1.0,0
21060703,Hoàn · Liệt Thạch Uy Tím3,"<Kỹ năng đặc biệt: Trục Nhật Truy Phong> Khi tung đòn quét cuối cùng, mỗi lần đánh trúng một kẻ địch sẽ nhận được trạng thái Cường Tráng trong 1.2 giây (tối đa 4.8 giây).",1,-1.0,0
21060704,Hoàn Hồn · Liệt Thạch Uy Kim 1,"<Võ học kỹ: Phong Lôi Khiếu> khi đánh trúng đơn vị có chân khí dưới 30%, sẽ gây hiệu ứng bay lên khi bị đánh.",1,-1.0,0
21060705,Hoàn · Liệt Thạch Uy Kim 2,"<Kỹ năng đặc biệt: Kinh Lôi Chấn> Khi đòn đánh bổ xuống trúng mục tiêu chưa ở trạng thái phòng ngự, có thể khiến bản thân nhận hiệu ứng [Phá Trống] và nhận 2 giây hiệu ứng Bá Thể.",1,-1.0,0
21060706,Hoàn · Liệt Thạch Uy Kim 3,"<Kỹ năng đặc biệt: Truy Nhật Truy Phong> Khi tung đòn quét cuối cùng, mỗi lần đánh trúng một kẻ địch sẽ nhận 1.5 giây trạng thái Cường Tráng (tối đa 6 giây), nếu đánh trúng 2 người trở lên sẽ nhận thêm 3 giây trạng thái Bá Thể.",1,-1.0,0
21060707,Hoàn · Liệt Thạch · Uy Tử 4,"<Kỹ năng Võ học: Ưng Dương Hổ Thị> Nếu trong 1 giây đầu của quá trình thi triển kỹ năng chịu sát thương, sẽ gây đẩy lùi kẻ địch gần đó và bản thân nhận thêm 1 điểm chiến ý.",1,-1.0,0
21060708,Hoàn · Liệt Thạch · Uy Kim 4,"Trong 1 giây trước khi kỹ năng <Võ học kỹ: Ưng Dương Hổ Thị> được tung ra, nếu chịu sát thương, sẽ gây ra đẩy lùi cho kẻ địch gần đó và khiến bản thân nhận thêm 1 điểm chiến ý và hiệu ứng bá thể trong 2 giây.",1,-1.0,0
21060801,Hoàn · Phá Trúc Phong Tím 1,"<Võ học kỹ: Si Mê> Khi đánh trúng đơn vị Khí Kiệt, mỗi lần đánh trúng sẽ tăng 3% sát thương gây ra bởi Tuyệt Kỹ lần tiếp theo, tối đa 10 tầng.",1,-1.0,0
21060802,Hoàn · Phá Trúc Phong Tím 2,"<Võ học kỹ: Cương Ti Tuyến Đao> khi đánh trúng đơn vị chưa ở trạng thái phòng ngự, sẽ gây thêm 10 điểm Sát thương Chân Khí.",1,-1.0,0
21060803,Hoàn · Phá Trúc Phong Tím 3,"Khi <Đặc thù kỹ: Tham Họa> và các đòn tấn công theo sau của nó đánh trúng một đơn vị đang Chịu đòn hoặc Bị khống chế, <Kỹ năng Võ học: Tâm Trí Hỗn Loạn> sẽ gây thêm 10 sát thương Chân Khí trong 2 giây tiếp theo.",1,-1.0,0
21060804,Hoàn · Phá Trúc Phong Kim 1,"<Kỹ năng võ học: Si Mê Chướng> Khi đánh trúng đơn vị có chân khí dưới 30%, mỗi lần đánh trúng sẽ tăng 5% sát thương gây ra bởi Tuyệt Kỹ lần sau, tối đa cộng dồn 10 tầng.",1,-1.0,0
21060805,Hoàn · Phá Trúc Phong Kim 2,"<Võ học kỹ: Cương Ti Tuyến Đao> Khi đánh trúng mục tiêu chưa ở trạng thái phòng ngự, sẽ gây thêm 12 điểm sát thương Chân Khí và hiệu ứng cấm chạy nhanh trong 6 giây.",1,-1.0,0
21060806,Hoàn · Phá Trúc Phong Kim 3,"<Kỹ năng đặc biệt: Tham Họa> khi đánh trúng đơn vị đang chịu đòn hoặc bị khống chế bằng đòn truy kích Đoạn Thủy, trong 2 giây tiếp theo khi thi triển <Võ học kỹ: Si Mê> sẽ gây thêm 10 điểm sát thương Chân Khí, và trong quá trình thi triển kỹ năng sẽ ở trạng thái Cường Tráng.",1,-1.0,0
21060807,Hoàn · Phá Trúc · Phong Tử 4,"<Kỹ năng đặc biệt: Thử Thử Sinh Uy> Khi trúng đích mục tiêu không ở trạng thái phòng ngự, sẽ cộng thêm 1 tầng giảm 6% hiệu quả trị liệu trong 3 giây, cộng dồn tối đa 5 tầng.",1,-1.0,0
21060808,Hoàn · Phá Trúc · Phong Kim 4,"<Kỹ năng đặc biệt: Thử Thử Sinh Uy> Khi trúng đơn vị không ở trạng thái phòng ngự, sẽ cộng thêm 1 tầng giảm hiệu quả trị liệu trong 3 giây, tối đa cộng dồn 5 tầng.",1,-1.0,0
21060901,Hoàn · Toa Tơ Ngọc Tím 1,"<Võ học kỹ: Tán Xuân Hận> khi gây hiệu ứng Định Thân, kéo dài thêm 0.6 giây thời gian Định Thân.",1,-1.0,0
21060902,Hoàn · Khiên Ti Ngọc Tím 2,"<Kỹ năng đặc biệt: Xuân Tận Sơn Không> Nếu thi triển thành công <Nguyệt Xuất Kinh Xuân> trước Thủy Nhân Hồi Ức, sẽ hồi phục bản thân 10 điểm chân khí sau khi hồi ức.",1,-1.0,0
21060903,Hoàn · Khiên Ti Ngọc Tím 3,"Khi hiệu ứng cường hóa đạn đạo của <Võ học kỹ: Bính Sơn Đoạn Thúy> có hiệu lực, các kỹ năng đạn đạo của bản thân khi đánh trúng đơn vị đang chịu đòn hoặc bị khống chế sẽ gây thêm 3 điểm sát thương chân khí, mỗi giây có thể kích hoạt một lần.",1,-1.0,0
21060904,Hoàn · Tơ vàng Ngọc 1,"<Kỹ năng võ học: Tán Hận Mùa Xuân> Khi gây hiệu ứng Định Thân, kéo dài thêm 0.6 giây thời gian Định Thân; nếu lúc này mục tiêu vẫn đang trong trạng thái Cường Tráng, sẽ kéo dài thêm 0.4 giây nữa.",1,-1.0,0
21060905,Hoàn · Tơ vàng ngọc 2,"<Kỹ năng đặc biệt: Xuân Tận Sơn Không> Nếu thi triển thành công <Nguyệt Xuất Kinh Xuân> trước khi Thủy Nhân hoàn thành hồi ảnh, sẽ hồi phục bản thân 10 điểm chân khí sau khi hồi ảnh, đồng thời giảm 2 giây thời gian điều tức của <Xuân Tận Sơn Không>",1,-1.0,0
21060906,Hoàn · Toa Tơ Ngọc Kim 3,"Khi hiệu ứng cường hóa đạn đạo của <Võ học kỹ: Bính Sơn Đoạn Thúy> có hiệu lực, kỹ năng dạng đạn đạo của bản thân khi đánh trúng đơn vị chưa ở trạng thái phòng ngự sẽ gây thêm 3 điểm chân khí thương tổn, mỗi giây có thể kích hoạt một lần.",1,-1.0,0
21060907,Hoàn · Khiên Ti · Ngọc Tử 4,"<Kỹ năng đặc biệt: Bất Tạ Hoa> khi trúng đơn vị chưa ở trạng thái phòng ngự, sẽ cộng thêm 1 tầng tăng sát thương Chân Khí 4%, tối đa cộng dồn 5 tầng.",1,-1.0,0
21060908,Hoàn · Khiên Ti · Ngọc Kim4,"<Kỹ năng đặc biệt: Bất Tạ Hoa> khi đánh trúng đơn vị không ở trạng thái phòng ngự, sẽ cộng thêm 1 tầng tăng sát thương Chân Khí 6%, cộng dồn tối đa 5 tầng.",1,-1.0,0
21061001,Hoàn · Tơ Lãnh Tử 1,"<kỹ năng Cảm Tri võ học: Bạch Vân Vô Tận> Lượng hồi phục khí huyết do kỹ năng này mang lại giảm 30%, nhưng sẽ hồi phục 10 điểm chân khí cho đồng đội trong phạm vi.",1,-1.0,0
21061002,Hoàn · Khiên Ti Lâm Tử 2,"<Kỹ năng đặc biệt: Thiên Thập Dư Âm> Trong 10 giây đầu còn duy trì hiệu quả miễn trừ trạng thái khí kiệt cho mục tiêu hộ vệ hiện tại, mỗi 60 giây có thể kích hoạt một lần.",1,-1.0,0
21061003,Hoàn · Khiên Ti Lâm Tử 3,"<Võ Học Kỹ: Nhất Niệm Phù Sinh> Khi thi triển, dựa vào số lượng đồng đội bị trúng chiêu, bản thân sẽ nhận được hiệu ứng Bá Thể trong (1/2/3/4) giây.",1,-1.0,0
21061004,Hoàn · Toát Lên Mưa Vàng 1,"Lượng hồi phục khí huyết do <kỹ năng Cảm Tri võ học: Bạch Vân Vô Tận> cung cấp sau khi thi triển giảm 20%, nhưng sẽ hồi phục 10 điểm chân khí cho đơn vị đồng minh trong phạm vi, và hồi phục thêm 5 điểm chân khí cho đơn vị đồng minh bị khí kiệt.",1,-1.0,0
21061005,Hoàn · Khiên Ti Lâm Kim 2,"<Kỹ năng đặc biệt: Thiên Thập Dư Âm> còn duy trì hiệu quả miễn nhiễm trạng thái khí kiệt cho mục tiêu đang được hộ vệ, đồng thời cứ mỗi 1 giây hồi phục 2 điểm chân khí cho mục tiêu đang được hộ vệ, có thể kích hoạt mỗi 60 giây.",1,-1.0,0
21061006,Hoàn · Khiên Ti Lâm Kim 3,"<Võ học kỹ: Nhất Niệm Phù Sinh> Khi thi triển dựa vào số lượng đồng đội trúng chiêu, bản thân nhận được hiệu ứng Bá Thể trong (1.2/2.4/3.6/4.8) giây.",1,-1.0,0
21061007,Hoàn · Khiên Ti · Lâm Tử 4,"<Kỹ năng đặc biệt: Triêu Vũ Khinh Trần> Khi thi triển lên đơn vị đang ở trạng thái bị đánh hoặc bị khống chế, khiến mục tiêu trong 5 giây chịu hiệu quả trị liệu tăng 30%, có thể kích hoạt một lần sau mỗi 5 giây.",1,-1.0,0
21061008,Hoàn · Khiên Ti · Lâm Kim 4,"<Kỹ năng đặc biệt: Triều Vũ Khinh Trần> Khi thi triển lên đơn vị đang chịu công kích hoặc bị khống chế, khiến mục tiêu trong 5 giây chịu hiệu quả trị liệu tăng 30%, cứ 5 giây có thể kích hoạt một lần; đồng thời khiến mục tiêu nhận được hiệu quả Cường Trấn trong 3 giây, hiệu quả Cường Trấn cứ 15 giây có thể kích hoạt một lần.",1,-1.0,0
21061101,Đeo · Minh Kim Hồng Tím 1,"<Kiếm · Khinh Kích> Mỗi lần trúng đích sẽ chồng lên mục tiêu một tầng [Kiếm Dẫn], [Kiếm Dẫn] duy trì 4 giây, đạt 5 tầng sẽ bộc phát, gây 10 điểm thương tổn chân khí.",1,-1.0,0
21061102,Bội · Minh Kim Hồng Tím 2,"<Kỹ năng Tích Lực: Vô Dĩ Vi Gia> Mỗi luồng “Kiếm Khí” đánh trúng mục tiêu chưa ở trạng thái phòng ngự, hồi phục bản thân 15 điểm thể lực.",1,-1.0,0
21061103,Trang sức · Minh Kim Hồng Tím 3,"<Kỹ năng Trọng Kích: Tảo Liên Sơn> Nếu trúng cùng một mục tiêu từ 8 lần trở lên, sẽ khiến bản thân tăng 12% sát thương Kỹ năng Trọng Kích trong 10 giây.",1,-1.0,0
21061104,Bội Minh Kim Hồng Kim1,"<Kiếm · Khinh Kích> Mỗi lần đánh trúng sẽ chồng lên mục tiêu một tầng [Kiếm Dẫn], [Kiếm Dẫn] duy trì 4 giây, đạt 5 tầng sẽ bùng nổ, gây 10 điểm chân khí thương tổn, đồng thời khiến mục tiêu trong 8 giây nhận sát thương tăng 5%.",1,-1.0,0
21061105,Đeo · Minh Kim Hồng Kim 2,"<Kỹ năng Tích Lực: Vô Dĩ Vi Gia> Mỗi luồng “Kiếm Khí” đánh trúng đơn vị chưa ở trạng thái phòng ngự thành công, hồi phục cho bản thân 15 điểm thể lực, và gây thêm 12% sát thương khí huyết.",1,-1.0,0
21061106,Bội · Minh Kim Hồng Kim 3,"<Kỹ năng Tích Lũy: Tảo Liên Sơn> Nếu trúng cùng một mục tiêu từ 6 lần trở lên, sẽ khiến bản thân tăng 15% sát thương kỹ năng Tích Lũy trong 10 giây.",1,-1.0,0
21061107,Bội · Minh Kim · Hồng Tử 4,"<Thương · Khinh Kích> Khi đánh trúng mục tiêu đang bị đánh hoặc bị khống chế, sẽ khiến kỹ năng chủ động võ học hiện tại của bản thân giảm thời gian điều tức 0.4 giây, có thể kích hoạt 1 lần sau mỗi 1 giây.",1,-1.0,0
21061108,Bội · Minh Kim · Hồng Kim 4,"<Thương · Khinh Kích> trúng mục tiêu không ở trạng thái phòng ngự, khiến kỹ năng chủ động võ học hiện tại của bản thân giảm thời gian điều tức 0.5 giây, mỗi 1 giây có thể kích hoạt 1 lần.",1,-1.0,0
21061201,Bội · Minh Kim Ảnh Tím1,"<Kiếm · Khinh Kích> Mỗi lần đánh trúng sẽ chồng lên mục tiêu một tầng [Kiếm Dẫn], [Kiếm Dẫn] duy trì 4 giây, đạt 5 tầng sẽ bùng nổ, gây 10 điểm sát thương Chân Khí.",1,-1.0,0
21061202,Bội Minh Kim Ảnh Tím 2,"<Kỹ năng Trọng Kích: Đoạn Bồng Phi> Mỗi lần đánh trúng mục tiêu chưa ở trạng thái phòng ngự sẽ gây cho mục tiêu một tầng hiệu ứng Dễ Thương, mỗi tầng khiến mục tiêu nhận thêm 2.5% sát thương trong 8 giây, tối đa 8 tầng.",1,-1.0,0
21061203,Bội · Minh Kim Ảnh Tím 3,"<Kỹ năng Trọng Kích: Nhị Thức Cân Hành Pháp> khi đánh trúng đơn vị khí kiệt, sẽ gây thêm hiệu ứng bay lên không trung.",1,-1.0,0
21061204,Bội Minh Ảnh Kim 1,"<Kiếm · Khinh Kích> Mỗi lần đánh trúng sẽ chồng lên mục tiêu một tầng [Kiếm Dẫn], [Kiếm Dẫn] duy trì 4 giây, đạt 5 tầng sẽ gây nổ, gây 10 điểm sát thương Chân Khí, đồng thời khiến mục tiêu chịu sát thương tăng 5% trong 8 giây.",1,-1.0,0
21061205,Bội Minh Kim Ảnh Kim 2,"<Kỹ năng Trọng Kích: Đoạn Bồng Phi> Mỗi lần đánh trúng mục tiêu chưa ở trạng thái phòng ngự sẽ cộng dồn một tầng hiệu ứng Dễ Thương, mỗi tầng khiến mục tiêu nhận thêm 3% sát thương trong 8 giây, tối đa 10 tầng.",1,-1.0,0
21061206,Bội · Minh Kim Ảnh Kim 3,"<Kỹ năng Trọng Kích: Nhị Thức Cân Hành Pháp> khi đánh trúng mục tiêu có chân khí dưới 30%, sẽ gây thêm hiệu ứng bay lên không trung.",1,-1.0,0
21061207,Bội · Minh Kim · Hồng Tím 4,"<Thương·Khinh Kích> trúng đích mục tiêu đang ở trạng thái bị đánh hoặc bị khống chế, khiến kỹ năng chủ động võ học hiện tại của bản thân giảm thời gian hồi chiêu 0.4 giây, có thể kích hoạt 1 lần mỗi 1 giây.",1,-1.0,0
21061208,Bội · Minh Kim · Hồng Kim 4,"<Thương·Khinh Kích> trúng mục tiêu không ở trạng thái phòng ngự, khiến bản thân giảm thời gian điều tức của kỹ năng chủ động võ học hiện tại 0.5 giây, mỗi 1 giây có thể kích hoạt 1 lần.",1,-1.0,0
21061301,Bội · Liệt Thạch Uy Tím 1,"<Kỹ năng Trọng Kích: Phong Quyển Tàn Vân> Sau khi tích đủ ba nấc, khi đánh trúng mục tiêu không ở trạng thái phòng ngự, gây thêm 12 điểm sát thương chân khí.",1,-1.0,0
21061302,Bội · Liệt Thạch Uy Tím2,"<Kỹ năng Trọng Kích: Chiến Bát Phương> Khi đòn đâm cuối cùng trúng mục tiêu bị Khí Kiệt, sẽ gây thêm hiệu ứng [Định Thân] trong 0.8 giây.",1,-1.0,0
21061303,Bội Phá Thạch Uy Tím 3,"<Kỹ năng Tích Lũy: Sơn Băng Địa Liệt> Sau khi tích lũy đủ ba cấp, khi đánh trúng mục tiêu không ở trạng thái phòng ngự, bản thân sẽ hồi phục 1 ô Chiến Ý, hiệu quả hồi phục Chiến Ý không thể kích hoạt lặp lại trong vòng 5 giây.",1,-1.0,0
21061304,Bội · Liệt Thạch Uy Kim 1,"<Kỹ năng Trọng Kích: Phong Quyển Tàn Vân> Sau khi tích đủ ba cấp độ, khi đánh trúng mục tiêu không ở trạng thái phòng ngự, gây thêm 15 điểm sát thương chân khí, đồng thời bản thân hồi phục 30 điểm thể lực, hiệu quả hồi phục thể lực không thể kích hoạt lại trong vòng 5 giây.",1,-1.0,0
21061305,Bội Phá Thạch Uy Kim 2,"<Kỹ năng Trọng Kích: Chiến Bát Phương> Khi đòn đâm cuối cùng trúng mục tiêu có chân khí dưới 30%, sẽ gây thêm hiệu ứng [Định Thân] trong 0.8 giây.",1,-1.0,0
21061306,Bội · Liệt Thạch Uy Kim 3,"<Kỹ năng Trọng Kích: Sơn Băng Địa Liệt> Sau khi tích đủ ba cấp độ, khi đánh trúng mục tiêu chưa ở trạng thái phòng ngự, gây thêm 12% sát thương, đồng thời bản thân hồi phục 1 ô Chiến Ý, hiệu quả hồi phục Chiến Ý không thể kích hoạt lại trong vòng 5 giây.",1,-1.0,0
21061307,Bội · Minh Kim · Hồng Tím 4,"<Thương · Khinh Kích> khi đánh trúng mục tiêu đang trong trạng thái bị đánh hoặc bị khống chế, khiến bản thân giảm thời gian hồi chiêu của kỹ năng chủ động võ học hiện tại 0.4 giây, mỗi 1 giây có thể kích hoạt 1 lần.",1,-1.0,0
21061308,Bội · Minh Kim · Hồng Kim 4,"<Thương · Khinh Kích> trúng mục tiêu không ở trạng thái phòng ngự, khiến kỹ năng chủ động võ học hiện tại của bản thân giảm thời gian điều tức 0.5 giây, mỗi 1 giây có thể kích hoạt 1 lần.",1,-1.0,0
21061401,Bội · Phá Trúc Phong Tím1,"Khi <Thiên Nộ Đao Pháp> liên tục đánh trúng cùng một mục tiêu (khoảng cách không quá 2 giây), sẽ gây thêm (0/1/2) điểm sát thương Chân Khí dựa trên số lần.",1,-1.0,0
21061402,Bội · Phá Trúc Phong Tím 2,"<Phân chiêu Tích Lực: Phục Thử Chi Phược> Khi đánh trúng mục tiêu chưa ở trạng thái phòng ngự, khiến mục tiêu phải chịu thêm 12% sát thương trong 8 giây.",1,-1.0,0
21061403,Bội · Phá Trúc Phong Tím 3,"<Phi Tiêu Dây Cương · Khinh Kích> Khi liên tục đánh trúng cùng một mục tiêu (khoảng cách không quá 2 giây) 4 lần, nhận thêm một tấm bài Ân\"" tự.\""",1,-1.0,0
21061404,Bái Phá Trúc Phong Kim 1,"Khi <Thiên Nộ Đao Pháp> liên tục đánh trúng cùng một mục tiêu (khoảng cách không quá 2 giây), sẽ gây thêm (0/1/2/3) điểm chân khí thương tổn dựa trên số lần, khi liên tục đánh trúng trên 3 lần, sẽ giảm thêm 2 giây thời gian hồi chiêu của <Võ học kỹ: Si Trướng>, khoảng cách kích hoạt 5 giây.",1,-1.0,0
21061405,Bội · Phá Trúc Phong Kim 2,"<Túc Tử Du Trần · Móc Lấy> khi trúng mục tiêu chưa ở trạng thái phòng ngự, khiến mục tiêu nhận thêm 15% sát thương trong 10 giây.",1,-1.0,0
21061406,Bội Phá Trúc Phong Kim 3,"Khi <Túc Tử Du Trần · Khinh Kích> liên tục đánh trúng cùng một mục tiêu (khoảng cách không quá 2 giây) từ 3 lần trở lên, sẽ nhận thêm một tấm bài Ân.",1,-1.0,0
21061407,Bội · Phá Trúc · Phong Tím 4,"<Song đao · Khinh kích> mỗi lần trúng mục tiêu chưa ở trạng thái phòng ngự đều sẽ cho mục tiêu cộng dồn một tầng hiệu quả dễ bị thương, mỗi tầng khiến mục tiêu trong 8 giây chịu sát thương tăng 2.5%, nhiều nhất cộng dồn 4 tầng.",1,-1.0,0
21061408,Phá Trúc · Phong Kim4,"<Song Đao · Khinh Kích>Mỗi lần trúng mục tiêu không ở trạng thái phòng ngự đều sẽ cộng dồn một tầng hiệu quả Dễ bị Thương, mỗi tầng khiến mục tiêu trong 8 giây chịu sát thương tăng 3%, tối đa cộng dồn 5 tầng.",1,-1.0,0
21061501,Bội · Khiên Ti Ngọc Tím 1,<Thanh Sơn Chấp Bút · Nhẹ nhấn tích tụ> Khi đánh trúng đơn vị Khí Kiệt sẽ khiến bản thân nhận hiệu ứng [Thừa Phong] ngắn ngủi. (Có thể thi triển liên kích trên không phiên bản cường hóa),1,-1.0,0
21061502,Bội · Khiên Ti Ngọc Tím 2,"<Cửu Trùng Xuân Sắc · Nhẹ Nhấn Tích Lực> Mỗi lần đánh trúng đơn vị chưa ở trạng thái phòng ngự, gây thêm 1 điểm Chân Khí thương tổn.",1,-1.0,0
21061503,Bội · Khiên Ti Ngọc Tím 3,"<Dù · Khinh Kích> Mỗi lần đánh trúng đơn vị đang chịu sát thương hoặc bị khống chế, bản thân nhận 1 tầng cộng thêm 5% sát thương và trị liệu, tối đa 3 tầng, duy trì 6 giây.",1,-1.0,0
21061504,Ngọc Kim Khiên Ti Mặc 1,"<Thanh Sơn Trấp Bút · Nhẹ Nhàng Tích Lũy> Khi đánh trúng đơn vị có chân khí dưới 30%, bản thân sẽ nhận hiệu ứng [Thừa Phong] ngắn ngủi. (Có thể thi triển phiên bản cường hóa của liên kích trên không)",1,-1.0,0
21061505,Bội · Khiên Ti Ngọc Kim 2,"<Cửu Trùng Xuân Sắc · Nhẹ Nhấn Tích Lũy> Mỗi lần đánh trúng đơn vị chưa ở trạng thái phòng ngự, sẽ gây thêm 1 điểm chân khí thương tổn, và thêm 1 tầng hiệu ứng [Xuân Ý], sau khi tích đủ 18 tầng [Xuân Ý] sẽ khiến mục tiêu bị Định Thân 0.6 giây.",1,-1.0,0
21061506,Bội · Khiên Ti Ngọc Kim 3,"<Dù · Khinh Kích> Mỗi lần đánh trúng đơn vị chưa ở trạng thái phòng ngự, bản thân nhận 1 tầng cộng thêm 6% sát thương và trị liệu, tối đa cộng dồn 3 tầng, duy trì 6 giây.",1,-1.0,0
21061507,Bội · Khiên Ti · Ngọc Tử 4,"<Cửu Trùng Xuân Sắc · Trọng Kích Súc Lực> Khi tấn công phạm vi rơi trúng mục tiêu đã Khí Kiệt, sẽ gây thêm hiệu ứng hất tung, mục tiêu sẽ không bị hiệu ứng hất tung này trong 10 giây.",1,-1.0,0
21061508,Bội · Khiên Ti · Ngọc Kim 4,"<Cửu Trùng Xuân Sắc · Trọng kích súc lực> hạ lạc phạm vi công kích mệnh trung chân khí thấp hơn 30% đơn vị thời, sẽ ngoài định mức tạo thành phù không hiệu quả, mục tiêu 10 giây nội sẽ không lần nữa đã chịu đến cái này phù không hiệu quả.",1,-1.0,0
21061601,Bội · Khiên Ti Lâm Tử 1,"<Trọng Kích: Điểm Thúy Triêm Y> khi thi triển lên mục tiêu đang chịu sát thương hoặc bị khống chế, hiệu quả trị liệu tăng thêm 30%.",1,-1.0,0
21061602,Bội · Khiên Ti Lâm Tím 2,"<Tán · Khinh Kích> Mỗi lần đánh trúng đơn vị đang chịu trạng thái bị đánh hoặc bị khống chế, bản thân sẽ nhận 1 tầng cộng thêm 5% sát thương và trị liệu, tối đa cộng dồn 3 tầng, duy trì 6 giây.",1,-1.0,0
21061603,Bội · Khiên Ti Lâm Tím3,"<Kỹ năng Trọng Kích: Bách Lộ Điêu Tàn> khi đánh trúng địch nếu nội lực bản thân trên 50%, bản thân sẽ nhận trạng thái Cường Tráng trong 2 giây, hiệu quả Cường Tráng có thể kích hoạt mỗi 20 giây một lần.",1,-1.0,0
21061604,Bội · Khiên Ti Lâm Kim 1,"<Trọng Kích: Điểm Thúy Triêm Y> Khi thi triển lên mục tiêu đang trong trạng thái bị đánh hoặc bị khống chế, hiệu quả trị liệu tăng 30%, đồng thời khiến mục tiêu nhận hiệu quả Cường Tráng kéo dài 3 giây, hiệu quả Cường Tráng có thể kích hoạt mỗi 15 giây một lần.",1,-1.0,0
21061605,Bội · Khiên Ti Lâm Kim 2,"<Dù Khinh Kích> Mỗi lần đánh trúng đơn vị chưa ở trạng thái phòng ngự, bản thân nhận 1 tầng cộng thêm 6% sát thương và trị liệu, tối đa cộng dồn 3 tầng, duy trì 6 giây.",1,-1.0,0
21061606,Bội · Khiên Ti Kim 3,"<Kỹ năng Tích Lực: Bách Lộ Điêu Tàn> Khi đánh trúng địch mà Chân Khí bản thân cao hơn 30%, bản thân sẽ nhận trạng thái Cường Tráng trong 3 giây, hiệu ứng Cường Tráng có thể kích hoạt mỗi 20 giây một lần.",1,-1.0,0
21061607,Bội · Khiên Ty · Lâm Tử 4,"<Minh Xuyên Dược Điển · Dịch Võ> khi tung ra với đơn vị kiệt sức, còn hồi phục thêm 10 điểm Chân Khí.",1,-1.0,0
21061608,Bội · Khiên Ti · Lâm Kim 4,"<Minh Xuyên Dược Điển · Dịch Võ> khi tung ra với đơn vị có Chân Khí dưới 30%, còn hồi phục thêm 10 điểm Chân Khí.",1,-1.0,0
21061701,Hoàn · Phá Trúc Trần Tím 1,"<Võ học kỹ: Hồng Tiêu Hương Đoạn> trong trạng thái 【Táng Hoa】 khi gây sát thương lên đơn vị không ở trạng thái phòng ngự, sẽ hồi phục thêm nửa đóa tàn hồng, cứ 3 giây tối đa kích hoạt một lần.",1,-1.0,0
21061702,Hoàn · Phá Trúc Trần Tím 2,"<Võ học kỹ: Lý Hư Tảo Trần> Quét ngang ba đoạn phạm vi trúng đơn vị trong trạng thái khí kiệt, sẽ thêm cho mục tiêu hiệu quả cấm xung phong và nhảy nhiều đoạn trong 5 giây.",1,-1.0,0
21061703,Hoàn · Phá Trúc Trần Tím 3,"<Kỹ năng đặc biệt: Lưu Phong Hồi Tuyết> Mỗi khi liên tục trúng cùng một đơn vị 6 lần, sẽ khiến mục tiêu chịu thêm 10 điểm chân khí sát thương.",1,-1.0,0
21061704,Hoàn · Phá Trúc Trần Kim 1,"<Kỹ năng võ học: Hồng Tiêu Hương Đoạn> Khi ở trạng thái 【Táng Hoa】 gây sát thương cho đơn vị không ở trạng thái phòng ngự, sẽ hồi phục thêm nửa đóa tàn hồng, đồng thời khiến bản thân nhận được hiệu quả cường nhận 2 giây, tối đa kích hoạt một lần sau mỗi 3 giây.",1,-1.0,0
21061705,Hoàn · Phá Trúc Trần Kim 2,"<Võ học Kỹ: Lý Hư Tảo Trần> Quét ngang phạm vi ba đoạn trúng đơn vị có Chân Khí dưới 30%, sẽ thêm hiệu ứng cấm Trì Độn và nhảy nhiều lần trong 5 giây cho mục tiêu.",1,-1.0,0
21061706,Hoàn · Phá Trúc Trần Kim 3,"<Kỹ năng đặc biệt: Lưu Phong Hồi Tuyết> mỗi khi liên tục đánh trúng cùng một đơn vị 5 lần, sẽ khiến mục tiêu chịu thêm 12 điểm sát thương Chân Khí.",1,-1.0,0
21061707,Hoàn · Phá Trúc · Trần Tử 4,"<Kỹ năng đặc biệt: Phần Sào Đảo Huyệt> phát nổ dựa trên số lượng đơn vị địch trúng, khiến bản thân nhận được 1 tầng tăng sát thương trong 10 giây, tối đa tính 4 người. Mỗi khi trúng một đơn vị cường tráng, nhận thêm một tầng.",1,-1.0,0
21061708,Hoàn · Phá Trúc · Trần Kim 4,"<Kỹ năng đặc thù: Phần Sào Đảo Huyệt>khi phát nổ theo số lượng đơn vị địch trúng, khiến bản thân nhận được 1 tầng tăng sát thương 2.4% trong 10 giây, tối đa tính 5 người. Mỗi khi trúng một đơn vị cường tráng, nhận thêm 1 tầng.",1,-1.0,0
21061801,Bội · Phá Trúc Trần Tím1,"<Kỹ năng súc lực: Tiêu Minh Triệt Dã> mỗi khi trúng một đơn vị, khiến bản thân nhận được hiệu quả cường nhận 0.5 giây, nhiều nhất tính 4 người, khi trúng đơn vị cường nhận sẽ nhận được hiệu quả gấp đôi. Mỗi 15 giây có thể kích hoạt một lần.",1,-1.0,0
21061802,Bội · Phá Trúc Trần Tím 2,"<Tán·Khinh Kích> Mỗi lần đánh trúng đơn vị đang chịu đòn hoặc bị khống chế, bản thân nhận được 1 tầng 5% tăng sát thương và trị liệu, tối đa cộng dồn 3 tầng, duy trì 6 giây.",1,-1.0,0
21061803,Bội · Phá Trúc Trần Tím 3,"<Phi Tiêu Dây · Khinh Kích> liên tục trúng đích cùng một đơn vị (cách nhau không quá 2 giây) 4 lần, nhận thêm một miếng bài Ân.",1,-1.0,0
21061804,Bội · Phá Trúc Trần Kim 1,"<Kỹ năng súc lực: Tiêu minh triệt dã> mỗi khi trúng một đơn vị, khiến bản thân nhận được hiệu quả cường nhận 0.6 giây, nhiều nhất tính 5 người, khi trúng đơn vị cường nhận sẽ nhận được hiệu quả gấp đôi. Có thể kích hoạt một lần mỗi 15 giây.",1,-1.0,0
21061805,Bội Phá Trúc Trần Kim 2,"<Ô dù · Khinh Kích> mỗi lần trúng đơn vị không ở trạng thái phòng ngự, khiến bản thân nhận được 1 tầng 6% sát thương và tăng trị liệu, tối đa cộng dồn 3 tầng, duy trì 6 giây.",1,-1.0,0
21061806,Bội · Phá Trúc Trần Kim 3,"<Phi Tiêu Dây · Khinh Kích> liên tục trúng cùng một đơn vị (cách nhau không quá 2 giây) 3 lần, nhận thêm một miếng ân tự bài.",1,-1.0,0
21061807,Bội · Phá Trúc · Trần Tử 4,"<Kỹ năng súc lực: Linh Lung Bào Ảnh> Khi trúng đơn vị không ở trạng thái phòng ngự, thêm 15% giảm trị liệu trong 10 giây.",1,-1.0,0
21061808,Bội · Phá Trúc · Trần Kim 4,"<Kỹ năng súc lực: Linh Lung Bào Ảnh> trúng đơn vị không ở trạng thái phòng ngự, thêm 10 giây giảm trị liệu 20%. Nếu mục tiêu còn ở trạng thái cường tráng, thì giảm trị liệu 40%.",1,-1.0,0
21061901,Vòng · Liệt Thạch · Quân Tử 1,"<Kỹ năng Võ học: Bạch Nhận Sát Tướng> đoạn cuối trúng mục tiêu bị đánh hoặc bị khống chế, hồi phục 1 điểm Đao Thế cho bản thân, mỗi 3 giây có thể kích hoạt một lần.",1,-1.0,0
21061902,Hoàn · Liệt Thạch · Quân Tử 2,"<Kỹ năng đặc biệt: Phi Hồng Đạp Tuyết> khi đánh trúng đơn vị chưa ở trạng thái phòng ngự, sát thương thêm 15%.",1,-1.0,0
21061903,Hoàn · Liệt Thạch · Quân Tử 3,"<Kỹ năng đặc biệt: Hoán Thiên Quân> Triệu hồi An Tây quân nếu trúng mục tiêu không ở trong trạng thái phòng ngự, khiến mục tiêu chịu thêm 10 điểm sát thương Chân Khí, 3 giây có thể kích hoạt một lần.",1,-1.0,0
21061904,Hoàn · Liệt Thạch · Quân Kim 1,"<Kỹ năng Võ học: Bạch Nhận Sát Tướng> đoạn cuối cùng trúng đơn vị đang bị đánh hoặc bị khống chế, hồi phục 1 điểm thế đao và 15 điểm Chân Khí, có thể kích hoạt một lần sau mỗi 3 giây.",1,-1.0,0
21061905,Hoàn · Liệt Thạch · Quân Kim 2,"<Kỹ năng đặc biệt: Phi Hồng Đạp Tuyết> Khi trúng mục tiêu không ở trong trạng thái phòng ngự, sẽ gây thêm 20% sát thương, đồng thời bản thân hút 30% Khí Huyết.",1,-1.0,0
21061906,Hoàn · Liệt Thạch · Quân Kim 3,"<Kỹ năng đặc biệt: Hoán Thiên Quân> Quân An Tây được triệu hồi nếu đánh trúng đơn vị không ở trạng thái phòng ngự, khiến mục tiêu chịu thêm 15 điểm sát thương Chân Khí, có thể kích hoạt một lần sau mỗi 3 giây.",1,-1.0,0
21061907,Hoàn · Liệt Thạch · Quân Tử 4,"<Kỹ năng Võ học: Đãng Bát Hoang> Khi đánh trúng mục tiêu không ở trong trạng thái phòng ngự, khiến mục tiêu chịu sát thương tăng 10% trong 10 giây.",1,-1.0,0
21061908,Vòng · Liệt Thạch · Quân Kim 4,"<Kỹ năng Võ học: Đãng Bát Hoang> Khi đánh trúng mục tiêu không ở trong trạng thái phòng ngự, khiến mục tiêu chịu sát thương tăng 10% trong 10 giây, đồng thời bản thân nhận hiệu quả Cường Nhẫn trong 3 giây.",1,-1.0,0
21062001,Bội · Liệt Thạch · Quân Tử 1,"<Trọng kích phản kích kỹ: Bạt Tuyết Tầm Xuân> khi đánh trúng mục tiêu ở trạng thái phòng ngự, gây thêm 20% sát thương.",1,-1.0,0
21062002,Bội · Liệt Thạch · Quân Tử 2,"<Khinh Kích súc lực: Sương Thượng Trủng> Liên tục trúng mục tiêu (cách nhau không quá 2 giây) 4 lần, khiến mục tiêu chịu thêm 10 điểm Sát thương Chân Khí.",1,-1.0,0
21062003,Bội·Liệt Thạch·Quân Tử 3,"<Kỹ năng súc lực: Phần thử tâm> Khi đánh trúng đơn vị không ở trạng thái phòng ngự, sẽ thêm 15% giảm hiệu quả trị liệu trong vòng 10 giây. Nếu mục tiêu còn ở trạng thái Cường Nhận, thì hiệu quả trị liệu giảm 30%.",1,-1.0,0
21062004,Bội·Liệt Thạch·Quân Kim 1,"<Kỹ năng phản kích Trọng Kích: Bạt Tuyết Tầm Xuân> khi trúng đơn vị ở trạng thái phòng ngự, gây thêm 25% sát thương, và hồi phục 10 điểm Chân Khí cho bản thân.",1,-1.0,0
21062005,Bội·Liệt Thạch·Quân Kim 2,"<Khinh Kích Súc Lực Kỹ: Trủng Thượng Sương> liên tục trúng mục tiêu cùng một đơn vị (cách nhau không quá 2 giây) 3 lần, khiến mục tiêu chịu thêm 10 điểm Chân Khí Sát thương, đồng thời khiến bản thân nhận được hiệu quả Nhiệt Huyết Nan Lương.",1,-1.0,0
21062006,Bội · Liệt Thạch · Quân Kim 3,"<Kỹ năng súc lực: Đốt Tâm> Khi trúng mục tiêu không ở trong trạng thái phòng ngự, sẽ kèm theo hiệu quả giảm 20% trị liệu trong 10 giây. Nếu mục tiêu đang ở trạng thái Cường Nhẫn, hiệu quả trị liệu sẽ giảm 40%.",1,-1.0,0
21062007,Bội · Liệt Thạch · Quân Tử 4,"<Khinh Kích phản kích kỹ: Tuyền Hạ Đống> khi đánh trúng đơn vị không ở trạng thái phòng ngự, khiến bản thân nhận được 10% hút Khí Huyết, duy trì 10 giây.",1,-1.0,0
21062008,Bội · Liệt Thạch · Quân Kim 4,"<Khinh Kích Phản Kích Kỹ: Tuyền Hạ Đống> Khi đánh trúng kẻ địch không ở trong trạng thái phòng ngự, bản thân sẽ nhận 15% hút Khí Huyết, duy trì 10 giây.",1,-1.0,0
21069111,Minh Xuyên Dược Điển Tâm Pháp,【Minh Xuyên Dược Điển】 Võ học chiêu thức #Y Tọa Khán Vân Khởi#E sẽ tăng hiệu ứng giảm sát thương duy trì cho đồng đội.,1,-1.0,0
21070011,Lật Khí Hải,"Miễn nhiễm trạng thái Hư Khí một lần, đồng thời hồi phục một nửa Chân Khí, thời gian điều tức là #Y300#E giây.",1,-1.0,0
21070012,Đảo Khí Hải,Hồi phục 49 điểm chân khí,1,1.0,0
21070021,Thú cùng đường cũng vùng vẫy,Buff chính · Khi máu dưới tỷ lệ nhất định sẽ tạo ra lá chắn khi bị tấn công,1,-1.0,0
21070022,Thú cùng đường vẫn chiến,Khiên chắn.,1,8.0,0
21070031,Đảo Khí Hải,"Miễn nhiễm trạng thái Hư Không Chân Khí một lần, đồng thời hồi phục đầy Chân Khí, thời gian điều tức là #Y180#E giây.",1,-1.0,0
21070032,Liễm tức phục nguyên,"Trong thời gian lá chắn duy trì, miễn dịch với sát thương Chân Khí.",1,8.0,0
21070041,Thú cùng đường phải chiến,Buff chính · Khi máu dưới một tỷ lệ nhất định sẽ tạo ra lá chắn khi bị tấn công,1,-1.0,0
21070042,Thú cùng đường cũng biết phản kháng,Khiên bảo vệ.,1,8.0,0
21070051,Thủ Quan Nguyên,"Miễn nhiễm một lần sát thương Bạo Kích sau đó hồi phục 15% Khí Huyết, và trong 3 giây được miễn sát thương, thời gian điều tức là #Y180#E giây.",1,-1.0,0
21070052,Thủ Quan Nguyên,"Miễn chịu sát thương trong 3 giây, đồng thời hồi phục 20% khí huyết.",1,3.0,0
21070061,Hóa Thần Khuyết,"Miễn nhiễm một lần sát thương đơn lẻ vượt quá 20% máu tối đa, thời gian điều tức #Y180#E giây.",1,-1.0,0
21070062,Hóa Thần Khuyết,Miễn nhiễm một lần sát thương.,1,1.0,0
21070071,Mặc Sơn Đạo · Hỏa,,1,-1.0,0
21070081,Mặc Sơn Đạo·Thủy,,1,-1.0,0
21070091,Mặc Sơn Đạo · Độc,,1,-1.0,0
21070101,Cửu Khúc Kinh Thần Thương · Phàm,,1,-1.0,0
21070111,Cửu Khúc Kinh Thần Thương · Anh,,1,-1.0,0
21070121,Cửu Khúc Kinh Thần Thương · Phong,,1,-1.0,0
21070131,Cửu Khúc Kinh Thần Thương · Hoàng,,1,-1.0,0
21070141,Vô Danh Thương Pháp · Phàm,,1,-1.0,0
21070151,Vô Danh Thương Pháp·Anh,,1,-1.0,0
21070161,Vô Danh Thương Pháp · Phong,,1,-1.0,0
21070171,Vô Danh Thương Pháp · Hoàng,,1,-1.0,0
21070181,Tích Cựu Cửu Kiếm · Phàm,,1,-1.0,0
21070191,Tích Cự Cửu Kiếm · Anh,,1,-1.0,0
21070201,Tích Cự Cửu Kiếm·Phong,,1,-1.0,0
21070211,Tích Cự Cửu Kiếm · Hoàng,,1,-1.0,0
21070221,Vô Danh Kiếm Pháp · Phàm,,1,-1.0,0
21070231,Vô Danh Kiếm Pháp · Anh,,1,-1.0,0
21070241,Vô Danh Kiếm Pháp · Phong,,1,-1.0,0
21070251,Vô Danh Kiếm Pháp · Hoàng,,1,-1.0,0
21070261,Than Sinh Đao Pháp · Phàm,,1,-1.0,0
21070271,Than Sinh Đao Pháp · Anh,,1,-1.0,0
21070281,Than Sinh Đao Pháp · Phong,,1,-1.0,0
21070291,Than Sinh Đao Pháp · Hoàng,,1,-1.0,0
21070301,Bát Phương Phong Lôi Thương · Phàm,,1,-1.0,0
21070311,Bát Phương Phong Lôi Thương·Anh,,1,-1.0,0
21070321,Bát Phương Phong Lôi Thương · Phong,,1,-1.0,0
21070331,Bát Phương Phong Lôi Thương · Hoàng,,1,-1.0,0
21070341,Cửu Trùng Xuân Sắc · Phàm,,1,-1.0,0
21070351,Cửu Trùng Xuân Sắc · Anh,,1,-1.0,0
21070361,Cửu Trùng Xuân Sắc · Phong,,1,-1.0,0
21070371,Cửu Trùng Xuân Sắc · Hoàng,,1,-1.0,0
21070381,Thanh Sơn chấp bút · Phàm,,1,-1.0,0
21070391,Thanh Sơn Chấp Bút · Anh,,1,-1.0,0
21070401,Thanh Sơn Chấp Bút · Phong,,1,-1.0,0
21070411,Thanh Sơn Chấp Bút · Hoàng,,1,-1.0,0
21070421,Minh Xuyên Dược Điển · Phàm,,1,-1.0,0
21070431,Minh Xuyên Dược Điển·Anh,,1,-1.0,0
21070441,Minh Xuyên Dược Điển · Phong,,1,-1.0,0
21070451,Minh Xuyên Dược Điển · Hoàng,,1,-1.0,0
21070461,Thiên Hương Dẫn Hồn Cổ · Phàm,,1,-1.0,0
21070471,Thiên Hương Dẫn Hồn Cổ · Anh,,1,-1.0,0
21070481,Thiên Hương Dẫn Hồn Cổ · Phong,,1,-1.0,0
21070491,Thiên Hương Dẫn Hồn Cổ · Hoàng,,1,-1.0,0
21071000,Nút 1 nhánh 1,,1,-1.0,0
21071001,Nút 1 phân nhánh 2,,1,-1.0,0
21071002,Tiết điểm 1 phân chi 3,,1,-1.0,0
21071003,Ngọc Đấu,"Sau khi tung kỹ năng võ học có thể kích hoạt hiệu ứng Ngọc Đấu: Sát thương Hội Ý tăng #Y10%#E, và đối với mục tiêu đang ở trạng thái khống chế hoặc giá trị Chân Khí dưới #Y40%#E, sát thương Hội Ý gây ra tăng thêm #Y15%#E, duy trì #Y8#E giây. Hiệu ứng này cứ mỗi #Y12#E giây chỉ có thể phát huy một lần.",1,-1.0,0
21071004,Phi Chuẩn,"Khi tất cả sát thương gây ra kích hoạt Hội Ý, Tấn công Ngoại Công đều sẽ tăng #Y2%#E, duy trì #Y5#E giây, có thể cộng dồn tối đa #Y5#E tầng.",1,-1.0,0
21071005,Thời Vũ,"Gây ra tất cả sát thương Hội Tâm và trị liệu tăng #Y10%#E, và khi bản thân ở trạng thái lá chắn Khí Huyết sẽ tăng thêm #Y15%#E.",1,-1.0,0
21071006,Yến Quy,"Khinh Kích và hiệu ứng kích hoạt Khinh Kích (ví dụ như Rodents) gây thêm #Y10%#E Sát thương Ngoại Công lên mục tiêu có Chân Khí dưới #Y40%#E, và thêm #Y2.5%#E lên mục tiêu Khí Kiệt.",1,-1.0,0
21071007,Hoán Hoa,"Trong trạng thái Khí Huyết đầy đủ có thêm #Y5%#E xác suất tạo ra trị liệu Bạo Kích và sát thương Bạo Kích, và hiệu quả trị liệu Bạo Kích và sát thương Bạo Kích tăng #Y15%#E.",1,-1.0,0
21071008,Yên Liễu Trùng Trùng,"Trọng kích / Trọng kích truy kích trúng đích sẽ khiến sát thương khinh kích / kỹ năng đạn đạo tăng #Y12%#E, duy trì #Y15#E giây; ngược lại cũng vậy. Hiệu quả nhận được #5# giây sau khi nhận lại có thể làm mới thời gian.",1,-1.0,0
21071009,Liên Tinh,Đồng thì mệnh trung bất thiểu vu 2 cá địch nhân dĩ cập mệnh trung thủ lĩnh thì，tự thân hoạch đắc 1 tằng liên tinh hiệu quả：5 miểu nội võ học kỹ tạo thành đích thương hại đề thăng 3%，tối đa khả điệp gia 5 tằng，mỗi thụ đáo 1 thứ thương hại giảm thiểu 1 tằng，mỗi miểu tối đa điệp gia lưỡng tằng liên tinh。,1,-1.0,0
21071010,Đoạn Nhạc,"Gây ra sát thương Khí Huyết tăng #Y5%#E, Khinh Kích · Phái sinh kỹ và Trọng Kích · Phái sinh kỹ gây sát thương Khí Huyết tăng thêm #Y5%#E.",1,-1.0,0
21071011,Cấp Phong Trứu,"Sát thương trọng kích trên không tăng #Y10%#E, và có thể gây thêm hiệu ứng đánh ngã. Hiệu ứng đánh ngã chỉ có thể được kích hoạt một lần sau mỗi #Y10#E giây.",1,-1.0,0
21071012,Nhạc Sơn Khuynh,"Đối với mục tiêu có giá trị Khí Huyết cao hơn #Y50#E% gây sát thương tăng #Y5#E%, cứ thêm #Y5%#E Khí Huyết sẽ tăng thêm #Y1%#E, tối đa tăng #Y10#E%.",1,-1.0,0
21071013,Nút 2 nhánh 1,,1,-1.0,0
21071014,Nhánh 2 của nút 2,,1,-1.0,0
21071015,Nút 2 phân nhánh 3,,1,-1.0,0
21071016,Dịch Tương,Một cái chỉ còn một cái cuối cùng,1,-1.0,0
21071017,Ưng Dương,"Mỗi khi gây sát thương hoặc trị liệu liên tục có thể thêm hiệu quả Ưng Dương #Y1#E tầng cho bản thân: Chịu sát thương giảm #Y1.2%#E, kéo dài #Y10#E giây, có thể cộng dồn tối đa #Y5#E tầng. Khi đủ tầng có thể nhận được hiệu quả Ưng Hộ: Trong #Y10#E giây, lần chịu đòn tiếp theo giảm sát thương #Y90%#E (nguồn là thủ lĩnh thì hiệu quả giảm một nửa), hiệu quả này mỗi #Y30#E giây chỉ có thể kích hoạt một lần.",1,-1.0,0
21071018,Quế Nguyệt,"Phòng ngự trung bị công kích, hữu #Y30#E% khái suất sản sinh nhất cá hấp thu thương hại lượng vi #Y10#E% khí huyết thượng hạn đích hộ thuẫn, trì tục #Y20#E miểu, như đương tiền dĩ tồn tại hộ thuẫn, tắc ngạch ngoại hồi phục #Y2%#E khí huyết trị. Thử hiệu quả mỗi #Y60#E miểu chỉ năng sinh hiệu nhất thứ.",1,-1.0,0
21071019,Giang Ngưng,"Tránh né hoàn mỹ kẻ địch có #Y50%#E xác suất hồi phục #Y10#E điểm thể lực, đồng thời dựa theo giá trị Khí Huyết hiện tại hồi phục máu: Hồi phục cơ bản #Y1%#E Khí Huyết, Khí Huyết bản thân dưới 50% và 20%, phân biệt hồi phục thêm #Y2%#E (hồi phục cao nhất 5%).",1,-1.0,0
21071020,Lê Tuyết,"Khi chịu sát thương đơn lẻ vượt quá #Y40%#E Khí Huyết Tối Đa hoặc Khí Huyết của bản thân dưới #Y20%#E, lần trị liệu tiếp theo sẽ trị liệu thêm cho bản thân #Y25%#E Khí Huyết Tối Đa, tối đa có hiệu lực một lần mỗi 60 giây.",1,-1.0,0
21071021,Bất Tri Hàn,"Sau khi vào trạng thái chiến đấu, nếu giữ #Y10#E giây không bị sát thương, có thể lập tức nhận được hiệu quả Bất Tri Hàn: Sát thương lần bị đánh tiếp theo và tất cả sát thương phải chịu trong #Y2#E giây sau khi bị đánh đều có thể giảm #Y40%#E. Hiệu ứng Bất Tri Hàn sẽ bị loại bỏ khi rời khỏi trạng thái chiến đấu.",1,-1.0,0
21071022,Bão Ngọc,"Khi khoảng cách di chuyển vượt quá 6 mét trong 1 giây, bản thân nhận được hiệu ứng Bão Ngọc: Sát thương Khí Huyết và sát thương Chân Khí nhận phải trong 5 giây giảm 15%, hiệu ứng này chỉ có thể phát huy tác dụng một lần sau mỗi 20 giây.",1,-1.0,0
21071023,Huyền Giáp,"Khi bản thân ở trạng thái #Y cường tráng#E, sát thương Khí Huyết phải chịu giảm #Y5%#E. Dưới trạng thái cường tráng bị đánh, bản thân nhận được hiệu quả #Y che chở#E kéo dài 5 giây có thể cộng dồn 5 tầng: Xác suất chịu sát thương hội tâm giảm 2%, xác suất chịu sát thương hội ý giảm 1%.",1,-1.0,0
21071024,Lăng Ba Bộ,"Khi gỡ thế thành công sẽ kích hoạt hiệu quả phụ, tiếp theo trong vòng #Y2#E giây chịu tất cả sát thương giảm #Y20%#E, có thể cộng dồn tối đa #Y3#E tầng.",1,-1.0,0
21071025,Ngự Vô Khuyết,"Giảm sát thương phải chịu #Y5%#E, khi Khí Huyết dưới #Y60%#E, mỗi khi mất #Y10%#E máu, giảm sát thương phải chịu thêm #Y1%#E, tối đa cộng dồn #Y5#E tầng.",1,-1.0,0
21071026,Tiết điểm 3 phân nhánh 1,,1,-1.0,0
21071027,Nút 3 nhánh 2,,1,-1.0,0
21071028,Nút 3 nhánh 3,,1,-1.0,0
21071029,Tự chọn thuộc tính tấn công tối đa 1,,1,-1.0,0
21071030,Tự chọn thuộc tính tấn công tối đa 2,,1,-1.0,0
21071031,Tự chọn công kích thuộc tính tối đa 3,,1,-1.0,0
21071032,Tự chọn thuộc tính công tối đa 4,,1,-1.0,0
21071033,Tự chọn thuộc tính công nhỏ nhất 1,,1,-1.0,0
21071034,Tự chọn thuộc tính công nhỏ nhất 2,,1,-1.0,0
21071035,Tự chọn công nhỏ nhất 3,,1,-1.0,0
21071036,Tự chọn thuộc tính công nhỏ nhất 4,,1,-1.0,0
21071037,Tự chọn Tỷ lệ Hội Tâm,,1,-1.0,0
21071038,Tự chọn Hội Ý Suất,,1,-1.0,0
21071039,Sát thương hội ý tự chọn,,1,-1.0,0
21071040,Tự chọn sát thương hội ý,,1,-1.0,0
21071041,Tự chọn công kích thuộc tính tối đa 1,,1,-1.0,0
21071042,Tự chọn thuộc tính công tối đa 2,,1,-1.0,0
21071043,Tự chọn Tấn công thuộc tính tối đa 3,,1,-1.0,0
21071044,Tự chọn thuộc tính tấn công tối đa 4,,1,-1.0,0
21071045,Tấn công Ngoại Công tối thiểu,,3,-1.0,0
21071046,Tấn công Ngoại Công tối đa,,3,-1.0,0
21071047,Khí Huyết Tối Đa,,3,-1.0,0
21071048,Phòng ngự ngoại công,,3,-1.0,0
21071049,Vô Tướng Xuyên Thấu,,1,-1.0,0
21071050,Điều trị quá mức,,1,-1.0,0
21071051,Kéo dài Khí kiệt,,1,-1.0,0
21071052,Tượng tâm,,1,-1.0,0
21071053,Khéo Léo Chạm Khắc,,1,-1.0,0
21071054,Quyết pháp,,1,-1.0,0
21071055,Bão ẩm,,1,-1.0,0
21071056,Công thức · Tủ,,1,-1.0,0
21071057,Bất Diệt,,1,-1.0,0
21071058,Cố thủ,,1,-1.0,0
21071059,Hãn nhiên,,1,-1.0,0
21071060,Thiên Công chuyển hóa,,1,-1.0,0
21079111,Đội ngũ ẩn thân,,1,-1.0,0
21080001,Cộng thêm Sát thương,Cộng thêm sát thương,1,-1.0,0
21080002,Cộng thêm sát thương,Sát thương cộng thêm,1,-1.0,0
21080003,Cộng thêm sát thương,Cộng thêm sát thương,1,-1.0,0
21080004,Cộng thêm sát thương,Cộng thêm sát thương,1,-1.0,0
21080005,Tăng thêm sát thương,Cộng thêm sát thương,1,-1.0,0
21080006,Cộng thêm sát thương,Cộng thêm sát thương,1,-1.0,0
21080007,Cộng thêm sát thương,Cộng thêm sát thương,1,-1.0,0
21080008,Cộng thêm sát thương,Cộng thêm sát thương,1,-1.0,0
21080009,Tăng thêm sát thương,Cộng thêm sát thương,1,-1.0,0
21080010,Cộng thêm sát thương,Cộng thêm sát thương,1,-1.0,0
21080011,Cộng thêm sát thương,Tăng thêm sát thương,1,-1.0,0
21080012,Cộng thêm sát thương,Cộng thêm sát thương,1,-1.0,0
21080013,Cộng thêm sát thương,Cộng thêm sát thương,1,-1.0,0
21080014,Tăng thêm sát thương,Cộng thêm sát thương,1,-1.0,0
21080015,Cộng thêm sát thương,Cộng thêm sát thương,1,-1.0,0
21080016,Cộng thêm sát thương,Cộng thêm sát thương,1,-1.0,0
21080017,Cộng thêm sát thương,Cộng thêm sát thương,1,-1.0,0
21080018,Cộng dồn sát thương,Tăng thêm sát thương,1,-1.0,0
21080019,Cộng thêm sát thương,Cộng thêm sát thương,1,-1.0,0
21080020,Cộng thêm sát thương,Tăng thêm sát thương,1,-1.0,0
21080101,Giảm trừ sát thương,Giảm sát thương,1,-1.0,0
21080102,Giảm sát thương,Giảm sát thương,1,-1.0,0
21080103,Giảm sát thương,Giảm sát thương,1,-1.0,0
21080104,Giảm sát thương,Giảm sát thương,1,-1.0,0
21080105,Giảm sát thương,Giảm sát thương,1,-1.0,0
21080106,Giảm sát thương,Giảm sát thương,1,-1.0,0
21080107,Giảm sát thương,Giảm sát thương,1,-1.0,0
21080108,Giảm sát thương,Giảm sát thương,1,-1.0,0
21080109,Giảm sát thương,Giảm sát thương,1,-1.0,0
21080110,Giảm sát thương,Giảm sát thương,1,-1.0,0
21080111,Giảm sát thương,Giảm sát thương,1,-1.0,0
21080112,Giảm sát thương,Giảm sát thương,1,-1.0,0
21080113,Giảm sát thương,Giảm sát thương,1,-1.0,0
21080114,Giảm sát thương,Giảm sát thương,1,-1.0,0
21080115,Giảm sát thương,Giảm sát thương,1,-1.0,0
21080116,Giảm sát thương,Giảm sát thương,1,-1.0,0
21080117,Giảm trừ sát thương,Giảm sát thương,1,-1.0,0
21080118,Giảm sát thương,Giảm sát thương,1,-1.0,0
21080119,Giảm sát thương,Giảm sát thương,1,-1.0,0
21080120,Giảm sát thương,Giảm sát thương,1,-1.0,0
21080201,Tăng cường tấn công bằng tiếng chiêng,Tăng cường tấn công Minh Kim,1,-1.0,0
21080202,Tăng cường tấn công Minh Kim,Tăng cường tấn công Minh Kim,1,-1.0,0
21080203,Tăng cường tấn công Minh Kim,Tấn công khi gõ chuông tăng,1,-1.0,0
21080204,Tăng cường tấn công Minh Kim,Tăng cường tấn công khi gõ chuông,1,-1.0,0
21080205,Tăng tấn công Minh Kim,Tăng cường tấn công Minh Kim,1,-1.0,0
21080206,Tăng cường Tấn công Minh Kim,Tăng cường tấn công Minh Kim,1,-1.0,0
21080207,Tăng cường tấn công Minh Kim,Tăng tấn công Minh Kim,1,-1.0,0
21080208,Tăng cường tấn công Minh Kim,Tăng cường tấn công Minh Kim,1,-1.0,0
21080209,Tăng cường tấn công Minh Kim,Tăng cường tấn công Minh Kim,1,-1.0,0
21080210,Tăng cường tấn công khi gõ chiêng,Tấn công Minh Kim nâng cao,1,-1.0,0
21080211,Tăng cường tấn công Minh Kim,Tăng cường Tấn công Cờ Hiệu,1,-1.0,0
21080212,Tăng cường tấn công Minh Kim,Tăng cường tấn công Minh Kim,1,-1.0,0
21080213,Tăng cường tấn công Minh Kim,Tăng cường tấn công Minh Kim,1,-1.0,0
21080214,Tăng cường tấn công Minh Kim,Tấn công Minh Kim tăng cường,1,-1.0,0
21080215,Tăng cường tấn công Còi Vàng,Tăng cường tấn công Minh Kim,1,-1.0,0
21080216,Tăng cường tấn công Minh Kim,Tăng tấn công Minh Kim,1,-1.0,0
21080217,Tăng cường tấn công Minh Kim,Tăng cường tấn công Minh Kim,1,-1.0,0
21080218,Tăng cường tấn công Minh Kim,Tăng cường tấn công Minh Kim,1,-1.0,0
21080219,Tăng cường tấn công Minh Kim,Tăng cường tấn công khi gõ trống,1,-1.0,0
21080220,Tăng cường Tấn công Minh Kim,Tăng cường tấn công Minh Kim,1,-1.0,0
21080301,Tấn công Liệt Thạch,Tấn công Liệt Thạch,1,-1.0,0
21080302,Cường hóa Tấn công Liệt Thạch,Tấn công Liệt Thạch,1,-1.0,0
21080303,Tấn công Liệt Thạch,Tấn công Liệt Thạch,1,-1.0,0
21080304,Tấn công Liệt Thạch,Cường hóa Tấn công Liệt Thạch,1,-1.0,0
21080305,Cường hóa Tấn công Liệt Thạch,Tấn công Liệt Thạch,1,-1.0,0
21080306,Cường hóa Tấn công Liệt Thạch,Tấn công Liệt Thạch,1,-1.0,0
21080307,Tấn công Liệt Thạch,Tấn công Liệt Thạch,1,-1.0,0
21080308,Tăng cường Tấn công Liệt Thạch,Tấn công Liệt Thạch,1,-1.0,0
21080309,Tấn công Liệt Thạch,Cường hóa Tấn công Liệt Thạch,1,-1.0,0
21080310,Tấn công Liệt Thạch,Tấn công Liệt Thạch,1,-1.0,0
21080311,Tấn công Liệt Thạch,Tấn công Liệt Thạch,1,-1.0,0
21080312,Tấn công Liệt Thạch,Cường hóa Tấn công Liệt Thạch,1,-1.0,0
21080313,Tấn công Liệt Thạch,Tấn công Liệt Thạch,1,-1.0,0
21080314,Tăng cường Tấn công Liệt Thạch,Cường hóa Phá Thạch,1,-1.0,0
21080315,Tấn công Liệt Thạch,Tấn công Liệt Thạch,1,-1.0,0
21080316,Tăng cường Tấn công Liệt Thạch,Tấn công Liệt Thạch,1,-1.0,0
21080317,Cường hóa Tấn công Liệt Thạch,Tăng cường Tấn công Liệt Thạch,1,-1.0,0
21080318,Tấn công Liệt Thạch,Tấn công Liệt Thạch,1,-1.0,0
21080319,Tăng cường #C Tấn công Liệt Thạch#E,Tấn công Liệt Thạch,1,-1.0,0
21080320,Cường hóa Tấn công Liệt Thạch,Tấn công Liệt Thạch,1,-1.0,0
21080401,Tăng cường tấn công bằng Khiên Ti,Tăng cường Tấn công Khiên Ti,1,-1.0,0
21080402,Tăng cường Tấn công Khiên Ti,Tăng cường Tấn công bằng Khiên Ti,1,-1.0,0
21080403,Tăng cường Tấn công Khiên Ti,Tăng cường Tấn công Khiên Ti,1,-1.0,0
21080404,Tăng cường tấn công bằng tơ,Tăng cường tấn công bằng Khiên Ti,1,-1.0,0
21080405,Tăng cường tấn công bằng tơ,Tăng cường Tấn công Khiên Ti,1,-1.0,0
21080406,Tăng cường tấn công bằng Khiên Ti,Tăng cường Tấn công Khiên Ti,1,-1.0,0
21080407,Tăng cường Tấn công Khiên Ti,Tăng cường Tấn công Khiên Ti,1,-1.0,0
21080408,Tăng cường Tấn công Khiên Ti,Tấn công Khiên Ti tăng cường,1,-1.0,0
21080409,Tăng cường Tấn công bằng Khiên Ti,Tăng cường tấn công bằng tơ,1,-1.0,0
21080410,Tăng cường Tấn công Khiên Ti,Tăng cường tấn công bằng tơ,1,-1.0,0
21080411,Tăng cường tấn công bằng Khiên Ti,Tăng cường tấn công bằng Khiên Ti,1,-1.0,0
21080412,Tăng cường tấn công bằng Khiên Ti,Tăng cường Tấn công Dây tơ,1,-1.0,0
21080413,Tăng cường Tấn công Khiên Ti,Tăng cường tấn công bằng dây tơ,1,-1.0,0
21080414,Tăng cường tấn công bằng Khiên Ti,Tăng cường tấn công bằng tơ,1,-1.0,0
21080415,Tăng cường Tấn công Khiên Ti,Tăng sát thương Khiên Ti,1,-1.0,0
21080416,Tăng cường Tấn công Khiên Ti,Tăng cường tấn công bằng Khiên Ti,1,-1.0,0
21080417,Tấn công Khiên Ti tăng,Tăng cường tấn công bằng Khiên Ti,1,-1.0,0
21080418,Tăng cường Tấn công Khiên Ti,Tăng cường tấn công bằng Khiên Ti,1,-1.0,0
21080419,Tăng cường Tơ Lụa Tấn Công,Tăng cường tấn công bằng dây tơ,1,-1.0,0
21080420,Tăng cường Tấn công Khiên Ti,Tấn công Khiên Ti tăng,1,-1.0,0
21080601,Tăng cường Tấn công Phá Trúc,Tăng Cường Tấn công Phá Trúc,1,-1.0,0
21080602,Tăng cường tấn công Phá Trúc,Tăng tấn công Phá Trúc,1,-1.0,0
21080603,Tăng cường Tấn công Phá Trúc,Tăng cường tấn công Phá Trúc,1,-1.0,0
21080604,Tăng cường Tấn công Phá Trúc,Tăng cường Tấn công Phá Trúc,1,-1.0,0
21080605,Tấn công Phá Trúc tăng,Tăng cường Tấn công Phá Trúc,1,-1.0,0
21080606,Tăng cường tấn công Phá Trúc,Tăng cường Tấn công Phá Trúc,1,-1.0,0
21080607,Tăng cường Tấn công Phá Trúc,Tăng cường Tấn công Phá Trúc,1,-1.0,0
21080608,Tấn công Phá Trúc tăng cường,Tăng cường tấn công Phá Trúc,1,-1.0,0
21080609,Tăng tấn công Phá Trúc,Tăng cường tấn công Phá Trúc,1,-1.0,0
21080610,Tăng cường Tấn công Phá Trúc,Tăng cường Tấn công Phá Trúc,1,-1.0,0
21080611,Tấn công Phá Trúc tăng,Tăng cường Đả Phá,1,-1.0,0
21080612,Tăng cường Tấn công Phá Trúc,Tăng cường Tấn công Phá Trúc,1,-1.0,0
21080613,Tăng cường Tấn công Phá Trúc,Tăng cường Tấn công Phá Trúc,1,-1.0,0
21080614,Tấn công Phá Trúc tăng,Tăng cường Tấn công Phá Trúc,1,-1.0,0
21080615,Tăng cường Tấn công Phá Trúc,Tăng cường Tấn công Phá Trúc,1,-1.0,0
21080616,Tăng cường Tấn công Phá Trúc,Tấn công Phá Trúc tăng cường,1,-1.0,0
21080617,Tăng cường tấn công Phá Trúc,Tăng cường Phá Trúc Công,1,-1.0,0
21080618,Tăng cường tấn công Phá Trúc,Tăng cường tấn công Phá Trúc,1,-1.0,0
21080619,Tăng cường Tấn công Phá Trúc,Tấn công Phá Trúc tăng cường,1,-1.0,0
21080620,Tăng cường Tấn công Phá Trúc,Tăng cường Tấn công Phá Trúc,1,-1.0,0
21080701,Khí huyết tăng cường,Khí huyết tăng cường,1,-1.0,0
21080702,Tăng cường Khí Huyết,Tăng cường Khí Huyết,1,-1.0,0
21080703,Tăng cường Khí Huyết,Khí huyết tăng cường,1,-1.0,0
21080704,Tăng cường Khí Huyết,Khí huyết tăng cường,1,-1.0,0
21080705,Tăng cường Khí Huyết,Tăng Khí Huyết,1,-1.0,0
21080706,Tăng cường Khí Huyết,Tăng cường Khí Huyết,1,-1.0,0
21080707,Tăng cường Khí Huyết,Tăng cường Khí Huyết,1,-1.0,0
21080708,Khí huyết tăng cường,Tăng Khí Huyết,1,-1.0,0
21080709,Tăng Khí Huyết,Tăng cường Khí Huyết,1,-1.0,0
21080710,Tăng cường Khí Huyết,Tăng cường Khí Huyết,1,-1.0,0
21080711,Tăng cường Khí Huyết,Tăng Khí Huyết,1,-1.0,0
21080712,Tăng Khí Huyết,Tăng Khí Huyết,1,-1.0,0
21080713,Tăng cường Khí Huyết,Tăng cường Khí Huyết,1,-1.0,0
21080714,Tăng cường Khí Huyết,Tăng cường Khí Huyết,1,-1.0,0
21080715,Tăng cường Khí Huyết,Tăng Khí Huyết,1,-1.0,0
21080716,Tăng Khí Huyết,Tăng cường Khí Huyết,1,-1.0,0
21080717,Tăng cường Khí Huyết,Tăng cường Khí Huyết,1,-1.0,0
21080718,Tăng Khí Huyết,Tăng Khí Huyết,1,-1.0,0
21080719,Tăng Khí Huyết,Tăng Khí Huyết,1,-1.0,0
21080720,Tăng cường Khí Huyết,Tăng cường Khí Huyết,1,-1.0,0
21080721,Cường hóa Tấn công Liệt Thạch,Tăng {0}% sát thương Tấn công Liệt Thạch.,1,-1.0,0
21080722,Tăng cường tấn công Minh Kim,Tấn công Minh Kim tăng 20%.,1,-1.0,0
21080723,Tăng cường tấn công bằng tơ,Tấn công Khiên Ti tăng 20%.,1,-1.0,0
21080724,Tăng cường tấn công Phá Trúc,Tăng 20% tấn công Phá Trúc.,1,-1.0,0
21080725,Tăng cường tấn công Minh Kim,Tăng 20% tấn công Minh Kim.,1,-1.0,0
21080726,Tăng cường Tấn công Khiên Ti,Tăng 20% tấn công của Khiên Ti.,1,-1.0,0
21080727,Liệt Thạch · Uy · Sơ cấp,"Tăng {0}% sát thương Liệt Thạch. Khi nhận sát thương, sẽ gây ra một lần giảm thương {1}% kéo dài {2} giây lên nguồn gây sát thương.",1,-1.0,0
21080728,Liệt Thạch · Uy · Trung cấp,"Giảm 30% tỷ lệ giảm sát thương phòng ngự, nhưng khi phòng ngự thành công, tăng 20% sát thương Kỹ năng Trọng Kích của bản thân trong 12 giây.",1,-1.0,0
21080729,Liệt Thạch · Uy · Cao cấp,"Hiệu ứng khiên đỡ tăng 200%, thời gian hồi chiêu võ học giảm 60%. Khi khí huyết trên 50%, mỗi lần thi triển sẽ bỏ qua khiên đỡ và trừ 60% khí huyết hiện tại của bản thân. Khi khí huyết dưới 50%, sát thương Bạo Kích tăng lên.",1,-1.0,0
21080730,Minh Kim · Hồng · Sơ cấp,"Tăng 10% sát thương khi tấn công bằng Thôi Cổ. Sau khi thi triển Võ Học, tăng 10% sát thương cho Kỹ Năng Tích Lũy trong vòng 12 giây.",1,-1.0,0
21080731,Minh Kim · Hồng · Cao cấp,"Khả năng hồi phục thể lực tự nhiên giảm mạnh, nhưng khả năng hồi phục thể lực từ kỹ năng tăng 100%.",1,-1.0,0
21080732,Minh Kim · Hồng · Trung cấp,"Khi Khí Huyết trên 50%, Tỷ lệ Ý sẽ tăng 15%, Sát thương Ý tăng 30%; Khi Khí Huyết dưới 50%, sát thương gây ra giảm 30%, nhưng nhận được 20% Hút Máu Khí Huyết.",1,-1.0,0
21080733,Khiên Ti · Lâm · Sơ cấp,Tấn công bằng dây tăng 10%. Đơn vị đồng minh trên sân khi khí huyết trên 80% sẽ tăng 15% sát thương gây ra.,1,-1.0,0
21080734,Khiên Ti · Lâm · Trung cấp,"Đơn vị đồng minh trên sân sau khi nhận trị liệu Bạo Kích sẽ hồi phục 10 điểm chân khí và nhận một tầng lá chắn miễn thương, duy trì 3 giây, thời gian kích hoạt là 5 giây.",1,-1.0,0
21080735,Khiên Ti · Lâm · Cao cấp,"Lượng hồi máu không Bạo Kích mà đơn vị đồng minh trên sân phải chịu giảm 20%, nhưng lượng hồi máu Bạo Kích phải chịu tăng 30%.",1,-1.0,0
21080736,Phá Trúc · Phong · Sơ cấp,"Tăng 10% sát thương Phá Trúc Kích. Sau khi thi triển võ học, tăng 10% sát thương Khinh Kích (bao gồm cả đòn phối hợp của Chuột) gây ra trong 12 giây.",1,-1.0,0
21080737,Phá Trúc · Phong · Trung cấp,"Sát thương và chân khí sát thương giảm cố định 5%, nhưng trong vòng 12 giây sau khi né tránh hoàn hảo kích hoạt, sát thương và chân khí sát thương tăng 30%.",1,-1.0,0
21080738,Phá Trúc · Phong · Cao cấp,"Kẻ địch có 20% giảm sát thương cố định, mỗi lần nhận sát thương Bạo Kích sẽ khiến sát thương phải chịu trong 3 giây tăng 4%, tối đa cộng dồn 10 tầng.",1,-1.0,0
21080739,Minh Kim · Ảnh,"Tăng 10% sát thương tấn công Minh Kim. Trong vòng 12 giây sau khi thi triển võ học, tăng 10% sát thương gây ra do chảy máu và chảy máu nghiêm trọng.",1,-1.0,0
21080740,Minh Kim · Ảnh,"Khi Khí Huyết trên 50%, Tỷ lệ Hội Ý tăng 15%, Sát thương Hội Ý tăng 30%; Khi Khí Huyết dưới 50%, sát thương gây ra giảm 30%, nhưng nhận được 20% Hút Máu Khí Huyết.",1,-1.0,0
21080741,Minh Kim · Ảnh Tháp Phái,"Khả năng hồi phục thể lực tự nhiên giảm mạnh, nhưng kỹ năng hồi phục thể lực tăng 100%.",1,-1.0,0
21080742,Khiên Ti · Ngọc · Sơ cấp,"Tăng 10% sát thương đòn đánh kéo sợi. Sau khi thi triển võ học, tăng 10% sát thương Khinh Kích, đánh mạnh, đánh thường trên không, và Kỹ năng Trọng Kích gây ra trong vòng 12 giây.",1,-1.0,0
21080743,Khiên Ti · Ngọc · Trung cấp,"Kẻ địch có 5% giảm sát thương cố định, nhưng nhận sát thương tăng 30% khi bị khống chế, bay lên hoặc trúng hiệu ứng Trệ Cốt.",1,-1.0,0
21080744,Khiên Ti · Ngọc · Cao cấp,"Tăng 20% sát thương Bạo Kích, nhưng khi ở trên mặt đất, mỗi giây giảm 1% sát thương Bạo Kích, tối đa cộng dồn 40 tầng, rời khỏi mặt đất 1 giây sau tầng số sẽ trở về 0.",1,-1.0,0
21080745,Bị đánh bị động,,1,-1.0,0
21080746,Khiên miễn nhiễm sát thương,Miễn nhiễm sát thương khí huyết.,15,-1.0,0
21080747,Dễ bị thương,"Trong vòng 20 giây, nhận sát thương khí huyết tăng 30%.",1,20.0,0
21080748,Tăng sát thương khi đánh bại,,1,-1.0,0
21080749,Bị động chịu khống chế,,1,-1.0,0
21080750,Đánh bay lên không,,1,2.0,0
21080751,Định Thân,,1,0.2,0
21080752,Khiên chắn,Khiên chắn có thể hấp thụ tối đa 10% sát thương của lượng Khí Huyết.,1,-1.0,0
21080753,Phá Trúc · Bụi · Sơ cấp,"Tăng 10% sát thương Phá Trúc. Sau khi thi triển võ học, tăng 10% sát thương võ học gây ra trong 12 giây.",1,-1.0,0
21080754,Phá Trúc · Trần · Trung cấp,"Sát thương giảm cố định 5%, nhưng khi ở trạng thái Hồi Hồn, sát thương tăng 25%.",1,-1.0,0
21080755,Phá Trúc · Bụi · Cao cấp,"Khi gây sát thương Bạo Kích lên mục tiêu cách xa hơn 8 thước, tăng 5% sát thương Bạo Kích cho bản thân trong 10 giây, tối đa 5 tầng.",1,-1.0,0
21080756,Minh Kim · Cơ chế ải Hồng Quan,,1,-1.0,0
21080757,Cơ chế ải Minh Kim · Ảnh Tháp Phái Quan,,1,-1.0,0
21080758,Cơ chế Ảo Cảnh Tơ Lụa · Ngọc Quan,,1,-1.0,0
21080759,Liệt Thạch · Cơ chế ải Uy Quan,,1,-1.0,0
21080760,Phá Trúc · Cơ chế ải Phong,,1,-1.0,0
21080761,Phá Trúc · Cơ chế ải Trần Quan,,1,-1.0,0
21080762,Cơ chế ải Tơ Lụa Kéo Sợi · Lâm Quan,,1,-1.0,0
21080763,Liệt Thạch · Quân · Sơ cấp,"Tăng 10% sát thương Tấn công Liệt Thạch. Sau khi thi triển Kỹ năng đặc biệt, tăng 10% sát thương Kỹ năng Trọng Kích gây ra trong 12 giây.",1,-1.0,0
21080764,Liệt Thạch · Quân · Trung Cấp,"Sát thương thường trực giảm 5%, nhưng sau khi Xả Thế thành công, sát thương tăng 25% trong 10 giây.",1,-1.0,0
21080765,Liệt Thạch · Quân · Cao cấp,"Địch nhân thường trú giảm 5% sát thương, mỗi lần chịu sát thương Bạo Kích do An Tây Quân hiệp chiến sẽ khiến chúng bị tăng 5% sát thương nhận vào trong 8 giây, tối đa cộng dồn 5 tầng.",1,-1.0,0
21081101,Cộng thêm sát thương,Sát thương cộng thêm #Y+1.5%#E,1,-1.0,0
21081102,Cộng thêm sát thương,Sát thương cộng thêm #Y+3%#E,1,-1.0,0
21081103,Cộng thêm sát thương,Tăng sát thương #Y+4.5%#E,1,-1.0,0
21081104,Tăng thêm sát thương,Sát thương cộng thêm #Y+6%#E,1,-1.0,0
21081105,Cộng thêm sát thương,Tăng thêm sát thương #Y+7.5%#E,1,-1.0,0
21081106,Tăng thêm sát thương,Cộng thêm sát thương #Y+9%#E,1,-1.0,0
21081107,Cộng thêm sát thương,Tăng thêm sát thương #Y+10.5%#E,1,-1.0,0
21081108,Tăng thêm sát thương,Tăng thêm sát thương #Y+12%#E,1,-1.0,0
21081109,Cộng dồn sát thương,Tăng thêm sát thương #Y+13.5%#E,1,-1.0,0
21081110,Tăng thêm sát thương,Cộng thêm sát thương #Y+15%#E,1,-1.0,0
21081111,Cộng Thêm Sát Thương,Sát thương cộng thêm #Y+16.5%#E,1,-1.0,0
21081112,Cộng thêm sát thương,Sát thương cộng thêm #Y+18%#E,1,-1.0,0
21081113,Cộng thêm sát thương,Tăng thêm sát thương #Y+19.5%#E,1,-1.0,0
21081114,Cộng thêm sát thương,Tăng thêm sát thương #Y+21%#E,1,-1.0,0
21081115,Cộng thêm sát thương,Sát thương cộng thêm #Y+22.5%#E,1,-1.0,0
21081116,Cộng thêm sát thương,Tăng thêm sát thương #Y+24%#E,1,-1.0,0
21081117,Cộng thêm sát thương,Tăng sát thương #Y+25.5%#E,1,-1.0,0
21081118,Tăng thêm sát thương,Sát thương cộng thêm #Y+27%#E,1,-1.0,0
21081119,Cộng thêm sát thương,Sát thương cộng thêm #Y+28.5%#E,1,-1.0,0
21081120,Cộng thêm sát thương,Tăng thêm sát thương #Y+30%#E,1,-1.0,0
21081201,Giảm sát thương,Giảm sát thương #Y+1.5%#E,1,-1.0,0
21081202,Giảm sát thương,Giảm sát thương #Y+3%#E,1,-1.0,0
21081203,Giảm sát thương,Giảm sát thương #Y+4.5%#E,1,-1.0,0
21081204,Giảm sát thương,Giảm sát thương #Y+6%#E,1,-1.0,0
21081205,Giảm sát thương,Giảm sát thương #Y+7.5%#E,1,-1.0,0
21081206,Giảm sát thương,Giảm sát thương #Y+9%#E,1,-1.0,0
21081207,Giảm sát thương,Giảm sát thương #Y+10.5%#E,1,-1.0,0
21081208,Giảm sát thương,Giảm sát thương #Y+12%#E,1,-1.0,0
21081209,Giảm sát thương,Giảm sát thương #Y+13.5%#E,1,-1.0,0
21081210,Giảm sát thương,Giảm sát thương #Y+15%#E,1,-1.0,0
21081211,Giảm sát thương,Giảm sát thương #Y+16.5%#E,1,-1.0,0
21081212,Giảm sát thương,Giảm sát thương #Y+18%#E,1,-1.0,0
21081213,Giảm sát thương,Giảm sát thương #Y+19.5%#E,1,-1.0,0
21081214,Giảm sát thương,Giảm sát thương #Y+21%#E,1,-1.0,0
21081215,Giảm sát thương,Giảm sát thương #Y+22.5%#E,1,-1.0,0
21081216,Giảm sát thương,Giảm sát thương #Y+24%#E,1,-1.0,0
21081217,Giảm sát thương,Giảm sát thương #Y+25.5%#E,1,-1.0,0
21081218,Giảm sát thương,伤害减免#Y+27%#E,1,-1.0,0
21081219,Giảm sát thương,Giảm sát thương #Y+28.5%#E,1,-1.0,0
21081220,Giảm sát thương,Giảm sát thương #Y+30%#E,1,-1.0,0
21081301,Cộng thêm Khí Huyết,Giới hạn Khí Huyết #Y+0.75%#E,1,-1.0,0
21081302,Cộng thêm Khí Huyết,Giới hạn Khí Huyết #Y+1.5%#E,1,-1.0,0
21081303,Cộng thêm Khí Huyết,Giới hạn Khí Huyết #Y+2.25%#E,1,-1.0,0
21081304,Cộng thêm Khí Huyết,Giới hạn Khí Huyết #Y+3%#E,1,-1.0,0
21081305,Cộng thêm Khí Huyết,Giới hạn Khí Huyết #Y+3.75%#E,1,-1.0,0
21081306,Cộng thêm Khí Huyết,Giới hạn Khí Huyết #Y+4.5%#E,1,-1.0,0
21081307,Cộng thêm Khí Huyết,Khí huyết tối đa #Y+5.25%#E,1,-1.0,0
21081308,Cộng thêm Khí Huyết,Giới hạn Khí Huyết #Y+6%#E,1,-1.0,0
21081309,Cộng thêm Khí Huyết,Giới hạn Khí Huyết #Y+6.75%#E,1,-1.0,0
21081310,Cộng dồn Khí Huyết,Giới hạn Khí Huyết #Y+7.5%#E,1,-1.0,0
21081311,Cộng thêm Khí Huyết,Giới hạn Khí Huyết #Y+8.25%#E,1,-1.0,0
21081312,Cộng thêm Khí Huyết,Giới hạn Khí Huyết #Y+9%#E,1,-1.0,0
21081313,Cộng dồn Khí Huyết,Giới hạn Khí Huyết #Y+9.75%#E,1,-1.0,0
21081314,Cộng thêm Khí Huyết,Giới hạn Khí Huyết #Y+10.5%#E,1,-1.0,0
21081315,Cộng thêm Khí Huyết,Khí Huyết tối đa #Y+11.25%#E,1,-1.0,0
21081316,Cộng thêm Khí Huyết,Giới hạn Khí Huyết #Y+12%#E,1,-1.0,0
21081317,Cộng thêm Khí Huyết,Giới hạn Khí Huyết #Y+12.75%#E,1,-1.0,0
21081318,Cộng thêm Khí Huyết,Sinh lực tối đa #Y+13.5%#E,1,-1.0,0
21081319,Cộng thêm khí huyết,Giới hạn Khí Huyết #Y+14.25%#E,1,-1.0,0
21081320,Cộng thêm Khí Huyết,Giới hạn Khí Huyết #Y+15%#E,1,-1.0,0
21081321,Thủ Quan Nguyên,"Miễn nhiễm một lần sát thương Bạo Kích sẽ hồi phục 20% khí huyết, và trong 3 giây được miễn thương, thời gian điều tức là #Y120#E giây.",1,-1.0,0
21081322,Phiêu Khí Hải,"Miễn nhiễm trạng thái Hư Không Chân Khí một lần, đồng thời hồi phục đầy chân khí, gây sát thương phạm vi, thời gian điều tức #Y120#E giây.",1,-1.0,0
21081323,Hóa Thần Khuyết,"Miễn nhiễm một lần sát thương đơn lẻ vượt quá 30% Khí Huyết tối đa, thời gian hồi chiêu #Y120#E giây.",1,-1.0,0
21081401,Cộng thêm tấn công,Tấn công Ngoại Công và toàn thuộc tính tấn công #Y+0.75%#E,1,-1.0,0
21081402,Cộng dồn tấn công,Tấn công Ngoại Công và toàn thuộc tính tấn công #Y+1.5%#E,1,-1.0,0
21081403,Cộng thêm tấn công,Tấn công Ngoại Công và toàn thuộc tính tấn công #Y+2.25%#E,1,-1.0,0
21081404,Cộng Thêm Tấn Công,Tấn công Ngoại Công và toàn thuộc tính tấn công #Y+3%#E,1,-1.0,0
21081405,Cộng thêm sát thương,Tấn công Ngoại Công và toàn thuộc tính tấn công #Y+3.75%#E,1,-1.0,0
21081406,Cộng thêm tấn công,Tấn công Ngoại Công và toàn thuộc tính tấn công #Y+4.5%#E,1,-1.0,0
21081407,Cộng thêm tấn công,Tấn công Ngoại Công và toàn thuộc tính tấn công #Y+5.25%#E,1,-1.0,0
21081408,Cộng thêm tấn công,Tấn công Ngoại Công và toàn thuộc tính tấn công #Y+6%#E,1,-1.0,0
21081409,Cộng thêm Tấn công,Tấn công Ngoại Công và toàn thuộc tính tấn công #Y+6.75%#E,1,-1.0,0
21081410,Cộng thêm sát thương,Tấn công Ngoại Công và toàn thuộc tính tấn công #Y+7.5%#E,1,-1.0,0
21081411,Cộng thêm tấn công,Tấn công Ngoại Công và Toàn thuộc tính tấn công #Y+8.25%#E,1,-1.0,0
21081412,Cộng thêm tấn công,Ngoại công và toàn thuộc tính tấn công #Y+9%#E,1,-1.0,0
21081413,Cộng thêm sát thương,Tấn công Ngoại Công và toàn thuộc tính tấn công #Y+9.75%#E,1,-1.0,0
21081414,Cộng thêm tấn công,Ngoại công và toàn thuộc tính Tấn công #Y+10.5%#E,1,-1.0,0
21081415,Cộng thêm tấn công,Ngoại công và toàn thuộc tính Tấn công #Y+11.25%#E,1,-1.0,0
21081416,Cộng thêm tấn công,Tấn công Ngoại Công và toàn thuộc tính tấn công #Y+12%#E,1,-1.0,0
21081417,Cộng thêm tấn công,Tấn công Ngoại Công và toàn thuộc tính tấn công #Y+12.75%#E,1,-1.0,0
21081418,Cộng thêm tấn công,Tấn công Ngoại Công và toàn thuộc tính tấn công #Y+13.5%#E,1,-1.0,0
21081419,Cộng thêm tấn công,Ngoại công và toàn thuộc tính tấn công #Y+14.25%#E,1,-1.0,0
21081420,Cộng thêm tấn công,Tấn công Ngoại Công và toàn thuộc tính tấn công #Y+15%#E,1,-1.0,0
21081421,Cộng thêm sát thương,Tăng 15% tấn công và toàn bộ thuộc tính tấn công.,1,-1.0,0
21081422,Tăng thêm sát thương,"Tăng 5% sát thương và sát thương chân khí, tối đa cộng dồn 4 tầng.",4,20.0,0
21081423,Tăng thêm sát thương Hội Ý,"Tăng 12% sát thương ý cảnh và 13.5% sát thương Bạo Kích, tối đa cộng dồn 2 tầng.",2,-1.0,0
21081424,Nhảy Rồng Môn,,1,-1.0,0
21081425,Giao Thủy Giao,,1,-1.0,0
21081426,Nhập Giang Long,,1,-1.0,0
21081427,Chiến Đấu Cấp Một,"Gây sát thương tăng 60%, nhưng hiệu quả hồi phục khí huyết giảm 90%.",1,180.0,0
21081428,Chiến đấu kịch liệt giai đoạn hai,"Tăng 90% sát thương gây ra, nhưng hiệu quả hồi phục khí huyết giảm 90%.",1,180.0,0
21081429,Giao chiến Tam Giai,"Tăng 120% sát thương gây ra, nhưng hiệu quả hồi phục khí huyết giảm 90%.",1,180.0,0
21081430,Kịch chiến bậc một,"Gây sát thương tăng 60%, nhưng hiệu quả hồi phục Khí Huyết giảm 90%.",1,180.0,0
21081431,Kịch chiến nhị giai,"Gây thêm 90% sát thương, nhưng hiệu quả hồi phục Khí Huyết giảm 90%.",1,180.0,0
21081432,Kịch chiến giai ba,"Gây sát thương tăng 120%, nhưng hiệu quả hồi phục Khí Huyết giảm 90%.",1,180.0,0
21081501,Cộng dồn sát thương,Sát thương cộng thêm #Y+1.5%#E,1,-1.0,0
21081502,Cộng thêm sát thương,Tăng thêm sát thương #Y+3%#E,1,-1.0,0
21081503,Cộng thêm sát thương,Sát thương cộng thêm #Y+4.5%#E,1,-1.0,0
21081504,Cộng thêm sát thương,Tăng thêm sát thương #Y+6%#E,1,-1.0,0
21081505,Cộng thêm sát thương,Tăng thêm sát thương #Y +7.5%#E,1,-1.0,0
21081506,Cộng thêm sát thương,Tăng thêm sát thương #Y+9%#E,1,-1.0,0
21081507,Cộng thêm sát thương,Tăng thêm sát thương #Y+10.5%#E,1,-1.0,0
21081508,Cộng thêm sát thương,Tăng thêm sát thương #Y+12%#E,1,-1.0,0
21081509,Cộng thêm sát thương,Tăng thêm sát thương #Y+13.5%#E,1,-1.0,0
21081510,Cộng thêm sát thương,Tăng thêm sát thương #Y+15%#E,1,-1.0,0
21081511,Tăng sát thương,Cộng thêm sát thương #Y+16.5%#E,1,-1.0,0
21081512,Tăng thêm sát thương,Tăng thêm sát thương #Y+18%#E,1,-1.0,0
21081513,Cộng thêm sát thương,Tăng sát thương #Y+19.5%#E,1,-1.0,0
21081514,Cộng dồn sát thương,Tăng thêm sát thương #Y+21%#E,1,-1.0,0
21081515,Tăng thêm sát thương,Tăng thêm sát thương #Y+22.5%#E,1,-1.0,0
21081516,Cộng thêm sát thương,Tăng sát thương #Y+24%#E,1,-1.0,0
21081517,Tăng thêm sát thương,Tăng thêm sát thương #Y+25.5%#E,1,-1.0,0
21081518,Cộng thêm sát thương,Tăng thêm sát thương #Y+27%#E,1,-1.0,0
21081519,Sát thương cộng thêm,Sát thương cộng thêm #Y+28.5%#E,1,-1.0,0
21081520,Tăng thêm sát thương,Sát thương cộng thêm #Y+30%#E,1,-1.0,0
21081601,Giảm sát thương,Giảm sát thương #Y+1.5%#E,1,-1.0,0
21081602,Giảm sát thương,Giảm sát thương #Y+3%#E,1,-1.0,0
21081603,Giảm sát thương,Giảm sát thương #Y+4.5%#E,1,-1.0,0
21081604,Giảm sát thương,Giảm sát thương #Y+6%#E,1,-1.0,0
21081605,Giảm sát thương,Giảm sát thương #Y+7.5%#E,1,-1.0,0
21081606,Giảm sát thương,Giảm sát thương #Y+9%#E,1,-1.0,0
21081607,Giảm sát thương,Giảm sát thương #Y+10.5%#E,1,-1.0,0
21081608,Giảm sát thương,Giảm sát thương #Y+12%#E,1,-1.0,0
21081609,Giảm sát thương,Giảm sát thương #Y+13.5%#E,1,-1.0,0
21081610,Giảm sát thương,Giảm sát thương #Y+15%#E,1,-1.0,0
21081611,Giảm sát thương,Giảm sát thương #Y+16.5%#E,1,-1.0,0
21081612,Giảm sát thương,Giảm sát thương #Y+18%#E,1,-1.0,0
21081613,Giảm sát thương,Giảm sát thương #Y+19.5%#E,1,-1.0,0
21081614,Giảm sát thương,Giảm Sát Thương #Y+21%#E,1,-1.0,0
21081615,Giảm sát thương,Giảm sát thương #Y+22.5%#E,1,-1.0,0
21081616,Giảm sát thương,Giảm sát thương #Y+24%#E,1,-1.0,0
21081617,Giảm sát thương,Giảm sát thương #Y+25.5%#E,1,-1.0,0
21081618,Giảm sát thương,Giảm sát thương #Y+27%#E,1,-1.0,0
21081619,Giảm sát thương,Giảm sát thương #Y+28.5%#E,1,-1.0,0
21081620,Giảm sát thương,Giảm sát thương #Y+30%#E,1,-1.0,0
21081701,Cộng thêm Khí Huyết,Giới hạn Khí Huyết #Y+0.75%#E,1,-1.0,0
21081702,Cộng dồn Khí Huyết,Giới hạn Khí Huyết #Y+1.5%#E,1,-1.0,0
21081703,Cộng thêm khí huyết,Giới hạn Khí Huyết #Y+2.25%#E,1,-1.0,0
21081704,Cộng hưởng Khí Huyết,Giới hạn Khí Huyết #Y+3%#E,1,-1.0,0
21081705,Cộng thêm khí huyết,Giới hạn Khí Huyết #Y+3.75%#E,1,-1.0,0
21081706,Cộng thêm Khí huyết,Giới hạn Khí Huyết #Y+4.5%#E,1,-1.0,0
21081707,Cộng thêm Huyết Khí,Giới hạn Khí Huyết #Y+5.25%#E,1,-1.0,0
21081708,Cộng dồn Khí Huyết,Giới hạn Khí Huyết #Y+6%#E,1,-1.0,0
21081709,Cộng thêm Khí Huyết,Giới hạn Khí huyết #Y+6.75%#E,1,-1.0,0
21081710,Cộng dồn Khí Huyết,Giới hạn Khí Huyết #Y+7.5%#E,1,-1.0,0
21081711,Cộng dồn Khí Huyết,Giới hạn Khí Huyết #Y+8.25%#E,1,-1.0,0
21081712,Cộng thêm Khí Huyết,Giới hạn Khí Huyết #Y+9%#E,1,-1.0,0
21081713,Cộng Thêm Khí Huyết,Giới hạn Khí Huyết #Y+9.75%#E,1,-1.0,0
21081714,Cộng thêm Huyết Khí,Giới hạn Khí Huyết #Y+10.5%#E,1,-1.0,0
21081715,Cộng hưởng Khí Huyết,Giới hạn Khí Huyết #Y+11.25%#E,1,-1.0,0
21081716,Cộng dồn Khí huyết,Giới hạn Khí Huyết #Y+12%#E,1,-1.0,0
21081717,Cộng thêm Khí Huyết,Giới hạn Khí Huyết #Y+12.75%#E,1,-1.0,0
21081718,Cộng thêm Khí Huyết,Giới hạn Khí Huyết #Y+13.5%#E,1,-1.0,0
21081719,Cộng thêm Khí Huyết,Khí huyết tối đa #Y+14.25%#E,1,-1.0,0
21081720,Cộng thêm Khí Huyết,Giới hạn Khí Huyết #Y+15%#E,1,-1.0,0
21081721,Thủ Quan Nguyên,"Miễn nhiễm một lần sát thương Bạo Kích sẽ hồi phục 20% khí huyết, và trong 3 giây miễn chịu sát thương, thời gian điều tức là #Y120#E giây.",1,-1.0,0
21081722,Lật Khí Hải,"Miễn nhiễm trạng thái Hư Không Chân Khí một lần, đồng thời hồi đầy Chân Khí, gây sát thương phạm vi, thời gian điều tức #Y120#E giây.",1,-1.0,0
21081723,Hóa Thần Khuyết,"Miễn nhiễm một lần sát thương đơn lẻ vượt quá 30% Khí Huyết tối đa, thời gian điều tức #Y120#E giây.",1,-1.0,0
21081801,Cộng thêm tấn công,Ngoại công và toàn thuộc tính Tấn công #Y+0.75%#E,1,-1.0,0
21081802,Cộng thêm sát thương,Tấn công Ngoại Công và toàn thuộc tính tấn công #Y+1.5%#E,1,-1.0,0
21081803,Cộng thêm Tấn công,Tấn công Ngoại Công và toàn thuộc tính tấn công #Y+2.25%#E,1,-1.0,0
21081804,Cộng thêm tấn công,Tấn công Ngoại Công và toàn thuộc tính tấn công #Y+3%#E,1,-1.0,0
21081805,Cộng thêm tấn công,Ngoại công và toàn thuộc tính Tấn công #Y+3.75%#E,1,-1.0,0
21081806,Cộng thêm sát thương,Tấn công Ngoại Công và toàn thuộc tính tấn công #Y+4.5%#E,1,-1.0,0
21081807,Cộng thêm Tấn công,Ngoại công và toàn thuộc tính Tấn công #Y+5.25%#E,1,-1.0,0
21081808,Cộng thêm tấn công,Tấn công Ngoại Công và toàn thuộc tính tấn công #Y+6%#E,1,-1.0,0
21081809,Cộng thêm tấn công,Tấn công Ngoại Công và toàn thuộc tính tấn công #Y+6.75%#E,1,-1.0,0
21081810,Cộng thêm Tấn công,Ngoại công và toàn thuộc tính Tấn công #Y+7.5%#E,1,-1.0,0
21081811,Cộng thêm sát thương,Tấn công Ngoại Công và toàn thuộc tính tấn công #Y+8.25%#E,1,-1.0,0
21081812,Cộng thêm tấn công,Tấn công Ngoại Công và toàn thuộc tính tấn công #Y+9%#E,1,-1.0,0
21081813,Cộng thêm tấn công,Tấn công Ngoại Công và Toàn thuộc tính tấn công #Y+9.75%#E,1,-1.0,0
21081814,Cộng thêm sát thương,Tấn công Ngoại Công và toàn thuộc tính tấn công #Y+10.5%#E,1,-1.0,0
21081815,Cộng thêm tấn công,Ngoại công và toàn thuộc tính Tấn công #Y+11.25%#E,1,-1.0,0
21081816,Cộng thêm tấn công,Ngoại công và toàn thuộc tính tấn công #Y+12%#E,1,-1.0,0
21081817,Cộng thêm tấn công,Tấn công Ngoại Công và toàn thuộc tính tấn công #Y+12.75%#E,1,-1.0,0
21081818,Cộng thêm tấn công,Tấn công Ngoại Công và toàn thuộc tính tấn công #Y+13.5%#E,1,-1.0,0
21081819,Cộng thêm tấn công,Tấn công Ngoại Công và toàn thuộc tính tấn công #Y+14.25%#E,1,-1.0,0
21081820,Cộng thêm tấn công,Tấn công Ngoại Công và toàn thuộc tính tấn công #Y+15%#E,1,-1.0,0
21081821,Cộng thêm tấn công,Tăng 15% tấn công và toàn bộ thuộc tính tấn công.,1,-1.0,0
21081822,Cộng thêm sát thương,"Tăng 5% sát thương và sát thương chân khí, tối đa cộng dồn 4 tầng.",4,20.0,0
21081823,Cộng thêm sát thương Hội Ý,"Tăng 12% Sát thương Hội Ý và 13.5% sát thương Bạo Kích, tối đa có thể cộng dồn 2 tầng.",2,-1.0,0
21081824,Nhảy Rồng Môn,,1,-1.0,0
21081825,Giao Long Lội Nước,,1,-1.0,0
21081826,Nhập Giang Long,,1,-1.0,0
21089111,Thuấn di Tấn công,,1,-1.0,0
21090001,Trả lời,Hồi phục Khí Huyết,1,2.0,0
21090002,Hồi đáp,Hồi phục Khí Huyết,1,2.0,0
21090003,Trả lời,Hồi phục Khí Huyết,1,2.0,0
21090004,Hồi đáp,Hồi phục Khí Huyết,1,16.0,0
21090010,Giảm tiêu hao thể lực,,1,-1.0,0
21090011,"Thanh tẩy tinh nguyên, tăng 100% hiệu quả phá khiên, giảm 90% hiệu quả dược phẩm.",,1,-1.0,0
21090012,Bảo vệ tầm xa,"Khi cách xa nguồn gây sát thương hơn 25 thước, giảm 90% sát thương phải chịu",1,-1.0,0
21090013,Dễ bị thương,"Chịu sát thương tăng 5%, tối đa có thể cộng dồn 3 tầng.",3,20.0,0
21090014,Người đông thế mạnh · Sơ cấp,Gây sát thương tăng 10%,1,-1.0,0
21090015,Người đông thế mạnh · Trung cấp,Gây sát thương tăng 20%,1,-1.0,0
21090016,Người đông thế mạnh · Cao cấp,Gây sát thương tăng 30%,1,-1.0,0
21090017,Buff trống,,1,-1.0,0
21090018,Bùa lợi trống,,1,-1.0,0
21090019,Trầm Chu,Gây thêm 10% sát thương và hiệu quả trị liệu.,1,30.0,0
21090020,Trầm Chu,Gây sát thương và hiệu quả trị liệu tăng 10%.,1,30.0,0
21090021,Bị cản trở · Thấp,"Chịu cản trở của địch, tốc độ di chuyển cơ bản giảm 30%.",1,-1.0,0
21090022,Bị cản trở · Trung,"Bị địch phương ngăn cản, tốc độ di chuyển cơ bản giảm 60%.",1,-1.0,0
21090023,Bị cản trở · Cao,"Chịu cản trở của địch, tốc độ di chuyển cơ bản giảm 90%.",1,-1.0,0
21090024,Buff phán đoán chuyển đổi võ học 1,,1,-1.0,0
21090025,Đánh giá chuyển đổi võ học buff2,,1,-1.0,0
21090026,Võ học chuyển đổi phán đoán buff3,,1,-1.0,0
21090027,Võ học chuyển đổi phán đoán buff4,,1,-1.0,0
21090028,Võ học chuyển đổi phán đoán buff 5,,1,-1.0,0
21090029,Cửu Khúc Kinh Thần Thương·Phàm giáng hiệu,Cửu Khúc Kinh Thần Thương · Phàm Võ học gây sát thương và hiệu quả trị liệu giảm 70%.,1,6.0,0
21090030,Cửu Khúc Kinh Thần Thương · Lương giáng hiệu,Cửu Khúc Kinh Thần Thương · Lương Võ Học gây sát thương và hiệu quả trị liệu giảm 70%.,1,6.0,0
21090031,Cửu Khúc Kinh Thần Thương · Trân Giáng Hiệu,Cửu Khúc Kinh Thần Thương · Trân Võ học gây sát thương và hiệu quả trị liệu giảm 70%.,1,6.0,0
21090032,Cửu Khúc Kinh Thần Thương · Cực Giáng Hiệu,Cửu Khúc Kinh Thần Thương · Cực Võ học gây sát thương và hiệu quả trị liệu giảm 70%.,1,6.0,0
21090033,Vô Danh Thương Pháp·Phàm Giáng Hiệu,Thưởng danh hiệu Hiệp Cảnh,1,6.0,0
21090034,Vô Danh Thương Pháp · Lương Giáng Hiệu,Vô Danh Thương Pháp · Lương võ học gây sát thương và hiệu quả trị liệu giảm 70%.,1,6.0,0
21090035,Vô Danh Thương Pháp · Trân Giáng Hiệu,Vô Danh Thương Pháp·Trân Võ Học gây sát thương và hiệu quả trị liệu giảm 70%.,1,6.0,0
21090036,Vô Danh Thương Pháp · Cực Giáng Hiệu,Vô Danh Thương Pháp · Cực Võ Học gây sát thương và hiệu quả trị liệu giảm 70%.,1,6.0,0
21090037,Tích Cự Cửu Kiếm · Phàm Giáng hiệu,Tích Cự Cửu Kiếm · Phàm võ học gây sát thương và hiệu quả trị liệu giảm 70%.,1,6.0,0
21090038,Tích Cự Cửu Kiếm · Lương Giáng Hiệu,Tích Cựu Cửu Kiếm · Lương Võ Học gây sát thương và hiệu quả trị liệu giảm 70%.,1,6.0,0
21090039,Tích Cự Cửu Kiếm · Trân Giáng Hiệu,Tích Cự Cửu Kiếm · Trân võ học gây sát thương và hiệu quả trị liệu giảm 70%.,1,6.0,0
21090040,Tích Cự Cửu Kiếm · Cực Giáng Hiệu,Tích Cự Cửu Kiếm · Cực võ học gây sát thương và hiệu quả trị liệu giảm 70%.,1,6.0,0
21090041,Vô Danh Kiếm Pháp · Phàm Giáng Hiệu,Vô Danh Kiếm Pháp · Phàm võ học gây sát thương và hiệu quả trị liệu giảm 70%.,1,6.0,0
21090042,Vô Danh Kiếm Pháp · Lương Giáng Hiệu,Vô Danh Kiếm Pháp · Lương Võ học gây sát thương và hiệu quả trị liệu giảm 70%.,1,6.0,0
21090043,Vô Danh Kiếm Pháp·Trân Giáng Hiệu,Vô Danh Kiếm Pháp · Trân Võ học gây sát thương và hiệu quả trị liệu giảm 70%.,1,6.0,0
21090044,Vô Danh Kiếm Pháp·Cực Giáng Hiệu,Vô Danh Kiếm Pháp · Cực Võ Học gây sát thương và hiệu quả trị liệu giảm 70%.,1,6.0,0
21090045,Than Sinh Đao Pháp · Phàm Giáng Hiệu,Than Sinh Đao Pháp · Phàm võ học gây sát thương và hiệu quả trị liệu giảm 70%.,1,6.0,0
21090046,Than Sinh Đao Pháp · Lương Giáng Hiệu,Than Sinh Đao Pháp · Lương Võ Học gây sát thương và hiệu quả trị liệu giảm 70%.,1,6.0,0
21090047,Than Sinh Đao Pháp · Trân Giáng Hiệu,Than Sinh Đao Pháp · Trân Võ Học gây sát thương và hiệu quả trị liệu giảm 70%.,1,6.0,0
21090048,Than Sinh Đao Pháp · Cực Giáng Hiệu,Than Sinh Đao Pháp·Cực Võ học gây sát thương và hiệu quả trị liệu giảm 70%.,1,6.0,0
21090049,Bát Phương Phong Lôi Thương · Phàm Giáng Hiệu,Bát Phương Phong Lôi Thương·Phàm võ học gây sát thương và hiệu quả trị liệu giảm 70%.,1,6.0,0
21090050,Bát Phương Phong Lôi Thương · Lương Giáng Hiệu,Bát Phương Phong Lôi Thương · Lương Võ Học gây sát thương và hiệu quả trị liệu giảm 70%.,1,6.0,0
21090051,Bát Phương Phong Lôi Thương · Trân Giáng Hiệu,Bát Phương Phong Lôi Thương · Trân Võ Học gây sát thương và hiệu quả trị liệu giảm 70%.,1,6.0,0
21090052,Bát Phương Phong Lôi Thương · Cực Giáng Hiệu,Bát Phương Phong Lôi Thương·Cực Võ học gây sát thương và hiệu ứng trị liệu giảm 70%.,1,6.0,0
21090053,Cửu Trùng Xuân Sắc · Phàm Giáng Hiệu,Cửu Trọng Xuân Sắc · Phàm Võ học gây sát thương và hiệu quả trị liệu giảm 70%.,1,6.0,0
21090054,Cửu Trùng Xuân Sắc · Lương Giáng Hiệu,Hiệu quả trị liệu và sát thương của Võ học Cửu Trùng Xuân Sắc giảm 70%.,1,6.0,0
21090055,Cửu Trùng Xuân Sắc·Trân giáng hiệu,Cửu Trùng Xuân Sắc · Trân Võ Học gây sát thương và hiệu quả trị liệu giảm 70%.,1,6.0,0
21090056,Cửu Trùng Xuân Sắc · Cực Giáng Hiệu,Cửu Trùng Xuân Sắc · Cực võ học gây sát thương và hiệu quả trị liệu giảm 70%.,1,6.0,0
21090057,Thanh sơn chấp bút · Phàm giáng hiệu,Tên,1,6.0,0
21090058,Thanh Sơn Chấp Bút · Lương Giáng Hiệu,Thanh Sơn Chấp Bút · Lương Võ Học gây sát thương và hiệu quả trị liệu giảm 70%.,1,6.0,0
21090059,Chỉnh sửa,Thanh Sơn Chấp Bút · Trân võ học gây sát thương và hiệu quả trị liệu giảm 70%.,1,6.0,0
21090060,Thanh Sơn Chấp Bút · Cực Giáng Hiệu,Thanh Sơn Chấp Bút · Giảm 70% sát thương và hiệu quả trị liệu của võ học cực hạn.,1,6.0,0
21090061,Minh Xuyên Dược Điển · Phàm Giáng Hiệu,Minh Xuyên Dược Điển · Phàm Võ học gây sát thương và hiệu quả trị liệu giảm 70%.,1,6.0,0
21090062,Minh Xuyên Dược Điển · Lương Giáng Hiệu,Minh Xuyên Dược Điển · Lương Võ học gây sát thương và hiệu quả trị liệu giảm 70%.,1,6.0,0
21090063,Minh Xuyên Dược Điển · Trân Giáng Hiệu,Minh Xuyên Dược Điển · Trân võ học gây sát thương và hiệu quả trị liệu giảm 70%.,1,6.0,0
21090064,Minh Xuyên Dược Điển · Cực Giáng Hiệu,Minh Xuyên Dược Điển · Cực Võ Học gây sát thương và hiệu quả trị liệu giảm 70%.,1,6.0,0
21090065,Thiên Hương Dẫn Hồn Cổ · Phàm Giáng Hiệu,Thiên Hương Dẫn Hồn Cổ · Võ học gây sát thương và hiệu quả trị liệu giảm 70%.,1,6.0,0
21090066,Thiên Hương Dẫn Hồn Cổ · Lương Giáng Hiệu,Thiên Hương Dẫn Hồn Cổ · Lương Võ Học gây sát thương và hiệu quả trị liệu giảm 70%.,1,6.0,0
21090067,Thiên Hương Dẫn Hồn Cổ · Trân Giáng Hiệu,Sát thương và hiệu quả trị liệu của Thiên Hương Dẫn Hồn Cổ · Trân võ học giảm 70%.,1,6.0,0
21090068,Thiên Hương Dẫn Hồn Cổ · Cực Giáng Hiệu,Thiên Hương Dẫn Hồn Cổ · Cực võ học gây sát thương và hiệu quả trị liệu giảm 70%.,1,6.0,0
21099111,Thiên Hương Dẫn Hồn Cổ Tâm Pháp,【Thiên Hương Dẫn Hồn Cổ】Kỹ năng đặc biệt khi thu ô sẽ trực tiếp dịch chuyển đến vị trí mục tiêu vừa trị liệu,1,-1.0,0
21109111,Nê Lê Tam Cấu Tâm Pháp,【Nê Lê Tam Cấu】Bạo phát kỹ Chân Diễm có thể sử dụng trong quá trình cứng người,1,-1.0,0
21119111,Tâm Pháp Lăng Hoa Trần Mãn,"【Tử Du Trần】 Tăng khoảng cách tấn công của võ học kỹ và kỹ năng phái sinh tích lực, đồng thời khiến chúng không thể bị Tẩy Thế hoặc phòng ngự.",1,-1.0,0
21129111,Túy Mộng Du Xuân Tâm Pháp,【Túy Mộng Du Xuân】Kỹ năng đặc biệt và hoán đổi vị trí với ô dù ảo ảnh sẽ gây ra sát thương và hiệu ứng tụ tập trên diện rộng.,1,-1.0,0
21139111,Túc Tử Hành Vân Tâm Pháp,【Tử Hành Vân】Kỹ năng đặc biệt gây thêm sát thương phạm vi lấy bản thân làm trung tâm.,1,-1.0,0
24000002,Khí Huyết Lưu Thất,,1,5.0,0
24000003,Quá tải,,1,-1.0,0
24000004,Quá tải,,1,-1.0,0
24000005,Thoát chiến,,1,-1.0,0
24000006,Trọng Chùy tiêu ký,,1,-1.0,0
24000007,Phi Dực tiêu ký,,1,-1.0,0
24000008,Biến mèo buff,,1,-1.0,0
24000010,Vô địch,,1,7.0,0
40013701,Kiêm Minh Hữu Thanh · Lâm · tự động mở dù,,1,2.0,0
40013710,Kích hoạt dấu ấn đạn đạo ô,,6,40.0,0
40013711,Đạn đạo tiêu ký của ô,,1,40.0,0
40013712,Dấu hiệu đường đạn dù 2,,1,40.0,0
40013713,Thủy tán 3 đạn đạo đánh dấu,,1,40.0,0
40013714,Đánh dấu 4 đường đạn dù nước,,1,40.0,0
40013715,Thủy Tán 5 đường đạn đánh dấu,,1,40.0,0
40013716,Dấu hiệu 6 đường đạn của ô,,1,40.0,0
55000001,Một công đôi việc,"Khi thu thập ở chế độ Một Mình Phiêu Bạt, có xác suất nhỏ nhận được gấp 2 lần vật phẩm thu thập",1,3.0,0
55000002,Đồng bì thiết cốt,"Miễn nhiễm sát thương khi rơi từ trên cao (không miễn nhiễm trọng thương), mỗi 10 phút chỉ kích hoạt một lần",1,3.0,0
55000003,Lệnh Kiếm Rượu Hành,Thời gian cần duy trì sau khi nhắm mục tiêu trong trò Đấu Hồ giảm 1 giây,1,30.0,0
70094,Thử nghiệm,Trầm Mặc,1,25.0,0
70094,Thử nghiệm,Trầm mặc,1,35.0,0
70105,Trầm mặc,Trầm mặc,1,600.0,0
70105,Trầm mặc,Trầm mặc,1,600.0,0
70108,Trừ bỏ câm lặng,Xóa bỏ Câm Lặng,1,3.0,0
70110,Miễn nhiễm câm lặng,Miễn nhiễm câm lặng,1,600.0,0
70112,Loại bỏ miễn nhiễm câm lặng,Loại bỏ miễn nhiễm trầm mặc,1,3.0,0
70120,Giảm tốc,Tốc độ di chuyển giảm 90%,1,-1.0,0
70132,Sinh,"Hồi sinh đi, ta là cấp hai đấy!",4,600.0,0
70132,Sinh,"Hồi sinh đi, ta là cấp ba đấy!",4,600.0,0
102048110,Đan Tâm Toản,"Khi Khí Huyết bản thân dưới #Y30%#E, kích hoạt hiệu quả #YĐề Tâm#E: hồi phục #Y20%#E Khí Huyết, đồng thời trong 10 giây chịu sát thương giảm #Y20%#E, tối đa kích hoạt một lần mỗi 90 giây.",1,-1.0,1
102048130,Đan Tâm Toản,"Khi giá trị Khí Huyết của bản thân dưới #Y30%#E, kích hoạt hiệu ứng #Y Đề Tâm #E: hồi phục #Y20%#E Khí Huyết, đồng thời trong 10 giây chịu sát thương giảm #Y20%#E, tối đa kích hoạt một lần trong 90 giây. Trong thời gian #Y Đề Tâm #E gây sát thương hoặc chịu sát thương hồi phục #Y2%#E Khí Huyết, hiệu quả hồi máu tối đa kích hoạt 1 lần mỗi giây.",1,-1.0,1
102048140,Đan Tâm Triện,"Khí Huyết của bản thân dưới #Y30%#E, kích hoạt hiệu quả #YTịch Tâm#: Hồi phục #Y20%#E Khí Huyết, đồng thời giảm sát thương phải chịu trong 10 giây #Y20%#E, mỗi 90 giây kích hoạt tối đa một lần.#YTịch Tâm#E trong thời gian gây sát thương hoặc chịu sát thương hồi phục #Y2%#E Khí Huyết, hiệu quả hồi máu mỗi giây kích hoạt tối đa 1 lần. Đồng thời, sát thương phải chịu trong thời gian #YTịch Tâm#E sẽ gây ra một lần #YSát thương đâm#E cho nguồn bị đánh, đâm mỗi giây kích hoạt tối đa 1 lần, đồng thời thêm cho nó hiệu quả #YVấn Vấn#E.",1,-1.0,1
102048160,Đan Tâm Toản,"Khi giá trị Khí Huyết của bản thân thấp hơn #Y30%#E, kích hoạt hiệu ứng #YĐề Tâm#E: hồi phục #Y20%#E giá trị Khí Huyết, đồng thời giảm sát thương phải chịu trong 10 giây đi #Y20%#E, tối đa kích hoạt một lần sau mỗi 90 giây. Trong thời gian #YĐề Tâm#E, gây sát thương hoặc chịu sát thương sẽ hồi phục #Y2%#E giá trị Khí Huyết, hiệu quả hồi máu tối đa kích hoạt 1 lần mỗi giây. Đồng thời, trong thời gian #YĐề Tâm#E, gây sát thương hoặc chịu sát thương sẽ gây ra một lần #YSát thương Đục Khoét#E cho nguồn bị tấn công, đục khoét tối đa kích hoạt 1 lần mỗi giây, đồng thời gán hiệu ứng #YVấn Đề#E cho nó.",1,-1.0,1
102048161,Đan Tâm Toản,"Bản thân Khí Huyết trị dưới #Y30%#E thời điểm, kích hoạt #Y Đề Tâm#E hiệu quả: Hồi phục #Y20%#E Khí Huyết, đồng thời 10 giây nội chịu sát thương giảm xuống #Y20%#E, mỗi 90 giây nhiều nhất kích hoạt một lần.#Y Đề Tâm#E trong lúc tạo thành hoặc chịu sát thương hồi phục #Y2%#E Khí Huyết trị, hồi máu hiệu quả mỗi giây nhiều nhất kích hoạt 1 lần. Đồng thời, #Y Đề Tâm#E trong lúc tạo thành hoặc chịu sát thương sẽ đối địch nhân tạo thành một lần #Y Tạc Thứ Sát Thương#E, tạc thứ sát thương mỗi giây nhiều nhất kích hoạt 1 lần, đồng thời đối địch nhân thêm #Y Cật Vấn#E hiệu quả.",1,-1.0,0
102351191,Quân thần dược,6 hiệu quả: Nhận được 10235119 sau khi thoát khỏi chiến đấu,1,-1.0,0
104001,Thân Thuộc,Tăng 20% độ hảo cảm nhận được từ người khác,1,1200.0,0
104001,Thân thiết,Tăng 30% độ hảo cảm nhận được từ người khác,1,1200.0,0
104002,Mỹ Thực Gia,Tăng 40% độ nghiên cứu thực vật học,1,1200.0,0
104002,Nhà ẩm thực,Bảo Vật · Tăng 60% độ nghiên cứu thức ăn nhận được,1,1200.0,0
104003,Bước nhanh,Tốc độ di chuyển tăng 3%,1,1200.0,0
104003,Bước nhanh,Tốc độ di chuyển tăng 4%,1,1200.0,0
104004,Khinh thân,Giá trị khinh công tăng 10%,1,1200.0,0
104004,Khinh thân,Giá trị khinh công tăng 15%,1,1200.0,0
104005,Chống rét,Chỉ số chống rét tăng 10%,1,1200.0,0
104005,Chống lạnh,Chỉ số chống rét tăng 15%,1,1200.0,0
104006,Chịu nhiệt,Tăng 10% chỉ số chịu nhiệt,1,1200.0,0
104006,Chịu nhiệt,Khả năng chịu nhiệt tăng 15%,1,1200.0,0
104007,Kháng độc,Kháng độc +10%,1,1200.0,0
104007,Kháng độc,Kháng độc trị số tăng 15%,1,1200.0,0
104008,Ngự Bố,Giá trị Ngự Bố tăng 10%,1,1200.0,0
104008,Ngự Bố,Chỉ số Ngự Uý tăng 15%,1,1200.0,0
104009,Thần trí,Chỉ số Thần Trí tăng 10%,1,1200.0,0
104009,Thần trí,Tăng 15% chỉ số Thần trí,1,1200.0,0
104010,Cơ cốt,Chỉ số cơ cốt tăng 10%,1,1200.0,0
104010,Thể chất,Chỉ số thể chất tăng 15%,1,1200.0,0
104011,Kinh mạch,Giá trị Kinh Mạch tăng 10%,1,1200.0,0
104011,Kinh mạch,Chỉ số Kinh Mạch tăng 15%,1,1200.0,0
104012,Nội tạng,Nội tạng tăng 10%,1,1200.0,0
104012,Nội tạng,Nội tạng thuộc tính tăng 15%,1,1200.0,0
104013,Hái thuốc,Tăng 1.5% tỷ lệ Bạo Kích hái thuốc,1,1200.0,0
104013,Hái thuốc,Tăng 2% tỷ lệ Bạo Kích hái thuốc,1,1200.0,0
104014,Đào khoáng,Tăng 1.5% Tỷ lệ Bạo Kích Khai Khoáng,1,1200.0,0
104014,Đào khoáng,Tăng 2% tỷ lệ Bạo Kích khi đào khoáng,1,1200.0,0
104015,Chặt cây,Tăng 1.5% tỷ lệ Bạo Kích khi đốn gỗ,1,1200.0,0
104015,Chặt,Tăng 2% tỷ lệ Bạo Kích khi đốn gỗ,1,1200.0,0
104016,Câu cá,Tăng 1.5% tỷ lệ Bạo Kích khi câu cá,1,1200.0,0
104016,Câu cá,Tăng 2% tỷ lệ Bạo Kích khi câu cá,1,1200.0,0
104017,Săn bắn,Tăng 1.5% Tỷ lệ Bạo Kích Săn bắn,1,1200.0,0
104017,Săn bắn,Tăng 2% Tỷ Lệ Bạo Kích Săn Bắn,1,1200.0,0
104018,Chế tạo 1,Chế tạo tăng 1.5% tỉ lệ Bạo Kích,1,1200.0,0
104018,Chế tạo 1,Chế tạo 1 tăng 2% Tỷ lệ Bạo Kích,1,1200.0,0
104019,Chế tạo 2,Chế tạo 2 Tăng 1.5% Tỷ lệ Bạo Kích,1,1200.0,0
104019,Chế tạo 2,Chế tạo 2 tăng 2% tỷ lệ Bạo Kích,1,1200.0,0
104020,Chế tạo 3,Chế tạo 3 Tăng 1.5% Tỷ Lệ Bạo Kích,1,1200.0,0
104020,Chế tạo 3,Chế tạo 3 Tăng 2% Tỷ lệ Bạo Kích,1,1200.0,0
104021,Chế tạo 4,Chế tạo 4 Tỷ lệ Bạo Kích tăng 1.5%,1,1200.0,0
104021,Chế tạo 4,Chế tạo 4 tăng tỷ lệ Bạo Kích 2%,1,1200.0,0
104023,Hái thuốc,Tăng 15% tỷ lệ Bạo Kích hái thuốc,1,1200.0,0
104025,Hái thuốc,Tăng 20% tỷ lệ Bạo Kích hái thuốc,1,600.0,0
104027,Hái thuốc,Tăng 20% tỷ lệ Bạo Kích hái thuốc,1,1200.0,0
104029,Đào khoáng,Tăng 15% tỷ lệ Bạo Kích khi đào khoáng,1,1200.0,0
104031,Khai khoáng,Tăng 20% tỷ lệ Bạo Kích khi đào khoáng,1,600.0,0
104033,Đào khoáng,Tăng 20% tỷ lệ Bạo Kích khi đào khoáng,1,1200.0,0
104035,Chặt cây,Tăng 15% tỷ lệ Bạo Kích khi đốn củi,1,1200.0,0
104037,Chặt,Tăng 20% Tỷ Lệ Bạo Kích Chém,1,600.0,0
104039,Chặt cây,Tăng 20% Tỷ Lệ Bạo Kích Chặt Gỗ,1,1200.0,0
104041,Câu cá,Tăng 15% tỷ lệ Bạo Kích khi câu cá,1,1200.0,0
104043,Câu Cá,Tăng 20% tỷ lệ Bạo Kích khi câu cá,1,600.0,0
104045,Câu cá,Tăng 20% Tỷ lệ Bạo Kích Câu cá,1,1200.0,0
104047,Săn Bắn,Tăng 15% Tỷ lệ Bạo Kích Săn bắn,1,1200.0,0
104049,Săn bắn,Tăng 20% Tỷ lệ Bạo Kích Săn bắn,1,600.0,0
104051,Săn bắn,Tăng 20% Tỷ lệ Bạo Kích Săn bắn,1,1200.0,0
127000001,Định thân,"Định thân, chịu sát thương hồi phục bình thường",1,10.0,0
127000003,Lá chắn miễn dịch sát thương,Miễn dịch một lần sát thương.,1,3.0,0
200112911,Thay thế,,1,30.0,0
230001101,Bạo Liệt,Hiệu ứng thiêu đốt,1,4.0,0
230001102,Thiêu đốt,Hiệu ứng thiêu đốt,1,3.5,0
230001103,Cháy rực,Hiệu ứng Thiêu Đốt,1,3.0,0
230001104,Bùng cháy,Hiệu ứng Cháy,1,2.5,0
230001105,Cháy rực,Hiệu ứng thiêu đốt,1,2.0,0
230002101,Đóng băng,"Bị đóng băng, không thể di chuyển hoặc sử dụng hầu hết kỹ năng",1,3.0,0
230002103,Đóng băng,"Bị đóng băng, không thể di chuyển hoặc sử dụng hầu hết kỹ năng",1,2.5,0
230002104,Đóng băng,"Bị đóng băng, không thể di chuyển hoặc sử dụng hầu hết kỹ năng",1,2.0,0
230002105,Đóng băng,"Bị đóng băng, không thể di chuyển hoặc sử dụng hầu hết kỹ năng",1,1.5,0
230002106,Băng giá,"Bị đóng băng, không thể di chuyển hoặc sử dụng hầu hết kỹ năng",1,1.0,0
230003201,Bạo nhiên,"Liên tục cháy, mỗi giây nhận sát thương khí huyết nhất định",1,8.0,0
230003202,Bạo Nhiên,"Liên tục thiêu đốt, mỗi giây nhận một lượng sát thương khí huyết nhất định",10,8.0,0
230003401,Trúng Độc,"Trúng kịch độc, liên tục mất máu",1,4.0,0
230003901,Xung Lực Thịt,,1,1.0,0
230003904,Ngự Phong,,1,30.0,0
230004101,Định Thân,"Định thân, nhận sát thương sẽ hồi phục bình thường",1,1.0,0
230004102,Dễ bị thương,Sát thương Khí Huyết và Chân Khí nhận được tăng 20%,1,60.0,0
230004103,Thân pháp trầm,"Lượng tiêu hao khinh công tăng 20%, không thể sử dụng khinh công cấp cao",1,60.0,0
230004104,Vui mừng khôn xiết,Bị kích thích mà cười lớn không ngừng,1,300.0,0
230004105,Ngứa ngáy,"Bị kích thích, ngứa ngáy không chịu nổi",1,300.0,0
230004106,Định Thân,"Định thân, trong thời gian này mất khả năng nhận thức, chịu sát thương sẽ khôi phục bình thường",1,2.0,0
230004107,Dễ bị thương,Sát thương Khí Huyết và Chân Khí nhận được tăng 30%,1,300.0,0
230004108,Thể trọng,"Tốc độ di chuyển giảm 30%, có 15% xác suất thực hiện động tác loạng choạng khi thi triển kỹ năng",1,300.0,0
230004109,Vui mừng khôn xiết,Bị kích thích cười lớn không ngừng bị kích thích cười lớn không ngừng bị kích thích cười lớn không ngừng bị kích thích cười lớn không ngừng bị kích thích cười lớn không ngừng bị kích thích cười lớn không ngừng bị kích thích cười lớn không ngừng bị kích thích cười lớn không ngừng bị kích thích cười lớn không ngừng bị kích thích cười lớn không ngừng bị kích thích cười lớn không ngừng bị kích thích cười lớn không ngừng bị kích thích cười lớn không ngừng bị kích thích cười lớn không ngừng,1,300.0,0
230004110,Ngứa ngáy,"Bị kích thích, ngứa ngáy không chịu nổi",1,300.0,0
230004111,Giải huyệt,Giải huyệt,1,1.0,0
230004112,Định Thân,"Định thân, trong thời gian này mất khả năng nhận biết, chịu sát thương sẽ hồi phục bình thường",1,-1.0,0
230004113,Vui mừng khôn xiết,Bị kích thích cười lớn liên tục bị kích thích cười lớn liên tục bị kích thích cười lớn liên tục bị kích thích cười lớn liên tục bị kích thích cười lớn liên tục bị kích thích cười lớn liên tục bị kích thích cười lớn liên tục bị kích thích cười lớn liên tục bị kích thích cười lớn liên tục bị kích thích cười lớn liên tục bị kích thích cười lớn liên tục bị kích thích cười lớn liên tục bị kích thích cười lớn liên tục bị kích thích cười lớn liên tục bị kích thích cười lớn liên tục,1,-1.0,0
230004114,Ngứa ngáy,"Bị kích thích, ngứa ngáy khó chịu",1,-1.0,0
230004115,Định Thân,"Định thân, trong thời gian này mất khả năng nhận thức",1,-1.0,0
230004116,Ngứa ngáy khó chịu,"Bị kích thích, ngứa ngáy khó chịu",1,-1.0,0
230004117,Giải trừ định thân,"Định thân, trong thời gian này mất khả năng nhận biết, chịu sát thương sẽ khôi phục bình thường",1,-1.0,0
230004118,Định Thân,"Định thân, trong thời gian này mất khả năng nhận thức",1,-1.0,0
230004119,Định Thân,"Định thân, trong thời gian này mất đi khả năng cảm nhận",1,-1.0,0
230004120,Định Thân,"Định thân, nhận sát thương sẽ trở lại bình thường",1,20.0,0
230004121,Định Thân,"Định thân, nhận sát thương sẽ hồi phục bình thường",1,2.0,0
230004122,Định Thân,"Định thân, hồi phục bình thường sau khi nhận sát thương",1,4.0,0
230004124,Định Thân,"Định thân, trong thời gian này mất khả năng nhận thức, chịu sát thương sẽ khôi phục bình thường",1,-1.0,0
230004125,Định Thân,"Định thân, hồi phục bình thường khi nhận sát thương",1,20.0,0
230004126,Vui mừng khôn xiết,Bị kích thích cười lớn liên tục bị kích thích cười lớn liên tục bị kích thích cười lớn liên tục bị kích thích cười lớn liên tục bị kích thích cười lớn liên tục bị kích thích cười lớn liên tục bị kích thích cười lớn liên tục bị kích thích cười lớn liên tục bị kích thích cười lớn liên tục bị kích thích cười lớn liên tục bị kích thích cười lớn liên tục bị kích thích cười lớn liên tục bị kích thích cười lớn liên tục bị kích thích cười lớn liên tục bị kích thích cười lớn liên tục,1,-1.0,0
230004127,Định Thân,"Định thân, trong thời gian này mất khả năng nhận thức, nhận sát thương sẽ khôi phục bình thường",1,20.0,0
230004128,Ngứa ngáy,"Bị kích thích, ngứa ngáy không chịu nổi",1,-1.0,0
230004129,Định Thân,"Bị định thân, trong thời gian này mất khả năng nhận biết, chịu sát thương sẽ khôi phục bình thường",1,35.0,0
230004130,Định Thân,"Định thân, trong thời gian này mất khả năng cảm nhận, nhận sát thương sẽ trở lại bình thường",1,30.0,0
230004135,Định Thân,"Định thân, trong thời gian này mất khả năng cảm nhận, nhận sát thương sẽ khôi phục bình thường",1,10.0,0
240000000,Nhẹ mình,Tăng 50% tốc độ di chuyển,1,12.0,0
240000001,Ẩn thân,Ẩn thân,1,12.0,0
240000002,Cấm hồi phục,Cấm hồi phục,1,6.0,0
240000003,Giảm tốc,Giảm 30% tốc độ di chuyển,1,3.0,0
240000004,Cường Tráng,Nhân vật sẽ không rơi vào trạng thái bị đánh trừ khi bị khống chế cứng,1,8.0,0
240000005,Bất Khả Động,,1,-1.0,0
240000006,Bất Khả Đánh Ngã,,1,6.0,0
240000007,Giảm thể lực,,1,6.0,0
240000008,Trị liệu,,1,6.0,0
240000009,Bất Khả Đánh,"Nhân vật sẽ không rơi vào trạng thái bị đánh trúng, miễn dịch với hiệu ứng câm lặng do kỳ thuật gây ra, đồng thời giảm 20% sát thương phải chịu.",1,8.0,0
240000014,Nhẹ mình,Tăng 50% tốc độ di chuyển,1,12.0,0
240000015,Giảm tốc,Giảm 30% tốc độ di chuyển,1,12.6,0
240000018,Ẩn thân,Ẩn thân,1,3.0,0
240000019,Ẩn thân,Ẩn thân,1,12.6,0
240000020,Tàng hình,Tàng hình,1,13.2,0
240000021,Đi thong thả,"Không thể chạy nhanh, nhảy hai ba bước, lên ngựa",1,6.0,0
240000024,Bất Khả Đánh Ngã,,1,-1.0,0
240000025,Bốc cháy,"Trên người đang bốc cháy, liên tục mất máu",1,18.0,0
240000030,Thiêu đốt,"Trên người đang bốc cháy, liên tục mất máu",1,18.0,0
240000031,Thiêu đốt,"Bị cháy thân, liên tục mất máu",1,18.0,0
240000032,Cháy rực,"Trên người đang bốc cháy, liên tục mất máu",1,18.0,0
240000033,Giáng liệu,Hiệu quả trị liệu giảm 90%,1,30.0,0
240000034,Miễn nhiễm sát thương đạn đạo,Miễn nhiễm sát thương đạn đạo,1,15.0,0
240000035,Rắn lớn ẩn,,1,-1.0,0
240000036,Cấm mục tiêu hồi phục sát thương,"Khi gây sát thương lên người chơi, khiến mục tiêu nhận hiệu ứng cấm hồi phục",1,60.0,0
240000037,Trầm mặc,,1,0.7,0
240000038,Định Thân Trầm Mặc,"Bị định thân, không thể di chuyển hoặc sử dụng hầu hết kỹ năng",1,3.0,0
240000039,Cường Tráng,Nhân vật sẽ không vào trạng thái bị đánh,1,-1.0,0
240000040,Độ Thế,"Đệ Tử Tam Canh Thiên tìm kiếm sự cứu rỗi thông qua chiến đấu, bộc lộ Hóa Thân Phẫn Nộ. Trong khi Cứu Rỗi đang kích hoạt, họ sẽ rút máu của kẻ địch bằng các đòn tấn công.",1,60.0,0
240000041,Súc thế,"Hoa phồn và tàn hồng mỗi giây hồi phục thêm 20%, và khi cộng dồn nhiều tầng, mỗi tầng khiến bản thân gây sát thương tăng 4%.",5,10.0,0
240000042,Lá chắn,Cung cấp tương đương vu tối đại khí huyết trị 40% đích khí huyết hộ thuẫn.,1,8.0,0
240000043,Hút Khí Huyết,Hút 10% Khí Huyết.,1,60.0,0
240000044,Im lặng,,1,0.7,0
240000045,Định thân im lặng,"Bị định thân, không thể di chuyển hoặc phóng thích hầu hết các kỹ năng",1,3.5,0
240000046,Hồi phục chân khí,,1,1.0,0
240000047,Tăng tiêu hao né tránh,Tránh né tiêu hao thể lực tăng 100%.,1,6.0,0
240000048,Đánh dấu,,1,-1.0,0
240000049,Bá thể,"Nhân vật sẽ không vào trạng thái chịu đòn, miễn dịch với hiệu ứng câm lặng do kỳ thuật gây ra, đồng thời giảm sát thương phải chịu đi 20%.",1,9.0,0
240000050,Đánh dấu,,1,-1.0,0
240000051,Bá thể,Nhân vật sẽ không vào trạng thái bị đánh,1,3.0,0
240000052,Đánh dấu,,1,-1.0,0
240000053,Giảm tiêu hao né tránh,,1,12.6,0
240000054,Tinh Nguyên Hồi Phục Giảm,"Ở trong tường gió, hiệu suất hồi phục Tinh Nguyên giảm 80%.",1,20.0,0
240000055,Đánh dấu,,1,15.0,0
240000056,Đánh dấu,,1,60.0,0
240000057,Trầm mặc,,1,0.7,0
240000058,Giáng Liệu,,1,-1.0,0
240000059,Khí Kiệt Dễ Thương,Sát thương tăng 15% khi ở trạng thái kiệt sức.,1,8.4,0
240000060,Lá chắn,Mỗi tầng cung cấp lá chắn Khí Huyết tương đương 10% giá trị Khí Huyết tối đa.,30,20.0,0
240000061,Đánh dấu,,1,0.5,0
240000062,Giảm sát thương,Chịu sát thương giảm 10%.,1,3.0,0
240000063,Dễ bị thương,Nhận sát thương tăng 20%.,1,6.0,0
240000064,Định thân câm lặng,"Bị định thân, không thể di chuyển hoặc giải phóng hầu hết các kỹ năng",1,3.5,0
240000065,Giảm tốc,"Giảm 50% tốc độ di chuyển, đồng thời hiệu suất hồi phục thể lực tự nhiên giảm 100%.",1,6.0,0
240000066,Đánh dấu,,1,0.5,0
240000067,Khí Huyết hấp thu,Hấp thụ 30% Khí Huyết.,1,60.0,0
240000068,Im lặng,,1,0.7,0
240000069,Định thân trầm mặc,"Bị định thân, không thể di chuyển hoặc thi triển hầu hết các kỹ năng",1,4.5,0
240000070,Giảm Tốc,"Giảm 50% tốc độ di chuyển, và hiệu quả hồi phục thể lực tự nhiên giảm 100%.",1,6.0,0
240000071,Đánh dấu,,1,-1.0,0
240000072,Bá thể,"Nhân vật sẽ không rơi vào trạng thái bị đánh trúng, miễn nhiễm hiệu quả câm lặng do kỳ thuật gây ra, đồng thời giảm 20% sát thương phải chịu.",1,11.0,0
240000073,Hộ thuẫn,Cung cấp lá chắn khí huyết tương đương 120% giá trị khí huyết tối đa.,1,8.0,0
240000074,Bá thể,Nhân vật sẽ không vào trạng thái bị đánh,1,8.0,0
240000075,Giảm Sát thương,"Miễn dịch với hiệu ứng câm lặng do kỳ thuật gây ra, đồng thời giảm 60% sát thương phải chịu.",1,10.0,0
240000076,Dễ bị thương,Mỗi tầng khiến bản thân phải chịu sát thương tăng 3%.,8,8.0,0
240000081,Trị liệu,,1,10.0,0
240000083,Kích nổ chảy máu,,1,13.0,0
240000084,Chuột chuột định thân,,1,8.0,0
240000085,Định thân,"Bị định thân, không thể di chuyển hoặc thi triển phần lớn kỹ năng",1,0.5,0
400091,Khai Vật · Hỏa,"Sử dụng dầu tôi để bôi lên vũ khí, đòn tấn công gây thêm hiệu ứng",1,30.0,0
400091,Khai Vật · Hỏa,"Sử dụng dầu tôi để bôi lên vũ khí, đòn tấn công sẽ gây thêm hiệu ứng",1,30.0,0
400091,Khai Vật · Hỏa,"Dùng dầu tôi để bôi lên vũ khí, đòn tấn công gây thêm hiệu ứng",1,30.0,0
400091,Khai Vật · Hỏa,"Dùng dầu tôi để bôi lên vũ khí, đòn tấn công gây thêm hiệu ứng phụ",1,30.0,0
400092,Khai Vật · Nước,"Sử dụng Thủy Tôi Lập để thoa lên vũ khí, đòn tấn công sẽ gây thêm hiệu ứng",1,30.0,0
400092,Khai Vật · Thủy,"Sử dụng Thủy Tôi Lập bôi lên vũ khí, đòn tấn công gây thêm hiệu ứng",1,30.0,0
400092,Khai Vật · Nước,"Sử dụng Thủy Tôi Lập thoa lên vũ khí, đòn tấn công gây thêm hiệu ứng",1,30.0,0
400092,Khai Vật · Thủy,"Dùng sáp Thủy Tuyền thoa lên vũ khí, đòn tấn công gây thêm hiệu ứng",1,30.0,0
400093,Khai vật · Độc,"Dùng Túy Độc Tán bôi lên vũ khí, tấn công gây thêm hiệu ứng",1,30.0,0
400093,Khai Vật · Độc,"Sử dụng Tán Tẩm Độc bôi lên vũ khí, đòn tấn công gây hiệu ứng phụ",1,30.0,0
400093,Khai Vật · Độc,"Dùng Tẫn Độc Tán bôi lên vũ khí, tấn công gây hiệu ứng phụ",1,30.0,0
400093,Khai Vật · Độc,"Sử dụng Túy Độc Tán bôi lên vũ khí, đòn tấn công sẽ gây thêm hiệu ứng",1,30.0,0
400101,Bạo Liệt · Cấp 2,Liên tục chịu sát thương khí huyết,1,4.0,0
400101,Bỏng cháy · Cấp 3,Liên tục chịu sát thương Khí Huyết,1,4.0,0
400101,Bạo Liệt · Cấp 4,Liên tục chịu sát thương khí huyết,1,4.0,0
400101,Thiêu Đốt · Cấp 5,Liên tục chịu sát thương Khí Huyết,1,4.0,0
400102,Trầm trệ · Cấp 2,Sát thương gây ra giảm,1,4.0,0
400102,Trầm Trệ · Cấp 3,Sát thương gây ra giảm,1,4.0,0
400102,Trầm Trệ · Cấp 4,Sát thương gây ra giảm,1,4.0,0
400102,Trầm Trệ · Cấp 5,Sát thương gây ra giảm,1,4.0,0
400103,Trúng độc · Cấp 2,Liên tục chịu sát thương khí huyết và sát thương chân khí phụ trợ,1,8.0,0
400103,Trúng độc · Cấp 3,Liên tục chịu sát thương khí huyết và sát thương chân khí phụ trợ,1,8.0,0
400103,Trúng độc · Cấp 4,Liên tục chịu sát thương Khí Huyết và sát thương Chân Khí phụ trợ,1,8.0,0
400103,Trúng độc · Cấp 5,Liên tục chịu sát thương khí huyết và sát thương chân khí phụ trợ,1,8.0,0
410010911,Chu Chu Sinh Uy,"Khi thi triển Khinh Kích, Thử Thử sẽ chui ra từ mặt đất tiến hành một lần tấn công.",1,10.0,0
431102911,Thay thế,,1,12.0,0
431103911,Thay thế,,1,12.0,0
431104911,Thay thế,,1,12.0,0
1094007,Nhặt buff mưa sao băng,,1,60.0,0
1094007,Lưu tinh vũ nhặt buff,,1,60.0,0
1510000211,Khóa máu 40,,1,-1.0,0
1510000212,Mô hình không thể chọn,,1,-1.0,0
2100000101,Ngự Viêm,,1,20.0,0
2100027201,Thiên Công · Nhuận Trạch Thủy Tử hiệu quả,"Gây ra hiệu ứng trị liệu trực tiếp có thể hồi phục 0.8 điểm tinh nguyên, thời gian kích hoạt là 3 giây. Khi bị kẻ địch tấn công, thành công gỡ thế/ né tránh hoàn hảo/ chịu sát thương đều có thể nhận được hiệu ứng 【Phi Công · Mặc Thủ】. Nếu trong thời gian không có hiệu ứng 【Phi Công · Mặc Thủ】 gây sát thương cho người khác, thì sẽ nhận được hiệu ứng 【Vô Đấu】, mỗi giây trừ 1 điểm chân khí của bản thân.",1,40.0,0
2100027701,Thiên Công·Nhuận Trạch Thủy Tử hiệu quả,"Gây hiệu quả trị liệu trực tiếp có thể hồi phục 0.8 điểm tinh nguyên, thời gian hồi chiêu 3 giây. Khi chịu tấn công của địch, gỡ thế/ né tránh hoàn mỹ/ chịu sát thương đều có thể nhận được hiệu quả 【Phi Công · Mặc Thủ】. Nếu trong thời gian không có hiệu quả 【Phi Công · Mặc Thủ】 gây sát thương cho người khác, thì sẽ nhận được hiệu quả 【Vô Đấu】, mỗi giây khấu trừ 1 điểm Chân Khí của bản thân.",1,40.0,0
2100030001,Định Thân,"Bị định thân, không thể di chuyển hoặc sử dụng hầu hết kỹ năng",1,3.0,0
2100037401,Cộng thêm thuộc tính công,Toàn thuộc tính tấn công tăng thêm 10%.,1,-1.0,0
2100037501,Giảm sát thương,"Khi ngoại công xuyên thấu và xuyên thấu thuộc tính cao nhất đều dưới 24, sát thương gây ra giảm 2%.",1,-1.0,0
2100037502,Giảm sát thương,"Khi ngoại công xuyên thấu và xuyên thấu thuộc tính cao nhất đều thấp hơn 22, sát thương giảm 4%.",1,-1.0,0
2100037503,Giảm sát thương,"Khi Ngoại Công Xuyên Thấu và Xuyên Thấu Thuộc Tính Tối Đa nhỏ hơn 20, gây sát thương giảm 6%.",1,-1.0,0
2100037504,Giảm sát thương,"Khi Ngoại Công Xuyên Thấu và thuộc tính công kích cao nhất xuyên thấu bất kỳ hạng mục nào dưới 18, sát thương giảm 8%.",1,-1.0,0
2100037505,Giảm Sát thương,"Khi xuyên thấu ngoại công và xuyên thấu thuộc tính cao nhất bất kỳ hạng mục nào dưới 16, sát thương gây ra giảm 10%.",1,-1.0,0
2100107201,Minh Kim · Hiệu ứng suy yếu của thủ lĩnh Ảnh,Suy Yếu,1,32.0,0
2100107401,Khiên Ti · Thủ lĩnh Ngọc suy yếu buff con,Suy Yếu,1,32.0,0
2100107601,Phá Trúc · Thủ lĩnh Phong suy yếu tử buff,Suy nhược,1,32.0,0
2100107701,Hiệu ứng suy nhược của Thủ lĩnh Phá Trúc · Trần,Suy nhược,1,32.0,0
2100200401,Phi thân,,1,2.0,0
2100200402,Tơ Lụa Kéo Dài · Ngọc Bộc Phát Hồi Phục Kỹ Năng Đặc Biệt Đánh Dấu,,1,1.0,0
2100200501,Thanh lọc khí huyết nhận được lá chắn,Hộ Thuẫn,1,15.0,0
2100200502,Kích hoạt đánh dấu quỹ đạo Tán Độc.,,6,15.0,0
2100200503,Đánh dấu quỹ đạo Độc Tán 1,,1,15.0,0
2100200504,Độc Tán 2 Đánh Dấu Đạn Đạo,,1,15.0,0
2100200505,Đánh dấu quỹ đạo 3 của Ô Độc,,1,15.0,0
2100200506,Đánh dấu đường đạn Ô Độc Tán 4,,1,15.0,0
2100200507,Đánh dấu đường đạn Độc Tán 5,,1,15.0,0
2100200508,Đánh dấu 6 đường đạn của Ô Độc,,1,15.0,0
2100200510,Khiên Ti · Lâm bạo phát kích hoạt AL,,1,2.0,0
2100200511,Đánh dấu buff bùng nổ,,1,2.0,0
2100200601,Phá Trúc · Phong bạo hồi phục tất cả tầng Trệ Ngại,,1,2.0,0
2100200602,Phá Trúc · Phong Bạo Phát hồi phục dấu ấn Si Mê,,1,1.0,0
2100200701,Phá Trúc · Trần bộc phát hồi phục dấu ấn võ học kỹ,,1,1.0,0
2100200801,Liệt Thạch · Quân Bạo Phát Hồi Phục Kỹ Năng Đặc Biệt Đánh Dấu,,1,1.0,0
2100200802,Trùng Thượng Sương tung ra dấu ấn,,1,0.1,0
2100200803,Đốt cháy trái tim này để giải trừ dấu ấn,,1,0.1,0
2106000201,Dễ thương tổn,Tăng 10% sát thương nhận vào.,1,3.0,0
2106000301,Cường Tráng,,1,1.5,0
2106000501,Cơ chế kích hoạt,,1,3.0,0
2106000601,Kích hoạt cơ chế,,1,3.0,0
2106000801,Dễ bị thương,Tăng 12% sát thương nhận vào.,1,5.0,0
2106000901,Cường Tráng,,1,1.5,0
2106001001,Định Thân,"Bị Định Thân, không thể di chuyển hoặc thi triển hầu hết kỹ năng",1,0.8,0
2106001101,Cường Tráng,,1,3.0,0
2106010101,Cường tráng,,1,3.0,0
2106010301,Chân Khí Tăng Sát Thương,Tăng 20% sát thương Chân Khí gây ra.,1,5.0,0
2106010401,Cường Tráng,,1,3.8,0
2106010402,Bất Khả Động,Miễn nhiễm phần lớn trạng thái cứng đờ khi bị đánh,1,2.0,0
2106010501,Đánh dấu giải khống chế thành công,,1,3.0,0
2106010601,Chân khí tăng thương,Tăng 20% sát thương Chân Khí gây ra.,1,5.0,0
2106010602,Tăng sát thương Khí Huyết,Gây tăng 20% sát thương khí huyết.,1,5.0,0
2106020101,Đánh dấu phòng ngự thành công,,1,1.5,0
2106020301,Cộng thêm kỹ năng phản đòn phòng ngự,Sát thương của kỹ năng Phản Đòn Phòng Ngự tăng 10%/35%/80%/150%.,4,3.0,0
2106020401,Đánh dấu phòng ngự thành công,,1,1.5,0
2106020501,Đánh dấu phòng ngự thành công,,2,1.5,0
2106020601,Cộng thêm kỹ năng phản đòn phòng ngự,Sát thương của kỹ năng Phản Đòn Phòng Ngự tăng 10%/35%/80%/150%.,4,3.0,0
2106020602,Phản Kích Bất Hoại,"Khi thi triển kỹ năng Phản Đòn Phòng Ngự, nhận hiệu ứng Bá Thể trong 1 giây.",1,3.0,0
2106020603,Bất Khả Động,Miễn nhiễm phần lớn trạng thái cứng đờ khi bị đánh,1,1.0,0
2106030101,Chân khí tăng sát thương,Tăng 20% sát thương Chân Khí gây ra.,1,3.0,0
2106030401,Chân khí tăng thương,Gây thêm 20% sát thương Chân Khí.,1,5.0,0
2106030501,Tăng sát thương,Kỳ thuật gây thêm 12% sát thương.,1,5.0,0
2106030601,Né tránh cường hóa,Né tránh không tiêu hao thể lực.,1,2.0,0
2106040201,Tăng sát thương,Tăng 20% sát thương gây ra.,1,3.0,0
2106040401,Tăng sát thương,Kỹ năng Kỳ Thuật gây thêm 12% sát thương.,1,5.0,0
2106040501,Tăng thương,Tăng 20% sát thương Khí Huyết.,1,5.0,0
2106040601,Chân khí thương tổn,Sát thương Chân Khí gây ra tăng thêm 2%/4%/6%.,3,1.5,0
2106050101,Định Thân,"Bị định thân, không thể di chuyển hoặc sử dụng hầu hết kỹ năng",1,2.7,0
2106050102,Dấu hiệu có thể cảm nhận,,1,-1.0,0
2106050103,Có thể đánh dấu cứng đơ,,1,-1.0,0
2106050104,Không thể cảm nhận được dấu hiệu,,1,12.0,0
2106050105,Thiên Sơn Pháp Tam Trọng không thể cảm nhận được dấu ấn,,1,9.2,0
2106050301,Chân khí tăng sát thương,Gây tăng thêm 12% sát thương Chân Khí.,1,8.0,0
2106050401,Định Thân,"Bị định thân, không thể di chuyển hoặc sử dụng hầu hết kỹ năng",1,2.9,0
2106050403,Dấu hiệu cứng đờ,,1,-1.0,0
2106050601,Tăng thương,Gây sát thương tăng 16%.,1,6.0,0
2106050701,Định thân,"Bị định thân, không thể di chuyển hoặc tung ra phần lớn kỹ năng",1,0.5,0
2106050801,Định thân,"Bị định thân, không thể di chuyển hoặc thi triển phần lớn kỹ năng",1,0.5,0
2106060201,Đánh dấu,,3,1.0,0
2106060202,Đánh dấu,,1,1.0,0
2106060301,Sát thương Chân Khí,,1,-1.0,0
2106060302,Sát thương Chân Khí,,1,-1.0,0
2106060401,Định Thân,"Bị định thân, không thể di chuyển hoặc sử dụng hầu hết kỹ năng",1,0.4,0
2106060501,Đánh dấu,,2,1.0,0
2106060502,Đánh dấu,,1,1.0,0
2106060601,Sát thương Chân Khí,,1,-1.0,0
2106060602,Sát thương Chân Khí,,1,-1.0,0
2106060701,Đánh dấu,,1,3.0,0
2106060702,Đánh dấu,,4,3.0,0
2106060703,Đánh dấu,,1,3.0,0
2106060704,Cường tráng,,8,0.5,0
2106060705,Đánh dấu,,1,12.0,0
2106060801,Đánh dấu,,1,3.0,0
2106060802,Đánh dấu,,5,3.0,0
2106060803,Đánh dấu,,1,3.0,0
2106060804,Cường Nhẫn,,10,0.6,0
2106060805,Đánh dấu,,1,12.0,0
2106070101,Phi thăng,,1,2.0,0
2106070102,Đánh dấu,,1,10.0,0
2106070301,Đánh dấu,,4,1.0,0
2106070302,Cường Tráng,,1,1.2,0
2106070303,Cường Tráng,,1,2.4,0
2106070304,Cường tráng,,1,3.6,0
2106070305,Cường Tráng,,1,4.8,0
2106070401,Phi thân,,1,2.0,0
2106070501,Bất Khả Đả Đoạn,Miễn nhiễm phần lớn trạng thái cứng đờ khi bị đánh,1,2.0,0
2106070601,Đánh dấu,,4,1.0,0
2106070602,Cường Tráng,,1,1.5,0
2106070603,Cường Tráng,,1,3.0,0
2106070604,Cường Tráng,,1,4.5,0
2106070605,Cường Tráng,,1,6.0,0
2106070606,Bất Khả Đả Đoạn,Miễn nhiễm phần lớn trạng thái cứng đờ khi bị đánh,1,3.0,0
2106070607,Đánh dấu,,2,1.0,0
2106070701,Tiêu ký,,1,1.0,0
2106070702,Sát thương phạm vi,,1,1.0,0
2106070801,Đánh dấu,,1,1.0,0
2106070802,Sát thương phạm vi,,1,1.0,0
2106070803,Bá thể,Miễn dịch với hầu hết các trạng thái cứng người khi bị đánh,1,2.0,0
2106080101,Đánh dấu,Mỗi tầng làm tăng 3% sát thương gây ra bởi Kỹ năng Kết Liễu.,10,20.0,0
2106080201,Đánh dấu sát thương,,1,2.0,0
2106080301,Cường hóa Si Mê,<Võ học kỹ: Si Mê> gây thêm 10 điểm chân khí thương tổn.,1,2.0,0
2106080302,Dấu ấn sát thương Chân Khí,,1,2.0,0
2106080401,Đánh dấu,Mỗi tầng tăng thêm 3% sát thương gây ra bởi Kỹ năng Kết Liễu.,10,20.0,0
2106080501,Đánh Dấu Sát Thương,,1,2.0,0
2106080502,Cấm Chạy Nhanh,Cấm chạy nhanh.,1,6.0,0
2106080601,Cường Hóa Si Mê,"<Võ học kỹ: Si Mê Chướng> gây thêm 10 điểm sát thương Chân Khí, và trong quá trình thi triển kỹ năng sẽ ở trạng thái Cường Tráng.",1,2.0,0
2106080602,Đánh dấu sát thương Chân Khí,,1,2.0,0
2106080603,Cường Tráng,,1,1.8,0
2106080701,Giảm trị liệu,"Giảm trị liệu 6%, tối đa cộng dồn 5 tầng.",5,3.0,0
2106080801,Giáng liệu,"Giảm 10% trị liệu, tối đa cộng dồn 5 tầng.",5,3.0,0
2106090101,Định Thân,"Bị định thân, không thể di chuyển hoặc sử dụng hầu hết kỹ năng",1,2.7,0
2106090102,Có thể đánh dấu định thân thêm,,1,-1.0,0
2106090201,Đánh dấu,,1,5.0,0
2106090202,Đánh dấu có thể hồi chân khí,,1,5.0,0
2106090401,Định Thân,"Bị định thân, không thể di chuyển hoặc sử dụng phần lớn kỹ năng",1,4.0,0
2106090402,Có thể định thân đánh dấu thêm,,1,-1.0,0
2106090501,Đánh dấu,,1,5.0,0
2106090502,Có thể hồi chân khí đánh dấu,,1,5.0,0
2106090701,Chân Khí Dị Thương,"4% chân khí dễ bị thương, tối đa cộng dồn 5 tầng.",5,3.0,0
2106090801,Dễ bị tổn thương Chân Khí,"6% Chân Khí Dễ Bị Thương, cộng dồn tối đa 5 tầng.",5,3.0,0
2106100101,Chân khí hồi phục,,1,1.0,0
2106100201,Hiệu quả hộ vệ được tăng cường,Liên tục mang lại hiệu quả miễn nhiễm trạng thái Kiệt Sức cho mục tiêu được hộ vệ hiện tại.,1,11.0,0
2106100202,Miễn nhiễm khí kiệt,,1,1.1,0
2106100301,Đánh dấu,,4,1.5,0
2106100302,Bất Hoại Thân Thể,Miễn nhiễm phần lớn trạng thái cứng đờ khi bị đánh,1,1.0,0
2106100303,Bất Khả Đánh Ngã,Miễn nhiễm phần lớn trạng thái cứng đờ khi bị đánh,1,2.0,0
2106100304,Bất tử chi thân,Miễn nhiễm phần lớn trạng thái cứng đờ khi bị đánh,1,3.0,0
2106100305,Bất Khả Động,Miễn nhiễm phần lớn trạng thái cứng đờ khi bị đánh,1,4.0,0
2106100401,Khôi phục Chân khí,,1,1.0,0
2106100402,Chân khí hồi phục,,1,1.0,0
2106100501,Hiệu ứng hộ vệ cường hóa,Liên tục duy trì hiệu quả trạng thái miễn nhiễm khí kiệt cho mục tiêu hộ vệ hiện tại.,1,11.0,0
2106100502,Miễn nhiễm Khí Kiệt,,1,1.1,0
2106100503,Khôi phục Chân Khí,,1,1.0,0
2106100601,Đánh dấu,,4,1.5,0
2106100602,Bất Khả Đả Đoạn,Miễn nhiễm hầu hết các trạng thái cứng đờ khi bị đánh,1,1.2,0
2106100603,Bất tử,Miễn nhiễm phần lớn trạng thái cứng đờ khi bị đánh,1,2.4,0
2106100604,Bất Khả Đánh Ngã (Bá Thể),Miễn nhiễm phần lớn trạng thái cứng đờ khi bị đánh,1,3.6,0
2106100605,Bất tử (Bá thể),Miễn nhiễm phần lớn trạng thái cứng đờ khi bị đánh,1,4.8,0
2106100606,Đẩy lùi,,1,2.0,0
2106100701,Tăng hiệu quả trị liệu,30% hiệu quả trị liệu tăng lên.,1,5.0,0
2106100801,Hiệu quả trị liệu tăng lên,30% hiệu quả trị liệu tăng lên.,1,5.0,0
2106100802,Cường tráng,,1,3.0,0
2106100803,Đánh dấu,,1,-1.0,0
2106100804,Đánh dấu,,1,-1.0,0
2106110101,Kiếm Dẫn,"Hiệu ứng “Kiếm Dẫn” được thêm vào sau khi nhận sát thương từ <Kiếm · Khinh Kích>, sau khi tích đủ 5 tầng sẽ nhận 10 điểm sát thương Chân Khí.",5,4.0,0
2106110102,Sát thương Chân Khí,,1,1.0,0
2106110301,Đánh dấu,,8,4.0,0
2106110302,Kỹ năng Trọng Kích tăng sát thương,Sát thương Kỹ năng Trọng Kích tăng 12%.,1,10.0,0
2106110401,Kiếm Dẫn,"Hiệu ứng “Kiếm Dẫn” được thêm vào sau khi nhận sát thương <Kiếm · Khinh Kích>, tích đủ 5 tầng sẽ bị định thân ngắn và nhận 10 điểm chân khí thương.",5,4.0,0
2106110402,Dễ tổn thương,Tăng 5% sát thương nhận vào.,1,8.0,0
2106110601,Đánh dấu,,6,4.0,0
2106110602,Tăng sát thương Kỹ năng Trọng Kích,Sát thương Kỹ năng Trọng Kích tăng 15%.,1,10.0,0
2106120201,Dễ bị thương,"Nhận sát thương tăng 2.5%, tối đa có thể cộng dồn 8 tầng.",8,8.0,0
2106120301,Phiêu nổi,,1,2.0,0
2106120302,Đánh dấu,,1,10.0,0
2106120501,Dễ bị thương,"Tăng 3% sát thương nhận vào, tối đa cộng dồn 10 tầng.",10,8.0,0
2106120601,Phiêu không,,1,2.0,0
2106130101,Sát thương Chân Khí,,1,2.0,0
2106130201,Định Thân,"Bị định thân, không thể di chuyển hoặc sử dụng hầu hết kỹ năng",1,0.8,0
2106130301,Khôi phục Chiến Ý,,1,5.0,0
2106130401,Chân Khí Thương,,1,2.0,0
2106130402,Hồi phục thể lực,,1,5.0,0
2106130501,Định Thân,"Bị định thân, không thể di chuyển hoặc sử dụng hầu hết kỹ năng",1,0.8,0
2106130601,Chiến ý khôi phục,,1,5.0,0
2106140101,Liên tục đánh trúng mục tiêu,,2,2.0,0
2106140201,Dễ bị thương,Tăng 12% sát thương nhận vào.,1,8.0,0
2106140301,Liên tục trúng đòn đánh dấu,,4,2.0,0
2106140302,Phục hồi thẻ Ân,,1,1.0,0
2106140401,Đánh trúng liên tục,,3,2.0,0
2106140402,Đánh dấu,,1,2.0,0
2106140501,Dễ bị thương,Tăng 15% sát thương nhận vào.,1,10.0,0
2106140601,Dấu ấn trúng đòn liên tục,,3,2.0,0
2106140602,Phục hồi bài Ân Tự,,1,1.0,0
2106140701,Dễ thương,"Chịu sát thương tăng 2.5%, tối đa cộng dồn 4 tầng.",4,8.0,0
2106140801,Dễ bị tổn thương,受到伤害增加3%，最多叠加5层。,5,8.0,0
2106150301,Tăng sát thương,"Tăng 5% sát thương, tối đa cộng dồn 3 tầng.",3,6.0,0
2106150302,Tăng cường trị liệu,"Tăng 5% hiệu quả trị liệu, tối đa cộng dồn 3 tầng.",3,6.0,0
2106150501,Xuân Ý,Sau tầng [Xuân Ý] thứ 18 sẽ bị định thân 0.6 giây.,18,5.0,0
2106150502,Định Thân,"Bị định thân, không thể di chuyển hoặc sử dụng hầu hết kỹ năng",1,0.6,0
2106150601,Tăng sát thương,"Tăng 6% sát thương, tối đa cộng dồn 3 tầng.",3,6.0,0
2106150602,Tăng cường trị liệu,"Tăng #G1#E6% hiệu quả trị liệu, tối đa cộng dồn 3 tầng.#E",3,6.0,0
2106150701,Phù không,,1,2.0,0
2106150702,Đánh dấu,,1,10.0,0
2106150801,Phù không,,1,2.0,0
2106160301,Cường Tráng,,1,2.0,0
2106160401,Đánh dấu,,1,10.0,0
2106160402,Cường Tráng,,1,3.0,0
2106160601,Cường Tráng,,1,3.0,0
2106160701,Hồi phục Chân Khí 10 điểm,,1,1.0,0
2106160801,Hồi phục Chân Khí 10 điểm,,1,1.0,0
2106170201,Thưởng toàn server Thí Luyện,"Đứt gân sai xương, trong một khoảng thời gian không thể sử dụng nước rút và nhảy.",1,5.0,0
2106170301,Liên tục trúng mục tiêu,,5,2.0,0
2106170302,Trừ Chân Khí 10 điểm,,1,5.0,0
2106170401,Cường nhận,,1,2.0,0
2106170501,Cấm chạy nước rút nhảy,"Đứt gân sai xương, trong một khoảng thời gian không thể sử dụng nước rút và nhảy.",1,5.0,0
2106170601,Liên tục trúng mục tiêu đã đánh dấu,,4,2.0,0
2106170602,Trừ 12 điểm chân khí,,1,5.0,0
2106170701,Đánh dấu,,1,2.0,0
2106170702,Đánh dấu,,4,2.0,0
2106170703,Đánh dấu,,1,2.0,0
2106170704,Tăng sát thương,"2% Sát thương Cộng thêm, tối đa cộng dồn 8 tầng.",8,10.0,0
2106170801,Đánh dấu,,1,2.0,0
2106170802,Đánh dấu,,5,2.0,0
2106170803,Đánh dấu,,1,2.0,0
2106170804,Tăng Sát thương,"2.4% sát thương cộng thêm, tối đa cộng dồn 10 tầng.",10,10.0,0
2106180101,Tiêu ký,,1,3.0,0
2106180102,Đánh dấu,,4,3.0,0
2106180103,Đánh dấu,,1,3.0,0
2106180104,Cường tráng,,8,0.5,0
2106180105,Đánh dấu,,1,12.0,0
2106180401,Đánh dấu,,1,3.0,0
2106180402,Đánh dấu,,5,3.0,0
2106180403,Đánh dấu,,1,3.0,0
2106180404,Cường Nhẫn,,10,0.6,0
2106180405,Đánh dấu,,1,12.0,0
2106180701,Hiệu quả trị liệu giảm,30% hiệu quả trị liệu giảm.,1,10.0,0
2106180702,Giảm hiệu quả trị liệu,Giảm hiệu quả trị liệu 15%.,1,10.0,0
2106180801,Hiệu quả trị liệu giảm,40% hiệu quả trị liệu giảm.,1,10.0,0
2106180802,Hiệu quả trị liệu giảm,20% hiệu quả trị liệu giảm.,1,10.0,0
2106190501,Có thể hút tụ đánh dấu,,1,-1.0,0
2106190701,Dễ bị thương,Chịu sát thương tăng 10%.,1,10.0,0
2106190801,Dễ bị thương,Chịu sát thương tăng 10%.,1,10.0,0
2106190802,Cứng cáp,,1,3.0,0
2106200201,Đánh dấu,,4,2.0,0
2106200202,Đánh dấu,,1,2.0,0
2106200301,Hiệu quả trị liệu giảm,30% hiệu quả trị liệu giảm.,1,10.0,0
2106200302,Hiệu quả trị liệu giảm,15% giảm hiệu quả trị liệu.,1,10.0,0
2106200501,Đánh dấu,,3,2.0,0
2106200502,Đánh dấu,,1,2.0,0
2106200601,Hiệu quả trị liệu giảm,40% hiệu quả trị liệu giảm.,1,10.0,0
2106200602,Hiệu quả trị liệu giảm,Giảm 20% hiệu quả trị liệu.,1,10.0,0
2106200701,Hút Khí Huyết,Hút 10% Khí Huyết.,1,10.0,0
2106200801,Hút Khí Huyết,Hút 15% Khí Huyết.,1,10.0,0
2107100001,Gỡ lực,"Khi bất kỳ kỹ năng nào đánh trúng địch, sẽ gây thêm sát thương cố định. Nếu khi gây sát thương cố định mà Khí Huyết bản thân dưới 30%, sát thương tăng 60%.",10,60.0,0
2107100101,Thủ Chuyết,Lần sau 【Kỹ năng Võ học】gây thêm sát thương với hệ số tấn công 700%.,10,60.0,0
2107100801,Yên liễu trùng trùng,"Trọng Kích/Trọng Kích truy kích kỹ trúng đích sau sẽ khiến sát thương khinh kích/kỹ năng đạn đạo tăng#Y12%#E, duy trì#Y15#E giây; ngược lại cũng vậy. Hiệu quả nhận được#5#giây sau khi nhận được có thể làm mới thời gian.",1,-1.0,0
2107100802,Yên Liễu Trùng Trùng,"Khinh Kích/kỹ năng đạn đạo sau khi trúng sẽ tăng sát thương Trọng Kích/kỹ năng truy kích Trọng Kích #Y12%#E, duy trì #Y15#E giây.",1,-1.0,0
2107101301,Tránh chiến,"Khiến bản thân chịu sát thương giảm 15% nhưng gây sát thương 【Kỹ năng võ học】giảm 7.5%, cộng dồn tối đa 6 tầng.",6,30.0,0
2107101401,Mượn thế,"Khiến bản thân phán đoán hóa giải/né tránh tăng thêm 25%, có thể cộng dồn tối đa 4 tầng. Hóa giải thành công/né tránh hoàn mỹ sẽ xóa bỏ hiệu quả 【Mượn Thế】.",4,60.0,0
2107101402,Mượn Thế,,4,60.0,0
2107101501,Nhánh 1 của nhánh 1,,1,-1.0,0
2107101502,Nút 1 nhánh 1 buff con,,1,-1.0,0
2107101503,"Nhánh 1 của nút 1, hiệu ứng phụ",,1,1.0,0
2107101504,Nút 1 nhánh 1 buff con,,1,1.0,0
2107101505,Khiếp Hồn,"Khiến bản thân gây sát thương võ học giảm 2%, tối đa cộng dồn 10 tầng.",10,-1.0,0
2107101506,Chiến hồn,"Khiến bản thân gây thêm 2% sát thương võ học, cộng dồn tối đa 10 tầng.",10,-1.0,0
2107101507,Đánh dấu,,1,-1.0,0
2107101701,Ưng Dương,"Mỗi khi gây sát thương hoặc trị liệu liên tục có thể thêm cho bản thân hiệu quả #Y1#E tầng Ưng Dương: Chịu sát thương giảm #Y1.2%#E, duy trì #Y10#E giây, có thể cộng dồn tối đa #Y5#E tầng. Khi đủ tầng có thể nhận được hiệu quả Ưng Hộ: #Y10#E giây tới chịu sát thương giảm #Y90%#E (nguồn là thủ lĩnh thì hiệu quả giảm một nửa), hiệu quả này mỗi #Y30#E giây chỉ có thể kích hoạt một lần.",1,-1.0,0
2107101702,Ưng Dương-CD dùng,"Mỗi khi gây sát thương hoặc trị liệu liên tục, có thể thêm cho bản thân hiệu ứng #Y1#E tầng Ưng Dương: Chịu sát thương giảm #Y1.2%#E, kéo dài #Y10#E giây, có thể cộng dồn tối đa #Y5#E tầng. Khi đủ tầng có thể nhận được hiệu ứng Ưng Hộ: #Y10#E giây tới chịu sát thương giảm #Y90%#E (nguồn là thủ lĩnh thì hiệu quả giảm một nửa), hiệu ứng này mỗi #Y30#E giây chỉ có thể kích hoạt một lần.",1,-1.0,0
2107102001,Lê Tuyết,当遭受的单次伤害超过最大气血值#Y40%#E或自身气血值低于#Y20%#E时，下次治疗额外为自身治疗#Y25%#E最大气血值，每60秒最多生效一次。,1,-1.0,0
2107102002,Lê Tuyết,"Khi phải chịu sát thương đơn lẻ vượt quá #Y40%#E Khí Huyết Tối Đa hoặc Khí Huyết của bản thân dưới #Y20%#E, lần trị liệu tiếp theo trị liệu thêm #Y25%#E Khí Huyết Tối Đa cho bản thân, mỗi 60 giây có hiệu lực tối đa một lần.",1,-1.0,0
2107102601,Võ học sát thương giảm,Bản thân gây ra 【Kỹ năng võ học】 sát thương giảm xuống 40%.,1,-1.0,0
2107102701,Minh Kim Sơ Hở Khán Phá,"Sử dụng Kim Ngọc Thủ có thể đánh vỡ mục tiêu 【Điểm yếu Minh Kim】5 giây, gây #G1200%#E hệ số tấn công sát thương. Nếu mục tiêu đồng thời bị phá vỡ 3 【Điểm yếu thuộc tính】khác nhau, sẽ kích hoạt trạng thái 【Điểm yếu dễ bị thương】. Có thể khiến nó trong 15 giây chịu sát thương tăng #G20%#E.",1,60.0,0
2107102702,Khám phá điểm yếu Liệt Thạch,"Sử dụng Kim Ngọc Thủ có thể phá vỡ mục tiêu 【Liệt Thạch nhược điểm】5 giây, gây ra #G1200%#E sát thương hệ số tấn công. Nếu mục tiêu đồng thời bị phá vỡ 3 【Nhược điểm thuộc tính】khác nhau, thì sẽ kích hoạt trạng thái 【Nhược điểm dễ bị thương】. Có thể khiến nó tăng sát thương trong 15 giây lên #G20%#E.",1,60.0,0
2107102703,Khám phá điểm yếu Khiên Ti,"Sử dụng Kim Ngọc Thủ có thể đánh vỡ mục tiêu【Khiên Ti Nhược Điểm】5 giây, gây ra #G1200%#E sát thương hệ số tấn công. Nếu mục tiêu đồng thời bị phá vỡ 3 【Nhược Điểm Thuộc Tính】khác nhau, thì sẽ kích hoạt trạng thái 【Nhược Điểm Dễ Bị Thương】. Có thể khiến nó trong 15 giây chịu sát thương tăng thêm #G20%#E.",1,60.0,0
2107102704,Khám phá điểm yếu Phá Trúc,"Sử dụng Kim Ngọc Thủ có thể đánh vỡ mục tiêu【Phá Trúc nhược điểm】5 giây, gây ra #G1200%#E sát thương hệ số tấn công. Nếu mục tiêu đồng thời bị phá vỡ 3【Nhược điểm thuộc tính】khác nhau, sẽ kích hoạt trạng thái【Nhược điểm dễ bị thương】. Có thể khiến nó trong 15 giây chịu sát thương tăng #G20%#E.",1,60.0,0
2107102705,Điểm yếu Minh Kim bị phá vỡ,"【Minh Kim nhược điểm】bị đánh vỡ. Nếu đồng thời bị đánh vỡ 3 thuộc tính khác nhau【Thuộc tính nhược điểm】, thì sẽ kích hoạt【Nhược điểm dịch thương】trạng thái. Trong 15 giây chịu sát thương tăng #G20%#E.",1,5.0,0
2107102706,Điểm yếu Liệt Thạch bị phá,"【Liệt Thạch Nhược Điểm】bị phá. Nếu đồng thời bị phá 3 【Nhược Điểm Thuộc Tính】khác nhau, sẽ kích hoạt trạng thái 【Nhược Điểm Dễ Thương】. Trong 15 giây chịu sát thương tăng #G20%#E.",1,5.0,0
2107102707,Khiên Ti điểm yếu bị phá,"【Khiên Ti Nhược Điểm】bị phá. Nếu đồng thời bị phá 3 【Nhược Điểm Thuộc Tính】khác nhau, sẽ kích hoạt trạng thái 【Nhược Điểm Dễ Bị Thương】. Trong 15 giây chịu sát thương tăng #G20%#E.",1,5.0,0
2107102708,Phá Trúc nhược điểm bị đánh vỡ,"【Phá Trúc nhược điểm】 bị đánh vỡ. Nếu đồng thời bị đánh vỡ 3 【Nhược điểm thuộc tính】 khác nhau, thì sẽ kích hoạt trạng thái 【Nhược điểm dịch thương】. Trong 15 giây chịu sát thương tăng #G20%#E.",1,5.0,0
2107102709,Sơ Hở Dễ Bị Thương,"Đồng thời bị phá vỡ 3 【Điểm Yếu Thuộc Tính】 khác nhau, trong 15 giây chịu sát thương tăng #G20%#E.",1,15.0,0
2107102801,"Nhánh 3 của nút 3, hiệu ứng phụ",,1,-1.0,0
2107102802,Nút 3 nhánh 3 con buff,,1,-1.0,0
2107105101,Đánh dấu sát thương cho mục tiêu Khí Kiệt,,5,17.0,0
2107105401,Bên ngoài dán phù hiệu,,1,-1.0,0
2107105501,Ký hiệu thức ăn mang đi,,1,-1.0,0
2107105601,Hồi phục Khí Huyết,,1,1.0,0
2107105701,Vô Tướng Kim Thân đánh dấu,,1,3.0,0
2107105702,Bất diệt,"Lần tiếp theo bất kỳ kỹ năng nào trúng địch, sẽ gây thêm một lần sát thương cố định. Nếu gây sát thương cố định khi bản thân khí huyết dưới 30%, thì sát thương tăng 60%.",1,60.0,0
2107105801,Kỵ Long Hồi Mã ký hiệu,,1,3.0,0
2107105802,Võ học kỹ năng tăng thương,#YVõ học#E kỹ năng sát thương tăng #G20%#E,1,10.0,0
2107105901,Tăng sát thương bạo nhiên,"Sát thương bạo nhiên tăng #G8%#E, tối đa cộng dồn 20 tầng.",20,60.0,0
2107105902,Siêu nổ lớn,"Khiến cho lần sau Thái Bạch Túy Nguyệt sẽ tạo ra bạo kích siêu lớn, gây ra #G2000%#E Sát thương Tấn công.",1,60.0,0
2108072701,Dễ bị thương,Tăng 10% sát thương nhận vào.,1,12.0,0
2108072801,Tích lực tăng sát thương,Tăng 20% sát thương Kỹ năng Trọng Kích trong vòng 12 giây.,1,12.0,0
2108072901,Trừ máu,"Mỗi lần thi triển đều bỏ qua lá chắn, tự trừ khí huyết bằng 60% giá trị hiện tại",1,1.0,0
2108073001,Tích lực tăng thương,Kỹ năng Trọng Kích của bản thân tăng 10% sát thương trong 12 giây.,1,12.0,0
2108073301,Khiên miễn thương,Miễn nhiễm một lần sát thương.,1,3.0,0
2108073601,Tăng sát thương Khinh Kích,Tăng 10% sát thương Khinh Kích gây ra trong vòng 12 giây.,1,5.0,0
2108073701,Sát thương thực + cộng thêm sát thương,Sát thương và Chân khí sát thương tăng 35%.,1,12.0,0
2108073801,Tăng sát thương nhận vào,"Trong 3 giây nhận sát thương tăng 4%, tối đa cộng dồn 10 tầng.",10,5.0,0
2108073901,Chảy máu tăng sát thương,Tăng 10% sát thương chảy máu và sát thương chảy máu cao trong vòng 12 giây.,1,12.0,0
2108074201,Sát thương cộng thêm của Đòn Nặng/Nhẹ,"Trong 12 giây, sát thương gây ra từ Khinh Kích, trọng kích và tích lực tăng 10%.",1,12.0,0
2108074401,Sát thương Bạo Kích giảm,Mỗi 1 tầng giảm 1% sát thương Bạo Kích.,40,1.2,0
2108074801,Định Thân,"Bị định thân, không thể di chuyển hoặc sử dụng hầu hết kỹ năng",1,1.5,0
2108075101,Định Thân,"Bị định thân, không thể di chuyển hoặc sử dụng phần lớn kỹ năng",1,1.5,0
2108075301,Tăng sát thương kỹ năng võ học,Sát thương kỹ năng võ học tăng 10%.,1,12.0,0
2108075501,Tăng sát thương Bạo Kích,Sát thương Bạo Kích tăng 5%.,5,10.0,0
2108075601,Hồng,Hồng,8,600.0,0
2108075602,Thiên Lôi Khai Ngộ · Hồng,Thiên Lôi Khai Ngộ · Hồng,1,10.0,0
2108075701,Bóng,Ảnh,8,600.0,0
2108075702,Thiên Lôi Khai Ngộ · Ảnh,Thiên Lôi Khai Ngộ · Ảnh,1,10.0,0
2108075801,Ngọc,Ngọc,8,600.0,0
2108075802,Thiên Lôi Khai Ngộ · Ngọc,Thiên Lôi Khai Ngộ · Ngọc,1,10.0,0
2108075901,Uy,Uy,8,600.0,0
2108075902,Thiên Lôi Khai Ngộ · Uy,Thiên Lôi Khai Ngộ · Uy,1,10.0,0
2108076001,Gió,Gió,8,600.0,0
2108076002,Lôi Ngộ Đạo Phong,Thiên Lôi Khai Ngộ · Phong,1,10.0,0
2108076101,Trần,Trần,8,600.0,0
2108076102,Thiên Lôi Khai Ngộ · Trần,Thiên Lôi Khai Ngộ · Trần,1,10.0,0
2108076301,Tích lực tăng thương,Sát thương Kỹ năng Trọng Kích gây ra tăng 10%.,1,12.0,0
2108076401,Cộng thêm sát thương,Tăng 25% sát thương.,1,10.0,0
2108076501,Tăng sát thương nhận vào,"Sát thương nhận vào tăng 5%, tối đa có thể cộng dồn 5 tầng.",5,8.0,0
2109001201,Giáng liệu,Chịu trị liệu giảm 50%.,1,10.0,0
2109001901,Hiệu ứng Trống Rỗng,,1,1.0,0
2109002001,Không buff,,1,1.0,0
7007430101,Bất Tử,,1,-1.0,0
9800001001,Bá thể cấp 3,,1,-1.0,0
9800001007,Hóa Kình,"Hóa giải 【Hỏa xâm lược】, có thể trị bệnh cho nó",1,-1.0,0
9800001008,Khí Nhiếp Bách Thú,"Tâm thần kinh hãi, liên tục bị thương, không thể xua tan",1,-1.0,0
9800001011,Trấn Quan Chi Uy · Nhất,Tấn công xen kẽ hai lần,1,-1.0,0
9800001012,Uy Chấn Quan ải · Nhị,"Liên tục tấn công ba lần, Trấn Quan Hống tăng thêm Khí Huyết",1,-1.0,0
9800001013,Trấn Quan Chi Uy · Tam,"Triệu hồi ảo ảnh, thay phiên tấn công bốn lần, Trấn Quan Hống tăng thêm Khí Huyết và sát thương",1,-1.0,0
9800001021,Nhiếp Vân Ngự Khí · Nhất,Xông về mục tiêu một lần,1,-1.0,0
9800001022,Niếp Vân Ngự Khí · Nhị,"Về phía mục tiêu liên tục xung phong hai lần, Trấn Quan Hống tăng thêm Khí Huyết",1,-1.0,0
9800001023,Niệp Vân Ngự Khí · Tam,"Triều mục tiêu liên tục xung phong ba lần, Trấn Quan Hống tăng thêm Khí Huyết và sát thương.",1,-1.0,0
9800001031,Xích Tung Phần Phong · Nhất,Phun cột lửa về phía mục tiêu,1,-1.0,0
9800001032,Xích Tông Phần Phong · nhị,"Phun ra ba cột lửa về phía mục tiêu, trấn quan hống tăng thêm Khí Huyết",1,-1.0,0
9800001033,Xích Tung Phần Phong · Tam,"Phun ra bốn cột lửa về phía mục tiêu và mở rộng phạm vi sát thương, Trấn Quan Hống tăng thêm Khí Huyết và sát thương",1,-1.0,0
9800001041,Hô Lôi Sách Đình · Nhất,Rơi xuống gây sát thương,1,-1.0,0
9800001042,Hô Lôi Sách Đình · Nhị,"Rơi xuống gây sát thương diện rộng, Trấn Quan Hống tăng thêm Khí Huyết",1,-1.0,0
9800001043,Hô Lôi Sách Đình · Tam,"Rơi xuống gây sát thương diện rộng và tồn tại các điểm sao giả, Trấn Quan Hống tăng thêm Khí Huyết và sát thương",1,-1.0,0
9800001045,Tháo khóa,,1,-1.0,0
9800001051,Thôn Sơn Hám Nhạc · Nhất,Gây sát thương phạm vi,1,-1.0,0
9800001052,Thôn Sơn Hám Nhạc · Nhị,"Gây ra ba lần phạm vi sát thương và kèm theo khống chế, Trấn Quan Hống tăng thêm Khí Huyết",1,-1.0,0
9800001053,Thôn Sơn Hám Nhạc · Tam,"Gây ra ba lần sát thương phạm vi và kèm theo khống chế mạnh, Trấn Quan Hống tăng thêm Khí Huyết và sát thương",1,-1.0,0
9800001061,Lôi Bôn Vân Quyết · Nhất,Gây sát thương khi nhào tới,1,-1.0,0
9800001062,Lôi Bôn Vân Quật · Nhị,"Phi phốc gây sát thương và va chạm, Trấn Quan Hống tăng thêm Khí Huyết",1,-1.0,0
9800001063,Lôi Bôn Vân Quyết · Tam,"Nhào lộn gây sát thương và xung kích, tại chỗ để lại sát thương, Trấn Quan Hống tăng thêm Khí Huyết và sát thương",1,-1.0,0
9800001071,Xâm lược như hỏa·Nhất,Tối đa phóng ba quả đạn,1,-1.0,0
9800001072,Xâm lược như hỏa · Nhị,"Tối đa phóng thích năm quả đạn, Trấn Quan Hống tăng thêm Khí Huyết",1,-1.0,0
9800001073,Xâm Lược Như Hỏa·Tam,"Phóng ra nhiều nhất mười quả tên lửa, Trấn Quan Hống tăng thêm Khí Huyết và sát thương",1,-1.0,0
9800001081,Khí Nhiếp Bách Thú,Cấu hình cách chơi kết hợp thị giác ly rượu,1,-1.0,0
9800001091,Tinh Lưu Đình Kích,"Cách nhau một khoảng thời gian cố định, rơi xuống thiên thạch",1,-1.0,0
9800001092,Tinh Lưu Đình Kích,"Vẫn kích sắp đến, tránh xa đám đông để gỡ thế",1,-1.0,0
9800001093,Tinh Lưu Đình Kích,,1,-1.0,0
9800001094,"Không thể khóa, không thể chọn",,1,-1.0,0
9800001101,Tê Tượng Đốn Phục,Cấm Du Hiệp nhảy,1,-1.0,0
9800001102,Tê Tượng Đốn Phục,"Gánh nặng, không thể nhảy",1,-1.0,0
9800001111,Nguyên khí nhiều hơn*cấp một,Khí Huyết ban đầu tăng 10%,1,-1.0,0
9800001112,Nhiều nguyên khí hơn * cấp hai,Khí Huyết ban đầu tăng 50%,1,-1.0,0
9800001113,Nhiều nguyên khí hơn*cấp ba,Khí Huyết ban đầu tăng 100%,1,-1.0,0
9800001201,Không thể khóa,,1,-1.0,0
9800001202,Độn Địa + Va Chạm,,1,-1.0,0
9800001203,Thoát khóa,,1,-1.0,0
9800001210,Vũ khí cao lượng BUFF,,1,-1.0,0
9800001211,Diệu Thủ Mê Hồn,,1,-1.0,0
9800001212,Đưa đây,"Hỏng thay, hỏng thay",1,8.0,0
9800001213,Hiệu ứng làm nổi bật vũ khí 2,,1,-1.0,0
9813111401,Vô địch,,1,-1.0,0
9813113501,Định Thân,"Định thân, trong thời gian này mất khả năng nhận thức, chịu sát thương sẽ khôi phục bình thường",1,6.0,0
